page	reference_only	svg_only	reference_only_chars	svg_only_chars	note
1	0	3		U+002D:-×2,U+0031:1×1	-
2	0	3		U+002D:-×2,U+0032:2×1	-
3	0	3		U+002D:-×2,U+0033:3×1	-
4	0	3		U+002D:-×2,U+0034:4×1	-
5	0	0			-
6	0	0			-
7	0	0			-
8	0	0			-
9	0	0			-
10	0	0			-
11	0	0			-
12	0	0			-
13	0	0			-
14	0	0			-
15	0	0			-
16	0	0			-
17	0	0			-
18	0	0			-
19	0	0			-
20	0	0			-
21	0	0			-
22	0	0			-
23	0	0			-
24	0	0			-
25	0	0			-
26	0	21		U+0029:)×1,U+0031:1×2,U+0032:2×1,U+0036:6×1,U+0041:A×1,U+0061:a×2,U+0064:d×1,U+0065:e×1,U+006C:l×1,U+006D:m×1,U+0074:t×1,U+ACE0:\uace0×1,U+B0B4:\ub0b4×1,U+B17C:\ub17c×1,U+BB38:\ubb38×2,U+BC88:\ubc88×1,U+CC38:\ucc38×1,U+D5CC:\ud5cc×1	-
27	21	0	U+0029:)×1,U+0031:1×2,U+0032:2×1,U+0036:6×1,U+0041:A×1,U+0061:a×2,U+0064:d×1,U+0065:e×1,U+006C:l×1,U+006D:m×1,U+0074:t×1,U+ACE0:\uace0×1,U+B0B4:\ub0b4×1,U+B17C:\ub17c×1,U+BB38:\ubb38×2,U+BC88:\ubc88×1,U+CC38:\ucc38×1,U+D5CC:\ud5cc×1		-
28	0	0			-
29	0	0			-
30	0	0			-
31	0	0			-
32	0	0			-
33	0	0			-
34	0	0			-
35	0	0			-
36	0	0			-
37	0	0			-
38	0	0			-
39	0	0			-
40	0	0			-
41	0	0			-
42	0	0			-
43	0	11		U+0025:%×1,U+0028:(×1,U+0029:)×1,U+002E:.×2,U+0034:4×1,U+0037:7×2,U+C5C8:\uc5c8×1,U+C74C:\uc74c×1,U+C774:\uc774×1	-
44	8	11	U+0025:%×1,U+0028:(×1,U+0029:)×1,U+002E:.×1,U+0034:4×1,U+0037:7×2,U+C774:\uc774×1	U+002C:,×1,U+0030:0×1,U+0032:2×1,U+003C:<×1,U+003E:>×1,U+AC19:\uac19×1,U+ACFC:\uacfc×1,U+B418:\ub418×1,U+BA70:\uba70×1,U+C73C:\uc73c×1,U+D45C:\ud45c×1	-
45	14	0	U+002C:,×1,U+002E:.×1,U+0030:0×1,U+0032:2×1,U+003C:<×1,U+003E:>×1,U+AC19:\uac19×1,U+ACFC:\uacfc×1,U+B418:\ub418×1,U+BA70:\uba70×1,U+C5C8:\uc5c8×1,U+C73C:\uc73c×1,U+C74C:\uc74c×1,U+D45C:\ud45c×1		-
46	0	0			-
47	0	0			-
48	0	0			-
49	0	0			-
50	0	0			-
51	0	0			-
52	83	0	U+0029:)×1,U+002E:.×3,U+002F:/×5,U+0030:0×1,U+0031:1×1,U+0036:6×1,U+003A::×1,U+003D:=×1,U+003F:?×1,U+0043:C×1,U+0053:S×2,U+0061:a×6,U+0062:b×1,U+0063:c×1,U+0064:d×1,U+0065:e×3,U+0066:f×1,U+0068:h×3,U+0069:i×4,U+006C:l×2,U+006D:m×1,U+006E:n×8,U+006F:o×5,U+0070:p×4,U+0072:r×2,U+0073:s×5,U+0074:t×11,U+0075:u×3,U+0077:w×4		-
53	73	21	U+0022:"×2,U+0028:(×1,U+0029:)×1,U+002C:,×2,U+002E:.×1,U+0030:0×1,U+0031:1×3,U+0032:2×2,U+0037:7×2,U+0038:8×1,U+0044:D×1,U+0047:G×1,U+0049:I×1,U+004B:K×2,U+004C:L×2,U+004F:O×1,U+0054:T×1,U+0061:a×5,U+0063:c×4,U+0064:d×3,U+0065:e×7,U+0067:g×2,U+0069:i×8,U+006B:k×1,U+006C:l×6,U+006E:n×5,U+006F:o×1,U+0072:r×3,U+0076:v×2,U+0079:y×1	U+002F:/×5,U+003D:=×1,U+003F:?×1,U+0043:C×1,U+0062:b×1,U+0068:h×2,U+006D:m×1,U+0073:s×2,U+0074:t×3,U+0077:w×4	-
54	0	135		U+0022:"×2,U+0028:(×1,U+0029:)×2,U+002C:,×2,U+002E:.×4,U+0030:0×2,U+0031:1×4,U+0032:2×2,U+0036:6×1,U+0037:7×2,U+0038:8×1,U+003A::×1,U+0044:D×1,U+0047:G×1,U+0049:I×1,U+004B:K×2,U+004C:L×2,U+004F:O×1,U+0053:S×2,U+0054:T×1,U+0061:a×11,U+0063:c×5,U+0064:d×4,U+0065:e×10,U+0066:f×1,U+0067:g×2,U+0068:h×1,U+0069:i×12,U+006B:k×1,U+006C:l×8,U+006E:n×13,U+006F:o×6,U+0070:p×4,U+0072:r×5,U+0073:s×3,U+0074:t×8,U+0075:u×3,U+0076:v×2,U+0079:y×1	-
55	0	0			-
56	0	0			-
57	0	0			-
58	0	0			-
59	0	0			-
60	0	0			-
61	0	0			-
62	0	0			-
63	0	0			-
64	0	0			-
65	0	0			-
66	153	0	U+0026:&×1,U+0028:(×3,U+0029:)×4,U+002C:,×2,U+0032:2×1,U+0034:4×1,U+0037:7×2,U+0041:A×10,U+0043:C×10,U+0044:D×8,U+0045:E×13,U+0046:F×4,U+0047:G×1,U+0048:H×4,U+0049:I×9,U+004C:L×1,U+004D:M×5,U+004E:N×7,U+004F:O×3,U+0050:P×2,U+0052:R×9,U+0053:S×9,U+0054:T×8,U+0055:U×1,U+0056:V×3,U+0061:a×3,U+0062:b×2,U+0063:c×2,U+0065:e×4,U+0068:h×3,U+0069:i×2,U+006C:l×3,U+0070:p×2,U+0072:r×2,U+0074:t×4,U+0075:u×2,U+2192:\u2192×3		-
67	0	153		U+0026:&×1,U+0028:(×3,U+0029:)×4,U+002C:,×2,U+0032:2×1,U+0034:4×1,U+0037:7×2,U+0041:A×10,U+0043:C×10,U+0044:D×8,U+0045:E×13,U+0046:F×4,U+0047:G×1,U+0048:H×4,U+0049:I×9,U+004C:L×1,U+004D:M×5,U+004E:N×7,U+004F:O×3,U+0050:P×2,U+0052:R×9,U+0053:S×9,U+0054:T×8,U+0055:U×1,U+0056:V×3,U+0061:a×3,U+0062:b×2,U+0063:c×2,U+0065:e×4,U+0068:h×3,U+0069:i×2,U+006C:l×3,U+0070:p×2,U+0072:r×2,U+0074:t×4,U+0075:u×2,U+2192:\u2192×3	-
68	0	0			-
69	0	0			-
70	0	0			-
71	0	0			-
72	0	29		U+0028:(×1,U+0029:)×2,U+0031:1×1,U+0034:4×1,U+0038:8×1,U+0039:9×1,U+0061:a×1,U+0064:d×1,U+0065:e×2,U+006C:l×1,U+0072:r×1,U+0074:t×1,U+AC04:\uac04×1,U+AE30:\uae30×2,U+C0C1:\uc0c1×1,U+C138:\uc138×1,U+C57C:\uc57c×1,U+C5B4:\uc5b4×1,U+C740:\uc740×1,U+C774:\uc774×2,U+C7A5:\uc7a5×1,U+C99D:\uc99d×1,U+C9C0:\uc9c0×1,U+CE5C:\uce5c×1,U+D568:\ud568×1	-
73	0	0			-
74	172	40	U+0029:)×1,U+002D:-×8,U+002E:.×6,U+002F:/×7,U+0030:0×5,U+0031:1×16,U+0032:2×10,U+0034:4×3,U+0035:5×1,U+0038:8×1,U+0039:9×1,U+003A::×1,U+0043:C×3,U+0046:F×3,U+0050:P×1,U+0052:R×4,U+0053:S×1,U+005B:[×1,U+005D:]×1,U+0061:a×6,U+0063:c×3,U+0064:d×3,U+0065:e×11,U+0066:f×1,U+0067:g×4,U+0068:h×1,U+0069:i×6,U+006C:l×5,U+006D:m×2,U+006E:n×8,U+006F:o×7,U+0070:p×4,U+0071:q×1,U+0072:r×8,U+0073:s×4,U+0074:t×12,U+0075:u×2,U+0076:v×3,U+0077:w×3,U+0079:y×1,U+ADFC:\uadfc×1,U+C77C:\uc77c×1,U+C811:\uc811×1	U+002C:,×3,U+ACE0:\uace0×1,U+AD00:\uad00×2,U+AE30:\uae30×1,U+B300:\ub300×1,U+B3D9:\ub3d9×1,U+B97C:\ub97c×2,U+B9AC:\ub9ac×2,U+BA70:\uba70×1,U+BCF4:\ubcf4×2,U+C2A4:\uc2a4×1,U+C2DC:\uc2dc×1,U+C57C:\uc57c×1,U+C5D0:\uc5d0×1,U+C601:\uc601×1,U+C6B4:\uc6b4×1,U+C704:\uc704×1,U+C720:\uc720×1,U+C744:\uc744×1,U+C790:\uc790×2,U+C815:\uc815×3,U+C9C0:\uc9c0×1,U+D15C:\ud15c×1,U+D558:\ud558×3,U+D55C:\ud55c×2,U+D574:\ud574×1,U+D654:\ud654×1,U+D655:\ud655×1	-
75	40	172	U+002C:,×3,U+ACE0:\uace0×1,U+AD00:\uad00×2,U+AE30:\uae30×1,U+B300:\ub300×1,U+B3D9:\ub3d9×1,U+B97C:\ub97c×2,U+B9AC:\ub9ac×2,U+BA70:\uba70×1,U+BCF4:\ubcf4×2,U+C2A4:\uc2a4×1,U+C2DC:\uc2dc×1,U+C57C:\uc57c×1,U+C5D0:\uc5d0×1,U+C601:\uc601×1,U+C6B4:\uc6b4×1,U+C704:\uc704×1,U+C720:\uc720×1,U+C744:\uc744×1,U+C790:\uc790×2,U+C815:\uc815×3,U+C9C0:\uc9c0×1,U+D15C:\ud15c×1,U+D558:\ud558×3,U+D55C:\ud55c×2,U+D574:\ud574×1,U+D654:\ud654×1,U+D655:\ud655×1	U+0029:)×1,U+002D:-×8,U+002E:.×6,U+002F:/×7,U+0030:0×5,U+0031:1×16,U+0032:2×10,U+0034:4×3,U+0035:5×1,U+0038:8×1,U+0039:9×1,U+003A::×1,U+0043:C×3,U+0046:F×3,U+0050:P×1,U+0052:R×4,U+0053:S×1,U+005B:[×1,U+005D:]×1,U+0061:a×6,U+0063:c×3,U+0064:d×3,U+0065:e×11,U+0066:f×1,U+0067:g×4,U+0068:h×1,U+0069:i×6,U+006C:l×5,U+006D:m×2,U+006E:n×8,U+006F:o×7,U+0070:p×4,U+0071:q×1,U+0072:r×8,U+0073:s×4,U+0074:t×12,U+0075:u×2,U+0076:v×3,U+0077:w×3,U+0079:y×1,U+ADFC:\uadfc×1,U+C77C:\uc77c×1,U+C811:\uc811×1	-
76	0	0			-
77	0	0			-
78	0	905		U+0028:(×14,U+0029:)×16,U+002C:,×4,U+002D:-×7,U+002E:.×1,U+002F:/×3,U+0030:0×11,U+0031:1×8,U+0032:2×8,U+0033:3×1,U+0035:5×1,U+0037:7×5,U+0038:8×3,U+0039:9×3,U+0041:A×2,U+0042:B×3,U+0043:C×10,U+0044:D×3,U+0045:E×9,U+0048:H×4,U+0049:I×2,U+004A:J×1,U+004E:N×1,U+004F:O×2,U+0050:P×3,U+0052:R×6,U+0053:S×1,U+0054:T×3,U+0055:U×2,U+005B:[×3,U+005D:]×3,U+0061:a×50,U+0062:b×2,U+0063:c×14,U+0064:d×14,U+0065:e×37,U+0066:f×19,U+0067:g×14,U+0068:h×7,U+0069:i×51,U+006B:k×2,U+006C:l×21,U+006D:m×14,U+006E:n×80,U+006F:o×65,U+0070:p×9,U+0071:q×1,U+0072:r×26,U+0073:s×24,U+0074:t×42,U+0075:u×23,U+0076:v×8,U+0079:y×3,U+007A:z×1,U+00B7:\xb7×1,U+2019:\u2019×2,U+300C:\u300c×7,U+300D:\u300d×7,U+AC00:\uac00×2,U+AC04:\uac04×2,U+AC1C:\uac1c×1,U+AC70:\uac70×2,U+ACA9:\uaca9×1,U+ACB0:\uacb0×4,U+ACF5:\uacf5×2,U+ACFC:\uacfc×3,U+AD00:\uad00×5,U+AD6C:\uad6c×2,U+AD6D:\uad6d×2,U+AD8C:\uad8c×2,U+ADFC:\uadfc×1,U+AE30:\uae30×5,U+B098:\ub098×1,U+B0B4:\ub0b4×1,U+B300:\ub300×1,U+B3D9:\ub3d9×1,U+B4E4:\ub4e4×1,U+B798:\ub798×1,U+B7FD:\ub7fd×6,U+B825:\ub825×1,U+B85C:\ub85c×1,U+B960:\ub960×1,U+B9E4:\ub9e4×6,U+BB3C:\ubb3c×3,U+BC0F:\ubc0f×1,U+BC29:\ubc29×2,U+BC95:\ubc95×3,U+BCC4:\ubcc4×1,U+C0AC:\uc0ac×2,U+C0DD:\uc0dd×2,U+C11C:\uc11c×3,U+C131:\uc131×1,U+C18D:\uc18d×1,U+C2DC:\uc2dc×1,U+C2DD:\uc2dd×3,U+C2E0:\uc2e0×2,U+C548:\uc548×5,U+C57D:\uc57d×9,U+C5C6:\uc5c6×1,U+C5D0:\uc5d0×8,U+C678:\uc678×1,U+C6A9:\uc6a9×1,U+C6D0:\uc6d0×3,U+C704:\uc704×2,U+C720:\uc720×8,U+C73C:\uc73c×2,U+C740:\uc740×1,U+C744:\uc744×1,U+C758:\uc758×18,U+C774:\uc774×4,U+C778:\uc778×5,U+C77C:\uc77c×1,U+C784:\uc784×1,U+C790:\uc790×1,U+C7A5:\uc7a5×4,U+C801:\uc801×4,U+C804:\uc804×1,U+C815:\uc815×4,U+C81C:\uc81c×3,U+C870:\uc870×2,U+C900:\uc900×1,U+C99D:\uc99d×1,U+C9C0:\uc9c0×4,U+C9C8:\uc9c8×2,U+CC28:\ucc28×2,U+CCB4:\uccb4×3,U+CD94:\ucd94×1,U+CE58:\uce58×1,U+CE68:\uce68×2,U+D1B5:\ud1b5×3,U+D3C9:\ud3c9×1,U+D45C:\ud45c×1,U+D55C:\ud55c×8,U+D589:\ud589×2,U+D611:\ud611×7,U+D615:\ud615×1,U+D68C:\ud68c×8	-
79	0	1734		U+0028:(×28,U+0029:)×40,U+002C:,×5,U+002D:-×19,U+002F:/×6,U+0030:0×32,U+0031:1×42,U+0032:2×28,U+0033:3×7,U+0034:4×6,U+0035:5×9,U+0036:6×6,U+0037:7×5,U+0038:8×5,U+0039:9×3,U+003A::×6,U+0041:A×3,U+0043:C×13,U+0044:D×2,U+0045:E×5,U+0046:F×1,U+004C:L×1,U+004D:M×10,U+004E:N×1,U+004F:O×4,U+0050:P×3,U+0052:R×22,U+0053:S×2,U+0054:T×4,U+0055:U×4,U+005B:[×4,U+005D:]×4,U+005F:_×1,U+0061:a×87,U+0062:b×8,U+0063:c×28,U+0064:d×30,U+0065:e×101,U+0066:f×18,U+0067:g×19,U+0068:h×15,U+0069:i×87,U+006B:k×4,U+006C:l×37,U+006D:m×40,U+006E:n×117,U+006F:o×109,U+0070:p×18,U+0072:r×49,U+0073:s×59,U+0074:t×109,U+0075:u×15,U+0076:v×7,U+0077:w×4,U+0079:y×5,U+007A:z×1,U+300C:\u300c×13,U+300D:\u300d×15,U+AC00:\uac00×4,U+AC04:\uac04×3,U+AC1C:\uac1c×1,U+AC70:\uac70×1,U+ACA9:\uaca9×1,U+ACB0:\uacb0×7,U+ACBD:\uacbd×1,U+ACC4:\uacc4×2,U+ACE0:\uace0×7,U+ACF5:\uacf5×1,U+ACFC:\uacfc×1,U+AD00:\uad00×12,U+AD6C:\uad6c×3,U+AD6D:\uad6d×5,U+AD8C:\uad8c×7,U+ADF8:\uadf8×1,U+AE30:\uae30×24,U+B0B4:\ub0b4×1,U+B144:\ub144×1,U+B294:\ub294×5,U+B2A5:\ub2a5×1,U+B300:\ub300×10,U+B370:\ub370×1,U+B3D9:\ub3d9×3,U+B418:\ub418×1,U+B4F1:\ub4f1×1,U+B7A8:\ub7a8×1,U+B7FD:\ub7fd×5,U+B808:\ub808×1,U+B825:\ub825×2,U+B85C:\ub85c×4,U+B85D:\ub85d×1,U+B8CC:\ub8cc×1,U+B97C:\ub97c×1,U+B9AC:\ub9ac×4,U+B9BD:\ub9bd×2,U+B9E4:\ub9e4×8,U+BB38:\ubb38×1,U+BC0F:\ubc0f×9,U+BC16:\ubc16×1,U+BC1C:\ubc1c×1,U+BC30:\ubc30×1,U+BC95:\ubc95×1,U+BD80:\ubd80×1,U+BE44:\ube44×1,U+C0AC:\uc0ac×4,U+C0B4:\uc0b4×2,U+C0C1:\uc0c1×1,U+C0DD:\uc0dd×2,U+C11C:\uc11c×5,U+C120:\uc120×1,U+C124:\uc124×4,U+C131:\uc131×3,U+C18C:\uc18c×3,U+C18D:\uc18d×1,U+C218:\uc218×3,U+C2A4:\uc2a4×2,U+C2DC:\uc2dc×4,U+C2DD:\uc2dd×12,U+C2E0:\uc2e0×2,U+C2E4:\uc2e4×1,U+C544:\uc544×2,U+C548:\uc548×10,U+C5C6:\uc5c6×2,U+C5D0:\uc5d0×20,U+C601:\uc601×1,U+C640:\uc640×2,U+C6A9:\uc6a9×1,U+C6B0:\uc6b0×1,U+C6B4:\uc6b4×1,U+C6D0:\uc6d0×4,U+C6D4:\uc6d4×1,U+C704:\uc704×3,U+C720:\uc720×8,U+C73C:\uc73c×1,U+C744:\uc744×1,U+C758:\uc758×25,U+C774:\uc774×13,U+C778:\uc778×3,U+C77C:\uc77c×1,U+C784:\uc784×1,U+C788:\uc788×2,U+C790:\uc790×6,U+C7A5:\uc7a5×12,U+C7AC:\uc7ac×2,U+C801:\uc801×3,U+C804:\uc804×1,U+C808:\uc808×1,U+C815:\uc815×3,U+C81C:\uc81c×1,U+C870:\uc870×1,U+C874:\uc874×3,U+C8FC:\uc8fc×1,U+C900:\uc900×2,U+C99D:\uc99d×7,U+C9C0:\uc9c0×1,U+C9C4:\uc9c4×1,U+C9D1:\uc9d1×2,U+CC28:\ucc28×3,U+CC45:\ucc45×3,U+CD09:\ucd09×1,U+CD5C:\ucd5c×1,U+CD94:\ucd94×1,U+CE58:\uce58×3,U+D0C0:\ud0c0×1,U+D130:\ud130×2,U+D15C:\ud15c×1,U+D1B5:\ud1b5×2,U+D2B8:\ud2b8×1,U+D310:\ud310×1,U+D3C9:\ud3c9×2,U+D3EC:\ud3ec×1,U+D45C:\ud45c×1,U+D504:\ud504×1,U+D55C:\ud55c×17,U+D589:\ud589×4,U+D5C8:\ud5c8×1,U+D611:\ud611×1,U+D615:\ud615×1,U+D654:\ud654×1,U+D65C:\ud65c×1,U+D68C:\ud68c×5,U+D68D:\ud68d×1	-
80	0	0			-
81	0	0			-
82	0	0			-
83	25	0	U+0029:)×1,U+002E:.×2,U+002F:/×3,U+0030:0×1,U+0031:1×1,U+0033:3×1,U+003A::×1,U+0064:d×1,U+0065:e×2,U+0068:h×1,U+006F:o×1,U+0070:p×1,U+0071:q×1,U+0073:s×1,U+0074:t×2,U+0075:u×2,U+0077:w×3		-
84	136	2	U+0028:(×1,U+0029:)×2,U+002E:.×2,U+002F:/×2,U+0031:1×1,U+0033:3×3,U+0043:C×1,U+0045:E×1,U+0046:F×1,U+0052:R×1,U+0055:U×1,U+005F:_×1,U+0061:a×7,U+0063:c×1,U+0064:d×2,U+0065:e×8,U+0066:f×4,U+0067:g×1,U+0068:h×4,U+0069:i×2,U+006C:l×2,U+006D:m×1,U+006E:n×6,U+006F:o×5,U+0070:p×5,U+0072:r×8,U+0074:t×7,U+0075:u×3,U+0078:x×1,U+300D:\u300d×1,U+AC00:\uac00×1,U+ACE0:\uace0×1,U+ACFC:\uacfc×1,U+AD00:\uad00×1,U+AED8:\uaed8×1,U+B144:\ub144×3,U+B294:\ub294×1,U+B2F9:\ub2f9×1,U+B3C4:\ub3c4×1,U+B418:\ub418×2,U+B41C:\ub41c×1,U+B4E0:\ub4e0×1,U+B824:\ub824×1,U+B828:\ub828×1,U+B839:\ub839×1,U+BA70:\uba70×1,U+BAA8:\ubaa8×1,U+BBF8:\ubbf8×3,U+C120:\uc120×1,U+C131:\uc131×4,U+C219:\uc219×1,U+C57C:\uc57c×1,U+C5B4:\uc5b4×1,U+C5F0:\uc5f0×1,U+C640:\uc640×2,U+C704:\uc704×2,U+C740:\uc740×1,U+C758:\uc758×3,U+C774:\uc774×2,U+C775:\uc775×1,U+C790:\uc790×2,U+CD5C:\ucd5c×1,U+D558:\ud558×1,U+D568:\ud568×1,U+D574:\ud574×1,U+D589:\ud589×2	U+0030:0×1,U+0071:q×1	-
85	0	159		U+0028:(×1,U+0029:)×3,U+002E:.×4,U+002F:/×5,U+0031:1×2,U+0033:3×4,U+003A::×1,U+0043:C×1,U+0045:E×1,U+0046:F×1,U+0052:R×1,U+0055:U×1,U+005F:_×1,U+0061:a×7,U+0063:c×1,U+0064:d×3,U+0065:e×10,U+0066:f×4,U+0067:g×1,U+0068:h×5,U+0069:i×2,U+006C:l×2,U+006D:m×1,U+006E:n×6,U+006F:o×6,U+0070:p×6,U+0072:r×8,U+0073:s×1,U+0074:t×9,U+0075:u×5,U+0077:w×3,U+0078:x×1,U+300D:\u300d×1,U+AC00:\uac00×1,U+ACE0:\uace0×1,U+ACFC:\uacfc×1,U+AD00:\uad00×1,U+AED8:\uaed8×1,U+B144:\ub144×3,U+B294:\ub294×1,U+B2F9:\ub2f9×1,U+B3C4:\ub3c4×1,U+B418:\ub418×2,U+B41C:\ub41c×1,U+B4E0:\ub4e0×1,U+B824:\ub824×1,U+B828:\ub828×1,U+B839:\ub839×1,U+BA70:\uba70×1,U+BAA8:\ubaa8×1,U+BBF8:\ubbf8×3,U+C120:\uc120×1,U+C131:\uc131×4,U+C219:\uc219×1,U+C57C:\uc57c×1,U+C5B4:\uc5b4×1,U+C5F0:\uc5f0×1,U+C640:\uc640×2,U+C704:\uc704×2,U+C740:\uc740×1,U+C758:\uc758×3,U+C774:\uc774×2,U+C775:\uc775×1,U+C790:\uc790×2,U+CD5C:\ucd5c×1,U+D558:\ud558×1,U+D568:\ud568×1,U+D574:\ud574×1,U+D589:\ud589×2	-
86	0	0			-
87	17	449	U+0030:0×2,U+0031:1×2,U+0032:2×1,U+0033:3×2,U+0035:5×1,U+0038:8×1,U+0045:E×1,U+0055:U×1,U+B0B4:\ub0b4×1,U+B2E8:\ub2e8×1,U+B85D:\ub85d×1,U+C9D1:\uc9d1×1,U+D310:\ud310×1,U+D45C:\ud45c×1	U+0027:'×1,U+0028:(×3,U+0029:)×2,U+002C:,×19,U+002E:.×1,U+0042:B×1,U+0043:C×1,U+0048:H×3,U+0049:I×2,U+0056:V×4,U+005B:[×7,U+005D:]×7,U+00B7:\xb7×15,U+AC00:\uac00×9,U+AC04:\uac04×1,U+AC1C:\uac1c×1,U+AC70:\uac70×2,U+AC80:\uac80×3,U+AC8C:\uac8c×2,U+ACAC:\uacac×1,U+ACB0:\uacb0×3,U+ACE0:\uace0×1,U+ACFC:\uacfc×5,U+AD00:\uad00×5,U+AD6C:\uad6c×4,U+AE08:\uae08×1,U+AE30:\uae30×22,U+B098:\ub098×2,U+B0A8:\ub0a8×1,U+B124:\ub124×1,U+B144:\ub144×1,U+B1CC:\ub1cc×1,U+B294:\ub294×4,U+B2A5:\ub2a5×4,U+B2E4:\ub2e4×2,U+B300:\ub300×2,U+B418:\ub418×1,U+B4DC:\ub4dc×1,U+B4DD:\ub4dd×2,U+B514:\ub514×1,U+B610:\ub610×1,U+B77D:\ub77d×1,U+B7EC:\ub7ec×1,U+B825:\ub825×4,U+B828:\ub828×4,U+B839:\ub839×1,U+B860:\ub860×1,U+B8CC:\ub8cc×13,U+B97C:\ub97c×2,U+B9CC:\ub9cc×1,U+B9DD:\ub9dd×2,U+B9E4:\ub9e4×2,U+BAA9:\ubaa9×1,U+BAB8:\ubab8×1,U+BB34:\ubb34×1,U+BB3C:\ubb3c×1,U+BBF8:\ubbf8×2,U+BC18:\ubc18×1,U+BC1C:\ubc1c×1,U+BC30:\ubc30×1,U+BC95:\ubc95×3,U+BCC0:\ubcc0×2,U+BCC4:\ubcc4×1,U+BCD1:\ubcd1×9,U+BCF4:\ubcf4×3,U+BCF8:\ubcf8×1,U+BD80:\ubd80×4,U+BD84:\ubd84×2,U+C0AC:\uc0ac×7,U+C0C1:\uc0c1×8,U+C0DD:\uc0dd×2,U+C11D:\uc11d×1,U+C124:\uc124×1,U+C131:\uc131×8,U+C138:\uc138×1,U+C158:\uc158×1,U+C18C:\uc18c×1,U+C218:\uc218×3,U+C220:\uc220×1,U+C2DC:\uc2dc×4,U+C2DD:\uc2dd×2,U+C2E4:\uc2e4×2,U+C2EC:\uc2ec×1,U+C545:\uc545×1,U+C54A:\uc54a×1,U+C554:\uc554×1,U+C561:\uc561×1,U+C57D:\uc57d×1,U+C591:\uc591×1,U+C5D0:\uc5d0×6,U+C5EC:\uc5ec×2,U+C5F0:\uc5f0×2,U+C5FC:\uc5fc×4,U+C601:\uc601×3,U+C608:\uc608×2,U+C640:\uc640×1,U+C694:\uc694×6,U+C6D0:\uc6d0×1,U+C6D4:\uc6d4×1,U+C704:\uc704×5,U+C720:\uc720×1,U+C721:\uc721×1,U+C744:\uc744×3,U+C758:\uc758×8,U+C774:\uc774×3,U+C778:\uc778×3,U+C77C:\uc77c×3,U+C784:\uc784×2,U+C788:\uc788×1,U+C790:\uc790×18,U+C791:\uc791×1,U+C7A0:\uc7a0×1,U+C7A5:\uc7a5×7,U+C7AC:\uc7ac×2,U+C801:\uc801×8,U+C804:\uc804×4,U+C808:\uc808×1,U+C815:\uc815×2,U+C81C:\uc81c×2,U+C885:\uc885×1,U+C99D:\uc99d×9,U+C9C0:\uc9c0×2,U+C9C4:\uc9c4×1,U+C9C8:\uc9c8×4,U+CCB4:\uccb4×2,U+CD5C:\ucd5c×1,U+CD94:\ucd94×1,U+CE21:\uce21×1,U+CE58:\uce58×4,U+CE60:\uce60×1,U+CE6D:\uce6d×1,U+CF54:\ucf54×1,U+D0A4:\ud0a4×1,U+D0C0:\ud0c0×1,U+D0DC:\ud0dc×2,U+D130:\ud130×1,U+D2B9:\ud2b9×1,U+D3C9:\ud3c9×7,U+D3EC:\ud3ec×1,U+D544:\ud544×3,U+D559:\ud559×3,U+D55C:\ud55c×9,U+D560:\ud560×1,U+D568:\ud568×2,U+D569:\ud569×3,U+D56D:\ud56d×1,U+D574:\ud574×3,U+D589:\ud589×1,U+D5A5:\ud5a5×2,U+D5D8:\ud5d8×3,U+D604:\ud604×1,U+D608:\ud608×2,U+D615:\ud615×2,U+D68C:\ud68c×1	-
88	44	5	U+0027:'×1,U+002C:,×1,U+002E:.×1,U+ACB0:\uacb0×2,U+ACE0:\uace0×1,U+ACFC:\uacfc×3,U+B294:\ub294×1,U+B2E4:\ub2e4×2,U+B418:\ub418×1,U+B860:\ub860×1,U+B97C:\ub97c×1,U+BAA9:\ubaa9×1,U+BC95:\ubc95×1,U+C0C1:\uc0c1×1,U+C131:\uc131×2,U+C218:\uc218×1,U+C220:\uc220×1,U+C2DC:\uc2dc×1,U+C57C:\uc57c×1,U+C5B4:\uc5b4×1,U+C5EC:\uc5ec×1,U+C608:\uc608×1,U+C744:\uc744×1,U+C758:\uc758×1,U+C791:\uc791×1,U+C801:\uc801×1,U+C81C:\uc81c×1,U+D3EC:\ud3ec×1,U+D558:\ud558×1,U+D55C:\ud55c×1,U+D568:\ud568×2,U+D569:\ud569×1,U+E034:\ue034×1,U+E03D:\ue03d×2,U+E044:\ue044×1,U+E045:\ue045×1,U+E06D:\ue06d×1	U+0028:(×1,U+0029:)×1,U+0030:0×2,U+0031:1×1	-
89	0	0			-
90	61	0	U+0029:)×1,U+002E:.×1,U+0031:1×1,U+0032:2×2,U+0034:4×1,U+0037:7×1,U+0045:E×1,U+0055:U×1,U+AC00:\uac00×4,U+ACC4:\uacc4×1,U+AD00:\uad00×1,U+AD6D:\uad6d×1,U+ADDC:\uaddc×1,U+AE30:\uae30×2,U+B144:\ub144×1,U+B2A5:\ub2a5×3,U+B300:\ub300×1,U+B418:\ub418×2,U+B9CC:\ub9cc×3,U+BA85:\uba85×2,U+BBF8:\ubbf8×1,U+C0C1:\uc0c1×1,U+C0DD:\uc0dd×1,U+C131:\uc131×1,U+C2DC:\uc2dc×2,U+C2DD:\uc2dd×1,U+C54A:\uc54a×2,U+C640:\uc640×1,U+C6A9:\uc6a9×1,U+C74C:\uc74c×2,U+C774:\uc774×1,U+C790:\uc790×2,U+C7A5:\uc7a5×1,U+C815:\uc815×1,U+C81C:\uc81c×2,U+C874:\uc874×1,U+C99D:\uc99d×1,U+C9C0:\uc9c0×2,U+CC99:\ucc99×1,U+CE5C:\uce5c×1,U+D45C:\ud45c×1,U+D5C8:\ud5c8×1,U+D615:\ud615×2		-
91	10	54	U+0038:8×1,U+AC1C:\uac1c×1,U+ACFC:\uacfc×1,U+B178:\ub178×1,U+B7FD:\ub7fd×1,U+B974:\ub974×1,U+BD84:\ubd84×1,U+C11D:\uc11d×1,U+C6E8:\uc6e8×1,U+C720:\uc720×1	U+002E:.×1,U+0037:7×1,U+0045:E×1,U+0055:U×1,U+AC00:\uac00×4,U+ACC4:\uacc4×1,U+AD00:\uad00×1,U+ADDC:\uaddc×1,U+AE30:\uae30×2,U+B144:\ub144×1,U+B2A5:\ub2a5×3,U+B300:\ub300×1,U+B418:\ub418×2,U+B9CC:\ub9cc×3,U+BA85:\uba85×2,U+BBF8:\ubbf8×1,U+C0C1:\uc0c1×1,U+C0DD:\uc0dd×1,U+C131:\uc131×1,U+C2DC:\uc2dc×2,U+C2DD:\uc2dd×1,U+C54A:\uc54a×2,U+C640:\uc640×1,U+C6A9:\uc6a9×1,U+C74C:\uc74c×2,U+C790:\uc790×2,U+C7A5:\uc7a5×1,U+C815:\uc815×1,U+C81C:\uc81c×2,U+C874:\uc874×1,U+C99D:\uc99d×1,U+C9C0:\uc9c0×2,U+CC99:\ucc99×1,U+CE5C:\uce5c×1,U+D45C:\ud45c×1,U+D5C8:\ud5c8×1,U+D615:\ud615×2	-
92	0	0			-
93	0	0			-
94	0	534		U+0028:(×12,U+0029:)×12,U+002C:,×12,U+002D:-×1,U+002E:.×6,U+002F:/×1,U+0031:1×2,U+0038:8×1,U+0044:D×5,U+0045:E×1,U+0049:I×2,U+004C:L×1,U+0055:U×2,U+0061:a×8,U+0063:c×4,U+0064:d×6,U+0065:e×9,U+0066:f×1,U+0067:g×2,U+0068:h×1,U+0069:i×12,U+006C:l×1,U+006D:m×1,U+006E:n×11,U+006F:o×10,U+0070:p×6,U+0072:r×6,U+0073:s×1,U+0074:t×5,U+0078:x×1,U+00B7:\xb7×9,U+2018:\u2018×2,U+2019:\u2019×2,U+6709:\u6709×1,U+7121:\u7121×1,U+AC00:\uac00×9,U+AC04:\uac04×4,U+AC10:\uac10×5,U+AC1C:\uac1c×2,U+AC8C:\uac8c×4,U+ACBD:\uacbd×2,U+ACC4:\uacc4×2,U+ACE0:\uace0×2,U+ACFC:\uacfc×1,U+AD00:\uad00×9,U+AD50:\uad50×4,U+AD6C:\uad6c×2,U+ADF8:\uadf8×1,U+AE30:\uae30×19,U+AE4C:\uae4c×1,U+B098:\ub098×2,U+B0B8:\ub0b8×1,U+B140:\ub140×2,U+B178:\ub178×2,U+B294:\ub294×4,U+B2A5:\ub2a5×2,U+B2E4:\ub2e4×2,U+B2E8:\ub2e8×1,U+B300:\ub300×8,U+B3C4:\ub3c4×4,U+B418:\ub418×1,U+B41C:\ub41c×5,U+B450:\ub450×1,U+B54C:\ub54c×1,U+B5A8:\ub5a8×1,U+B610:\ub610×1,U+B7A8:\ub7a8×1,U+B7FC:\ub7fc×1,U+B824:\ub824×1,U+B828:\ub828×8,U+B840:\ub840×1,U+B85C:\ub85c×12,U+B860:\ub860×1,U+B958:\ub958×2,U+B978:\ub978×1,U+B9CC:\ub9cc×1,U+B9E4:\ub9e4×2,U+BA85:\uba85×3,U+BAA8:\ubaa8×1,U+BB34:\ubb34×1,U+BBC0:\ubbc0×1,U+BBF8:\ubbf8×3,U+BC30:\ubc30×1,U+BCF4:\ubcf4×1,U+BCF8:\ubcf8×2,U+BD80:\ubd80×2,U+BD84:\ubd84×3,U+BD88:\ubd88×5,U+BE44:\ube44×1,U+C0AC:\uc0ac×1,U+C0C1:\uc0c1×7,U+C138:\uc138×1,U+C18D:\uc18d×2,U+C218:\uc218×1,U+C2DC:\uc2dc×1,U+C2DD:\uc2dd×8,U+C54A:\uc54a×1,U+C5B4:\uc5b4×1,U+C5B8:\uc5b8×1,U+C5C6:\uc5c6×3,U+C5D0:\uc5d0×9,U+C5EC:\uc5ec×1,U+C5F0:\uc5f0×1,U+C5F4:\uc5f4×1,U+C608:\uc608×6,U+C640:\uc640×1,U+C6B0:\uc6b0×3,U+C720:\uc720×7,U+C73C:\uc73c×11,U+C740:\uc740×1,U+C744:\uc744×2,U+C758:\uc758×8,U+C774:\uc774×11,U+C775:\uc775×1,U+C778:\uc778×6,U+C788:\uc788×2,U+C790:\uc790×19,U+C801:\uc801×11,U+C804:\uc804×5,U+C811:\uc811×5,U+C815:\uc815×13,U+C81C:\uc81c×2,U+C838:\uc838×1,U+C99D:\uc99d×17,U+C9C0:\uc9c0×9,U+C9C1:\uc9c1×1,U+C9C4:\uc9c4×1,U+CC3E:\ucc3e×1,U+CC98:\ucc98×1,U+CD94:\ucd94×1,U+CE5C:\uce5c×1,U+D1B5:\ud1b5×1,U+D2B9:\ud2b9×5,U+D504:\ud504×1,U+D558:\ud558×2,U+D55C:\ud55c×5,U+D560:\ud560×1,U+D569:\ud569×2,U+D574:\ud574×1,U+D589:\ud589×1,U+D615:\ud615×4,U+D63C:\ud63c×2,U+D655:\ud655×1,U+D658:\ud658×4	-
95	116	0	U+0029:)×1,U+002E:.×3,U+002F:/×9,U+0031:1×1,U+0034:4×1,U+0037:7×1,U+003A::×1,U+005F:_×6,U+0061:a×5,U+0062:b×2,U+0063:c×2,U+0064:d×5,U+0065:e×11,U+0066:f×2,U+0067:g×2,U+0068:h×5,U+0069:i×7,U+006B:k×1,U+006C:l×6,U+006E:n×6,U+006F:o×10,U+0070:p×3,U+0072:r×2,U+0073:s×9,U+0074:t×8,U+0075:u×4,U+0076:v×1,U+0078:x×1,U+0079:y×1		-
96	0	0			-
97	0	0			-
98	0	2		U+200B:\u200b×2	-
99	0	0			-
100	0	0			-
101	0	0			-
102	0	0			-
103	0	0			-
104	0	0			-
105	0	0			-
106	0	106		U+0028:(×2,U+0029:)×2,U+002C:,×1,U+003A::×1,U+0041:A×2,U+0044:D×1,U+0048:H×1,U+004C:L×1,U+0054:T×2,U+AC8C:\uac8c×1,U+ACA9:\uaca9×1,U+ACB0:\uacb0×2,U+ACC4:\uacc4×3,U+AD00:\uad00×3,U+AD6C:\uad6c×3,U+AD6D:\uad6d×1,U+AE30:\uae30×7,U+B0B4:\ub0b4×1,U+B110:\ub110×1,U+B193:\ub193×1,U+B294:\ub294×3,U+B41C:\ub41c×1,U+B5A0:\ub5a0×2,U+B78C:\ub78c×1,U+B85C:\ub85c×1,U+BC95:\ubc95×1,U+C0AC:\uc0ac×1,U+C11C:\uc11c×1,U+C131:\uc131×1,U+C18D:\uc18d×1,U+C54C:\uc54c×1,U+C5B4:\uc5b4×2,U+C5C6:\uc5c6×3,U+C5D0:\uc5d0×1,U+C5EC:\uc5ec×1,U+C608:\uc608×1,U+C678:\uc678×2,U+C6D0:\uc6d0×1,U+C720:\uc720×1,U+C758:\uc758×2,U+C774:\uc774×5,U+C778:\uc778×1,U+C790:\uc790×4,U+C801:\uc801×4,U+C804:\uc804×1,U+C815:\uc815×4,U+C874:\uc874×2,U+C911:\uc911×1,U+C99D:\uc99d×5,U+C9C0:\uc9c0×2,U+CE5C:\uce5c×2,U+CEA0:\ucea0×1,U+D0C0:\ud0c0×2,U+D328:\ud328×1,U+D398:\ud398×1,U+D55C:\ud55c×2,U+D568:\ud568×1,U+D574:\ud574×2	-
107	67	75	U+0028:(×2,U+0029:)×2,U+002C:,×1,U+003A::×1,U+0044:D×1,U+004C:L×1,U+ACA9:\uaca9×1,U+ACC4:\uacc4×3,U+AD00:\uad00×2,U+AD6C:\uad6c×1,U+AD6D:\uad6d×1,U+AE30:\uae30×5,U+B110:\ub110×1,U+B193:\ub193×1,U+B41C:\ub41c×1,U+B5A0:\ub5a0×2,U+B78C:\ub78c×1,U+BC95:\ubc95×1,U+C0AC:\uc0ac×1,U+C11C:\uc11c×1,U+C131:\uc131×1,U+C18D:\uc18d×1,U+C54C:\uc54c×1,U+C5B4:\uc5b4×2,U+C5C6:\uc5c6×3,U+C5EC:\uc5ec×1,U+C608:\uc608×1,U+C678:\uc678×2,U+C6D0:\uc6d0×1,U+C720:\uc720×1,U+C774:\uc774×5,U+C790:\uc790×3,U+C874:\uc874×2,U+C911:\uc911×1,U+C99D:\uc99d×3,U+C9C0:\uc9c0×1,U+CE5C:\uce5c×2,U+CEA0:\ucea0×1,U+D0C0:\ud0c0×2,U+D328:\ud328×1,U+D398:\ud398×1,U+D574:\ud574×1	U+002E:.×3,U+0030:0×1,U+0031:1×1,U+0032:2×2,U+0048:H×1,U+300C:\u300c×1,U+300D:\u300d×1,U+AC00:\uac00×2,U+ACB0:\uacb0×1,U+ACE0:\uace0×1,U+ACF5:\uacf5×1,U+ACFC:\uacfc×2,U+ADDC:\uaddc×1,U+B2E4:\ub2e4×1,U+B2F9:\ub2f9×1,U+B3C4:\ub3c4×2,U+B530:\ub530×1,U+B610:\ub610×1,U+B77C:\ub77c×1,U+B824:\ub824×1,U+B85C:\ub85c×2,U+B85D:\ub85d×2,U+B8B0:\ub8b0×1,U+B97C:\ub97c×2,U+BCF4:\ubcf4×2,U+BD84:\ubd84×1,U+C548:\uc548×1,U+C57C:\uc57c×1,U+C5D0:\uc5d0×3,U+C600:\uc600×1,U+C73C:\uc73c×3,U+C740:\uc740×1,U+C744:\uc744×1,U+C74C:\uc74c×2,U+C758:\uc758×4,U+C784:\uc784×1,U+C788:\uc788×1,U+C7A5:\uc7a5×1,U+C815:\uc815×1,U+C81C:\uc81c×1,U+C8FC:\uc8fc×3,U+C9C8:\uc9c8×1,U+CC45:\ucc45×1,U+CCB4:\uccb4×1,U+CE58:\uce58×3,U+D558:\ud558×5,U+D559:\ud559×1,U+D560:\ud560×1,U+D569:\ud569×1	-
108	78	58	U+002E:.×2,U+0031:1×1,U+0032:2×2,U+0041:A×2,U+0048:H×2,U+0054:T×2,U+300C:\u300c×1,U+300D:\u300d×1,U+AC00:\uac00×2,U+AC8C:\uac8c×1,U+ACB0:\uacb0×3,U+ACF5:\uacf5×1,U+ACFC:\uacfc×2,U+AD6C:\uad6c×2,U+ADDC:\uaddc×1,U+B294:\ub294×2,U+B2F9:\ub2f9×1,U+B3C4:\ub3c4×1,U+B530:\ub530×1,U+B610:\ub610×1,U+B77C:\ub77c×1,U+B824:\ub824×1,U+B85C:\ub85c×3,U+B85D:\ub85d×2,U+BCF4:\ubcf4×2,U+BD84:\ubd84×1,U+C548:\uc548×1,U+C5D0:\uc5d0×1,U+C600:\uc600×1,U+C73C:\uc73c×3,U+C758:\uc758×2,U+C778:\uc778×1,U+C784:\uc784×1,U+C788:\uc788×1,U+C7A5:\uc7a5×1,U+C801:\uc801×3,U+C815:\uc815×5,U+C81C:\uc81c×1,U+C8FC:\uc8fc×3,U+C9C0:\uc9c0×1,U+C9C8:\uc9c8×1,U+CC45:\ucc45×1,U+CCB4:\uccb4×1,U+CE58:\uce58×3,U+D558:\ud558×3,U+D559:\ud559×1,U+D560:\ud560×1,U+D569:\ud569×1	U+0028:(×1,U+0029:)×1,U+002D:-×1,U+0037:7×1,U+0043:C×1,U+0046:F×1,U+0064:d×1,U+0065:e×1,U+006F:o×1,U+AC16:\uac16×1,U+AE30:\uae30×2,U+B098:\ub098×1,U+B300:\ub300×1,U+B358:\ub358×1,U+B420:\ub420×1,U+B5A0:\ub5a0×1,U+B8CC:\ub8cc×1,U+B9AC:\ub9ac×1,U+BBF8:\ubbf8×1,U+C0AC:\uc0ac×2,U+C0C1:\uc0c1×3,U+C11C:\uc11c×2,U+C131:\uc131×1,U+C218:\uc218×1,U+C2DD:\uc2dd×2,U+C54C:\uc54c×1,U+C558:\uc558×1,U+C57C:\uc57c×1,U+C5B4:\uc5b4×2,U+C5C6:\uc5c6×1,U+C5ED:\uc5ed×1,U+C640:\uc640×1,U+C655:\uc655×1,U+C6A9:\uc6a9×2,U+C744:\uc744×1,U+C774:\uc774×3,U+C790:\uc790×3,U+C791:\uc791×1,U+CD94:\ucd94×1,U+D1B5:\ud1b5×1,U+D300:\ud300×1,U+D55C:\ud55c×1,U+D568:\ud568×1,U+D56D:\ud56d×1,U+D574:\ud574×1,U+D669:\ud669×1	-
109	27	251	U+0030:0×1,U+0037:7×1,U+0046:F×1,U+006F:o×1,U+B0B4:\ub0b4×1,U+B358:\ub358×1,U+B3C4:\ub3c4×1,U+B420:\ub420×1,U+B5A0:\ub5a0×1,U+B9AC:\ub9ac×1,U+BBF8:\ubbf8×1,U+C0AC:\uc0ac×1,U+C0C1:\uc0c1×2,U+C2DD:\uc2dd×2,U+C54C:\uc54c×1,U+C558:\uc558×1,U+C640:\uc640×1,U+C655:\uc655×1,U+C6A9:\uc6a9×2,U+C791:\uc791×1,U+C804:\uc804×1,U+D300:\ud300×1,U+D56D:\ud56d×1,U+D669:\ud669×1	U+0028:(×2,U+0029:)×2,U+002C:,×1,U+002D:-×1,U+002E:.×6,U+0033:3×1,U+0034:4×2,U+0035:5×1,U+0041:A×2,U+0042:B×1,U+0044:D×3,U+0047:G×1,U+0048:H×1,U+004C:L×2,U+0053:S×1,U+0054:T×2,U+0061:a×1,U+0063:c×3,U+0065:e×1,U+0068:h×1,U+0069:i×1,U+006B:k×1,U+006E:n×1,U+0075:u×1,U+AC00:\uac00×15,U+AC16:\uac16×1,U+AC1C:\uac1c×1,U+AC70:\uac70×1,U+AC83:\uac83×1,U+ACA8:\uaca8×1,U+ACA9:\uaca9×2,U+ACBD:\uacbd×2,U+ACE0:\uace0×5,U+ACF5:\uacf5×1,U+AD00:\uad00×1,U+AD8C:\uad8c×1,U+ADFC:\uadfc×1,U+AE09:\uae09×1,U+AE30:\uae30×1,U+B0A8:\ub0a8×1,U+B124:\ub124×1,U+B193:\ub193×1,U+B294:\ub294×5,U+B2A5:\ub2a5×1,U+B2E8:\ub2e8×1,U+B2F4:\ub2f4×1,U+B300:\ub300×1,U+B3C5:\ub3c5×7,U+B3D9:\ub3d9×1,U+B418:\ub418×2,U+B41C:\ub41c×1,U+B428:\ub428×2,U+B4E4:\ub4e4×3,U+B514:\ub514×1,U+B54C:\ub54c×1,U+B77D:\ub77d×1,U+B78C:\ub78c×1,U+B825:\ub825×1,U+B828:\ub828×1,U+B85C:\ub85c×2,U+B85D:\ub85d×2,U+B97C:\ub97c×1,U+B9BD:\ub9bd×7,U+B9CC:\ub9cc×1,U+BA70:\uba70×2,U+BC1B:\ubc1b×2,U+BC1C:\ubc1c×1,U+BC94:\ubc94×1,U+BCF4:\ubcf4×1,U+BD80:\ubd80×1,U+BDF0:\ubdf0×1,U+C0DD:\uc0dd×1,U+C11C:\uc11c×2,U+C2E0:\uc2e0×2,U+C2F6:\uc2f6×1,U+C544:\uc544×3,U+C54A:\uc54a×2,U+C57C:\uc57c×2,U+C5B4:\uc5b4×1,U+C5C6:\uc5c6×1,U+C5D0:\uc5d0×4,U+C5EC:\uc5ec×3,U+C5F0:\uc5f0×1,U+C694:\uc694×2,U+C704:\uc704×1,U+C720:\uc720×1,U+C73C:\uc73c×3,U+C740:\uc740×3,U+C744:\uc744×3,U+C758:\uc758×8,U+C774:\uc774×2,U+C778:\uc778×4,U+C784:\uc784×2,U+C788:\uc788×5,U+C790:\uc790×4,U+C7A5:\uc7a5×1,U+C801:\uc801×10,U+C811:\uc811×1,U+C81C:\uc81c×1,U+C838:\uc838×2,U+C874:\uc874×1,U+C8C4:\uc8c4×1,U+C99D:\uc99d×2,U+C9C0:\uc9c0×3,U+C9D0:\uc9d0×1,U+CC30:\ucc30×1,U+CC45:\ucc45×1,U+CCAD:\uccad×2,U+CD94:\ucd94×1,U+CD9C:\ucd9c×1,U+CE58:\uce58×1,U+CE5C:\uce5c×1,U+CF54:\ucf54×1,U+D130:\ud130×2,U+D310:\ud310×1,U+D3C9:\ud3c9×8,U+D544:\ud544×2,U+D558:\ud558×3,U+D559:\ud559×2,U+D55C:\ud55c×1,U+D560:\ud560×3,U+D5D8:\ud5d8×2,U+D6C4:\ud6c4×3,U+D6C8:\ud6c8×1	-
110	318	0	U+0028:(×3,U+0029:)×3,U+002C:,×1,U+002D:-×2,U+002E:.×7,U+0033:3×1,U+0034:4×2,U+0035:5×1,U+0041:A×2,U+0042:B×1,U+0043:C×1,U+0044:D×3,U+0047:G×1,U+0048:H×1,U+004C:L×2,U+0053:S×1,U+0054:T×2,U+0061:a×1,U+0063:c×3,U+0064:d×1,U+0065:e×2,U+0068:h×1,U+0069:i×1,U+006B:k×1,U+006E:n×1,U+0075:u×1,U+AC00:\uac00×15,U+AC16:\uac16×2,U+AC1C:\uac1c×1,U+AC70:\uac70×1,U+AC83:\uac83×1,U+ACA8:\uaca8×1,U+ACA9:\uaca9×2,U+ACBD:\uacbd×2,U+ACE0:\uace0×6,U+ACF5:\uacf5×1,U+AD00:\uad00×2,U+AD8C:\uad8c×1,U+ADFC:\uadfc×1,U+AE09:\uae09×1,U+AE30:\uae30×5,U+B098:\ub098×1,U+B0A8:\ub0a8×1,U+B124:\ub124×1,U+B193:\ub193×1,U+B294:\ub294×6,U+B2A5:\ub2a5×1,U+B2E4:\ub2e4×1,U+B2E8:\ub2e8×1,U+B2F4:\ub2f4×1,U+B300:\ub300×2,U+B3C5:\ub3c5×7,U+B3D9:\ub3d9×1,U+B418:\ub418×2,U+B41C:\ub41c×1,U+B428:\ub428×2,U+B4E4:\ub4e4×3,U+B514:\ub514×1,U+B54C:\ub54c×1,U+B77D:\ub77d×1,U+B78C:\ub78c×1,U+B825:\ub825×1,U+B828:\ub828×1,U+B85C:\ub85c×2,U+B85D:\ub85d×2,U+B8B0:\ub8b0×1,U+B8CC:\ub8cc×1,U+B97C:\ub97c×3,U+B9BD:\ub9bd×7,U+B9CC:\ub9cc×1,U+BA70:\uba70×2,U+BC1B:\ubc1b×2,U+BC1C:\ubc1c×1,U+BC94:\ubc94×1,U+BCF4:\ubcf4×1,U+BD80:\ubd80×1,U+BDF0:\ubdf0×1,U+C0AC:\uc0ac×1,U+C0C1:\uc0c1×1,U+C0DD:\uc0dd×1,U+C11C:\uc11c×4,U+C131:\uc131×1,U+C218:\uc218×1,U+C2E0:\uc2e0×2,U+C2F6:\uc2f6×1,U+C544:\uc544×3,U+C54A:\uc54a×2,U+C57C:\uc57c×4,U+C5B4:\uc5b4×3,U+C5C6:\uc5c6×2,U+C5D0:\uc5d0×7,U+C5EC:\uc5ec×3,U+C5ED:\uc5ed×1,U+C5F0:\uc5f0×1,U+C694:\uc694×2,U+C704:\uc704×1,U+C720:\uc720×1,U+C73C:\uc73c×3,U+C740:\uc740×4,U+C744:\uc744×5,U+C74C:\uc74c×2,U+C758:\uc758×12,U+C774:\uc774×5,U+C778:\uc778×4,U+C784:\uc784×2,U+C788:\uc788×5,U+C790:\uc790×8,U+C7A5:\uc7a5×1,U+C801:\uc801×11,U+C811:\uc811×1,U+C81C:\uc81c×1,U+C838:\uc838×2,U+C874:\uc874×1,U+C8C4:\uc8c4×1,U+C99D:\uc99d×4,U+C9C0:\uc9c0×3,U+C9D0:\uc9d0×1,U+CC30:\ucc30×1,U+CC45:\ucc45×1,U+CCAD:\uccad×2,U+CD94:\ucd94×2,U+CD9C:\ucd9c×1,U+CE58:\uce58×1,U+CE5C:\uce5c×1,U+CF54:\ucf54×1,U+D130:\ud130×2,U+D1B5:\ud1b5×1,U+D310:\ud310×1,U+D3C9:\ud3c9×8,U+D544:\ud544×2,U+D558:\ud558×5,U+D559:\ud559×2,U+D55C:\ud55c×4,U+D560:\ud560×3,U+D568:\ud568×2,U+D574:\ud574×2,U+D5D8:\ud5d8×2,U+D6C4:\ud6c4×3,U+D6C8:\ud6c8×1		-
111	0	0			-
112	0	0			-
113	0	0			-
114	0	0			-
115	0	0			-
116	0	0			-
117	16	8	U+0061:a×1,U+0065:e×7,U+0300:\u0300×2,U+0301:\u0301×6	U+00E0:\xe0×1,U+00E8:\xe8×1,U+00E9:\xe9×6	-
118	0	72		U+0028:(×1,U+0029:)×1,U+002D:-×1,U+002E:.×2,U+0031:1×2,U+0032:2×1,U+0033:3×2,U+0041:A×1,U+0052:R×1,U+0063:c×1,U+0065:e×1,U+0069:i×1,U+006C:l×1,U+0072:r×1,U+0074:t×1,U+AC10:\uac10×1,U+AC8C:\uac8c×1,U+AD00:\uad00×3,U+AE30:\uae30×3,U+B3C5:\ub3c5×1,U+B3D9:\ub3d9×1,U+B418:\ub418×1,U+B4DD:\ub4dd×1,U+B85D:\ub85d×2,U+B8CC:\ub8cc×2,U+BA70:\uba70×2,U+BC95:\ubc95×1,U+BCF4:\ubcf4×2,U+BCF8:\ubcf8×1,U+BD80:\ubd80×1,U+C0AC:\uc0ac×1,U+C11C:\uc11c×1,U+C1A1:\uc1a1×1,U+C57C:\uc57c×1,U+C5B4:\uc5b4×1,U+C5D0:\uc5d0×2,U+C640:\uc640×1,U+C6D0:\uc6d0×1,U+C720:\uc720×1,U+C740:\uc740×1,U+C744:\uc744×1,U+C758:\uc758×4,U+C774:\uc774×1,U+C784:\uc784×1,U+C790:\uc790×1,U+C815:\uc815×1,U+C99D:\uc99d×1,U+C9C4:\uc9c4×1,U+CC45:\ucc45×1,U+CC98:\ucc98×1,U+CDE8:\ucde8×1,U+D558:\ud558×2,U+D568:\ud568×2,U+D589:\ud589×1,U+D68C:\ud68c×1	-
119	72	0	U+0028:(×1,U+0029:)×1,U+002D:-×1,U+002E:.×2,U+0031:1×2,U+0032:2×1,U+0033:3×2,U+0041:A×1,U+0052:R×1,U+0063:c×1,U+0065:e×1,U+0069:i×1,U+006C:l×1,U+0072:r×1,U+0074:t×1,U+AC10:\uac10×1,U+AC8C:\uac8c×1,U+AD00:\uad00×3,U+AE30:\uae30×3,U+B3C5:\ub3c5×1,U+B3D9:\ub3d9×1,U+B418:\ub418×1,U+B4DD:\ub4dd×1,U+B85D:\ub85d×2,U+B8CC:\ub8cc×2,U+BA70:\uba70×2,U+BC95:\ubc95×1,U+BCF4:\ubcf4×2,U+BCF8:\ubcf8×1,U+BD80:\ubd80×1,U+C0AC:\uc0ac×1,U+C11C:\uc11c×1,U+C1A1:\uc1a1×1,U+C57C:\uc57c×1,U+C5B4:\uc5b4×1,U+C5D0:\uc5d0×2,U+C640:\uc640×1,U+C6D0:\uc6d0×1,U+C720:\uc720×1,U+C740:\uc740×1,U+C744:\uc744×1,U+C758:\uc758×4,U+C774:\uc774×1,U+C784:\uc784×1,U+C790:\uc790×1,U+C815:\uc815×1,U+C99D:\uc99d×1,U+C9C4:\uc9c4×1,U+CC45:\ucc45×1,U+CC98:\ucc98×1,U+CDE8:\ucde8×1,U+D558:\ud558×2,U+D568:\ud568×2,U+D589:\ud589×1,U+D68C:\ud68c×1		-
120	55	77	U+002D:-×3,U+002E:.×2,U+002F:/×4,U+0031:1×2,U+0032:2×1,U+0034:4×2,U+0035:5×2,U+0036:6×1,U+0037:7×1,U+0038:8×1,U+0039:9×2,U+003A::×1,U+003D:=×1,U+003F:?×1,U+0042:B×1,U+0045:E×1,U+004F:O×1,U+0061:a×1,U+0062:b×1,U+0063:c×2,U+0064:d×2,U+0065:e×2,U+0068:h×2,U+0069:i×1,U+006F:o×3,U+0070:p×3,U+0072:r×1,U+0073:s×3,U+0074:t×2,U+0075:u×1,U+0077:w×3,U+0301:\u0301×1	U+0029:)×1,U+00F3:\xf3×1,U+AC00:\uac00×5,U+AC16:\uac16×1,U+ACB0:\uacb0×2,U+ACE0:\uace0×4,U+ACF5:\uacf5×1,U+ACFC:\uacfc×1,U+AD00:\uad00×1,U+AE30:\uae30×4,U+B294:\ub294×1,U+B2A5:\ub2a5×2,U+B3D9:\ub3d9×1,U+B418:\ub418×1,U+B825:\ub825×1,U+B839:\ub839×1,U+B85C:\ub85c×2,U+B97C:\ub97c×1,U+B9CC:\ub9cc×1,U+BC1B:\ubc1b×2,U+BC95:\ubc95×1,U+BCF4:\ubcf4×1,U+C2E0:\uc2e0×2,U+C544:\uc544×2,U+C57C:\uc57c×3,U+C5B4:\uc5b4×1,U+C5D0:\uc5d0×1,U+C5F0:\uc5f0×1,U+C62C:\uc62c×1,U+C73C:\uc73c×1,U+C744:\uc744×1,U+C758:\uc758×1,U+C774:\uc774×2,U+C790:\uc790×3,U+C801:\uc801×2,U+C815:\uc815×3,U+C81C:\uc81c×1,U+C838:\uc838×1,U+C99D:\uc99d×4,U+C9C0:\uc9c0×2,U+CCB4:\uccb4×1,U+CD94:\ucd94×1,U+D558:\ud558×1,U+D55C:\ud55c×2,U+D560:\ud560×2,U+D568:\ud568×1,U+D574:\ud574×1	-
121	69	31	U+0029:)×2,U+002E:.×1,U+0030:0×4,U+0041:A×1,U+0062:b×1,U+AC00:\uac00×5,U+AC16:\uac16×1,U+ACB0:\uacb0×2,U+ACE0:\uace0×4,U+ACF5:\uacf5×1,U+ACFC:\uacfc×1,U+AD00:\uad00×1,U+AE30:\uae30×2,U+B294:\ub294×1,U+B2A5:\ub2a5×2,U+B3D9:\ub3d9×1,U+B418:\ub418×1,U+B825:\ub825×1,U+B839:\ub839×1,U+B85C:\ub85c×2,U+B9CC:\ub9cc×1,U+BC1B:\ubc1b×2,U+BC95:\ubc95×1,U+BCF4:\ubcf4×1,U+C2E0:\uc2e0×2,U+C544:\uc544×2,U+C57C:\uc57c×3,U+C5B4:\uc5b4×1,U+C5F0:\uc5f0×1,U+C62C:\uc62c×1,U+C73C:\uc73c×1,U+C758:\uc758×1,U+C774:\uc774×2,U+C790:\uc790×1,U+C801:\uc801×1,U+C815:\uc815×3,U+C81C:\uc81c×1,U+C838:\uc838×1,U+C9C0:\uc9c0×2,U+CCB4:\uccb4×1,U+CD94:\ucd94×1,U+D560:\ud560×2,U+D568:\ud568×1,U+D574:\ud574×1	U+002C:,×1,U+0031:1×1,U+0034:4×2,U+0035:5×2,U+0038:8×1,U+0039:9×1,U+AC74:\uac74×1,U+AC80:\uac80×1,U+AC8C:\uac8c×1,U+B8CC:\ub8cc×1,U+B97C:\ub97c×1,U+BCD1:\ubcd1×1,U+C0AC:\uc0ac×1,U+C120:\uc120×1,U+C124:\uc124×1,U+C218:\uc218×1,U+C220:\uc220×1,U+C2DC:\uc2dc×1,U+C640:\uc640×1,U+C6D0:\uc6d0×1,U+C704:\uc704×2,U+C778:\uc778×1,U+C804:\uc804×1,U+C870:\uc870×1,U+CE58:\uce58×1,U+D0DD:\ud0dd×1,U+D569:\ud569×2	-
122	39	54	U+002C:,×1,U+AC74:\uac74×1,U+AC80:\uac80×1,U+AC8C:\uac8c×1,U+AE30:\uae30×2,U+B8CC:\ub8cc×1,U+B97C:\ub97c×2,U+BCD1:\ubcd1×1,U+C0AC:\uc0ac×1,U+C120:\uc120×1,U+C124:\uc124×1,U+C218:\uc218×1,U+C220:\uc220×1,U+C2DC:\uc2dc×1,U+C5D0:\uc5d0×1,U+C640:\uc640×1,U+C6D0:\uc6d0×1,U+C704:\uc704×2,U+C744:\uc744×1,U+C778:\uc778×1,U+C790:\uc790×2,U+C801:\uc801×1,U+C804:\uc804×1,U+C870:\uc870×1,U+C99D:\uc99d×4,U+CE58:\uce58×1,U+D0DD:\ud0dd×1,U+D558:\ud558×1,U+D55C:\ud55c×2,U+D569:\ud569×2	U+0029:)×1,U+002D:-×3,U+002E:.×3,U+002F:/×4,U+0030:0×4,U+0031:1×1,U+0032:2×1,U+0036:6×1,U+0037:7×1,U+0039:9×1,U+003A::×1,U+003D:=×1,U+003F:?×1,U+0041:A×1,U+0042:B×1,U+0045:E×1,U+004F:O×1,U+0061:a×1,U+0062:b×2,U+0063:c×2,U+0064:d×2,U+0065:e×2,U+0068:h×2,U+0069:i×1,U+006F:o×2,U+0070:p×3,U+0072:r×1,U+0073:s×3,U+0074:t×2,U+0075:u×1,U+0077:w×3	-
123	0	0			-
124	0	0			-
125	0	0			-
126	13	33	U+FFFD:\ufffd×13	U+0028:(×1,U+0029:)×1,U+002E:.×1,U+0035:5×1,U+0036:6×1,U+2022:\u2022×13,U+304C:\u304c×1,U+3093:\u3093×1,U+30B9:\u30b9×1,U+30D7:\u30d7×1,U+30E9:\u30e9×1,U+ACB0:\uacb0×1,U+ADF8:\uadf8×1,U+AE30:\uae30×1,U+B9BC:\ub9bc×1,U+BCF8:\ubcf8×1,U+C77C:\uc77c×1,U+C808:\uc808×1,U+C815:\uc815×1,U+C99D:\uc99d×1,U+CC28:\ucc28×1	-
127	20	0	U+0028:(×1,U+0029:)×1,U+002E:.×1,U+0035:5×1,U+0036:6×1,U+304C:\u304c×1,U+3093:\u3093×1,U+30B9:\u30b9×1,U+30D7:\u30d7×1,U+30E9:\u30e9×1,U+ACB0:\uacb0×1,U+ADF8:\uadf8×1,U+AE30:\uae30×1,U+B9BC:\ub9bc×1,U+BCF8:\ubcf8×1,U+C77C:\uc77c×1,U+C808:\uc808×1,U+C815:\uc815×1,U+C99D:\uc99d×1,U+CC28:\ucc28×1		-
128	0	0			-
129	99	0	U+0028:(×2,U+0029:)×2,U+002C:,×3,U+0031:1×1,U+0036:6×1,U+0037:7×1,U+AC1C:\uac1c×1,U+AC83:\uac83×2,U+ACE0:\uace0×2,U+AE30:\uae30×1,U+B294:\ub294×6,U+B2C8:\ub2c8×1,U+B300:\ub300×1,U+B3C4:\ub3c4×1,U+B418:\ub418×3,U+B4E0:\ub4e0×1,U+B4F1:\ub4f1×1,U+B77C:\ub77c×2,U+B85C:\ub85c×1,U+BAA8:\ubaa8×1,U+BC18:\ubc18×1,U+BC1B:\ubc1b×1,U+BC1C:\ubc1c×1,U+BC29:\ubc29×1,U+BCC0:\ubcc0×2,U+BD80:\ubd80×1,U+C0C1:\uc0c1×4,U+C0DD:\uc0dd×3,U+C120:\uc120×1,U+C218:\uc218×5,U+C220:\uc220×3,U+C2DD:\uc2dd×1,U+C2E0:\uc2e0×1,U+C544:\uc544×2,U+C54A:\uc54a×1,U+C5D0:\uc5d0×2,U+C5EC:\uc5ec×1,U+C608:\uc608×1,U+C73C:\uc73c×1,U+C740:\uc740×1,U+C744:\uc744×3,U+C758:\uc758×1,U+C774:\uc774×2,U+C778:\uc778×1,U+C77C:\uc77c×1,U+C788:\uc788×1,U+C801:\uc801×1,U+C810:\uc810×1,U+C81C:\uc81c×1,U+C99D:\uc99d×3,U+C9C0:\uc9c0×1,U+CCB4:\uccb4×1,U+CE21:\uce21×1,U+D130:\ud130×1,U+D1B5:\ud1b5×2,U+D558:\ud558×3,U+D55C:\ud55c×1,U+D560:\ud560×1,U+D574:\ud574×1,U+D654:\ud654×1,U+D65C:\ud65c×1,U+D6C4:\ud6c4×2		-
130	0	99		U+0028:(×2,U+0029:)×2,U+002C:,×3,U+0031:1×1,U+0036:6×1,U+0037:7×1,U+AC1C:\uac1c×1,U+AC83:\uac83×2,U+ACE0:\uace0×2,U+AE30:\uae30×1,U+B294:\ub294×6,U+B2C8:\ub2c8×1,U+B300:\ub300×1,U+B3C4:\ub3c4×1,U+B418:\ub418×3,U+B4E0:\ub4e0×1,U+B4F1:\ub4f1×1,U+B77C:\ub77c×2,U+B85C:\ub85c×1,U+BAA8:\ubaa8×1,U+BC18:\ubc18×1,U+BC1B:\ubc1b×1,U+BC1C:\ubc1c×1,U+BC29:\ubc29×1,U+BCC0:\ubcc0×2,U+BD80:\ubd80×1,U+C0C1:\uc0c1×4,U+C0DD:\uc0dd×3,U+C120:\uc120×1,U+C218:\uc218×5,U+C220:\uc220×3,U+C2DD:\uc2dd×1,U+C2E0:\uc2e0×1,U+C544:\uc544×2,U+C54A:\uc54a×1,U+C5D0:\uc5d0×2,U+C5EC:\uc5ec×1,U+C608:\uc608×1,U+C73C:\uc73c×1,U+C740:\uc740×1,U+C744:\uc744×3,U+C758:\uc758×1,U+C774:\uc774×2,U+C778:\uc778×1,U+C77C:\uc77c×1,U+C788:\uc788×1,U+C801:\uc801×1,U+C810:\uc810×1,U+C81C:\uc81c×1,U+C99D:\uc99d×3,U+C9C0:\uc9c0×1,U+CCB4:\uccb4×1,U+CE21:\uce21×1,U+D130:\ud130×1,U+D1B5:\ud1b5×2,U+D558:\ud558×3,U+D55C:\ud55c×1,U+D560:\ud560×1,U+D574:\ud574×1,U+D654:\ud654×1,U+D65C:\ud65c×1,U+D6C4:\ud6c4×2	-
131	0	112		U+0029:)×1,U+002C:,×4,U+002E:.×2,U+0030:0×1,U+0031:1×1,U+0038:8×1,U+AC00:\uac00×2,U+AC1C:\uac1c×1,U+AC80:\uac80×1,U+ACBD:\uacbd×1,U+ACC4:\uacc4×1,U+ACE0:\uace0×1,U+ACE4:\uace4×1,U+ACF5:\uacf5×1,U+AD00:\uad00×2,U+AE30:\uae30×1,U+B294:\ub294×1,U+B2C8:\ub2c8×1,U+B300:\ub300×2,U+B3C4:\ub3c4×1,U+B3D9:\ub3d9×1,U+B4F1:\ub4f1×5,U+B77C:\ub77c×1,U+B780:\ub780×1,U+B828:\ub828×1,U+B85C:\ub85c×3,U+B85D:\ub85d×1,U+B8CC:\ub8cc×1,U+B97C:\ub97c×2,U+B9CC:\ub9cc×1,U+BA85:\uba85×1,U+BBFC:\ubbfc×1,U+BCC4:\ubcc4×1,U+BCF4:\ubcf4×1,U+BCF8:\ubcf8×5,U+BFD0:\ubfd0×1,U+C11C:\uc11c×2,U+C138:\uc138×1,U+C544:\uc544×1,U+C57C:\uc57c×1,U+C5B4:\uc5b4×1,U+C5D0:\uc5d0×2,U+C5EC:\uc5ec×3,U+C6B0:\uc6b0×1,U+C6D0:\uc6d0×1,U+C73C:\uc73c×1,U+C744:\uc744×1,U+C758:\uc758×1,U+C778:\uc778×6,U+C77C:\uc77c×1,U+C790:\uc790×1,U+C801:\uc801×5,U+C871:\uc871×1,U+C8FC:\uc8fc×1,U+C99D:\uc99d×2,U+C9C0:\uc9c0×2,U+CD08:\ucd08×1,U+CE5C:\uce5c×1,U+D1A0:\ud1a0×1,U+D1B5:\ud1b5×1,U+D558:\ud558×5,U+D55C:\ud55c×2,U+D568:\ud568×2,U+D574:\ud574×1,U+D5D8:\ud5d8×1,U+D638:\ud638×2,U+D655:\ud655×5,U+D68C:\ud68c×1	-
132	108	11	U+0029:)×1,U+002C:,×4,U+002E:.×1,U+0030:0×1,U+0031:1×1,U+0038:8×1,U+AC00:\uac00×2,U+AC1C:\uac1c×1,U+AC80:\uac80×1,U+ACBD:\uacbd×1,U+ACC4:\uacc4×1,U+ACE0:\uace0×1,U+ACE4:\uace4×1,U+ACF5:\uacf5×1,U+AD00:\uad00×2,U+AE30:\uae30×1,U+B2C8:\ub2c8×1,U+B300:\ub300×2,U+B3D9:\ub3d9×1,U+B4F1:\ub4f1×5,U+B77C:\ub77c×1,U+B780:\ub780×1,U+B828:\ub828×1,U+B85C:\ub85c×3,U+B85D:\ub85d×1,U+B8CC:\ub8cc×1,U+B97C:\ub97c×2,U+B9CC:\ub9cc×1,U+BA85:\uba85×1,U+BBFC:\ubbfc×1,U+BCC4:\ubcc4×1,U+BCF4:\ubcf4×1,U+BCF8:\ubcf8×5,U+BFD0:\ubfd0×1,U+C11C:\uc11c×2,U+C138:\uc138×1,U+C544:\uc544×1,U+C57C:\uc57c×1,U+C5B4:\uc5b4×1,U+C5D0:\uc5d0×2,U+C5EC:\uc5ec×3,U+C6B0:\uc6b0×1,U+C6D0:\uc6d0×1,U+C73C:\uc73c×1,U+C744:\uc744×1,U+C758:\uc758×1,U+C778:\uc778×6,U+C77C:\uc77c×1,U+C790:\uc790×1,U+C801:\uc801×5,U+C871:\uc871×1,U+C8FC:\uc8fc×1,U+C99D:\uc99d×2,U+C9C0:\uc9c0×2,U+CD08:\ucd08×1,U+CE5C:\uce5c×1,U+D1A0:\ud1a0×1,U+D1B5:\ud1b5×1,U+D558:\ud558×5,U+D55C:\ud55c×2,U+D568:\ud568×1,U+D574:\ud574×1,U+D5D8:\ud5d8×1,U+D638:\ud638×2,U+D655:\ud655×5,U+D68C:\ud68c×1	U+AC16:\uac16×1,U+AC83:\uac83×1,U+B294:\ub294×1,U+B78C:\ub78c×1,U+BC14:\ubc14×1,U+C774:\uc774×1,U+C788:\uc788×1,U+C81C:\uc81c×1,U+C9C1:\uc9c1×1,U+CCB4:\uccb4×1,U+CD94:\ucd94×1	-
133	15	0	U+002E:.×1,U+AC16:\uac16×1,U+AC83:\uac83×1,U+B294:\ub294×2,U+B3C4:\ub3c4×1,U+B78C:\ub78c×1,U+BC14:\ubc14×1,U+C774:\uc774×1,U+C788:\uc788×1,U+C81C:\uc81c×1,U+C9C1:\uc9c1×1,U+CCB4:\uccb4×1,U+CD94:\ucd94×1,U+D568:\ud568×1		-
134	0	0			-
135	0	0			-
136	0	0			-
137	0	0			-
138	0	0			-
139	0	0			-
140	0	0			-
141	0	0			-
142	0	0			-
143	8	8	U+FFFD:\ufffd×8	U+2022:\u2022×8	-
144	8	8	U+FFFD:\ufffd×8	U+2022:\u2022×8	-
145	0	0			-
146	0	0			-
147	0	0			-
148	0	39		U+002C:,×1,U+002E:.×1,U+AC00:\uac00×1,U+AC70:\uac70×1,U+ACB0:\uacb0×1,U+ACBD:\uacbd×1,U+AD6C:\uad6c×1,U+B294:\ub294×1,U+B3C4:\ub3c4×1,U+B4DD:\ub4dd×1,U+B85C:\ub85c×1,U+B85D:\ub85d×1,U+B97C:\ub97c×1,U+BA70:\uba70×1,U+BC95:\ubc95×1,U+BD80:\ubd80×1,U+C218:\uc218×1,U+C57C:\uc57c×2,U+C5C6:\uc5c6×1,U+C5EC:\uc5ec×1,U+C6B0:\uc6b0×1,U+C6D0:\uc6d0×1,U+C744:\uc744×1,U+C758:\uc758×1,U+C774:\uc774×1,U+C790:\uc790×1,U+C815:\uc815×1,U+C81C:\uc81c×1,U+C99D:\uc99d×1,U+CE58:\uce58×1,U+D310:\ud310×1,U+D558:\ud558×2,U+D55C:\ud55c×2,U+D560:\ud560×1,U+D568:\ud568×1,U+D574:\ud574×1	-
149	34	6	U+002C:,×1,U+AC00:\uac00×1,U+AC70:\uac70×1,U+ACB0:\uacb0×1,U+ACBD:\uacbd×1,U+AD6C:\uad6c×1,U+B4DD:\ub4dd×1,U+B85C:\ub85c×1,U+B85D:\ub85d×1,U+B97C:\ub97c×1,U+BA70:\uba70×1,U+BD80:\ubd80×1,U+C218:\uc218×1,U+C57C:\uc57c×2,U+C5C6:\uc5c6×1,U+C5EC:\uc5ec×1,U+C6B0:\uc6b0×1,U+C6D0:\uc6d0×1,U+C758:\uc758×1,U+C774:\uc774×1,U+C790:\uc790×1,U+C815:\uc815×1,U+C81C:\uc81c×1,U+C99D:\uc99d×1,U+CE58:\uce58×1,U+D310:\ud310×1,U+D558:\ud558×2,U+D55C:\ud55c×2,U+D560:\ud560×1,U+D568:\ud568×1,U+D574:\ud574×1	U+AC04:\uac04×1,U+AC83:\uac83×1,U+AE30:\uae30×1,U+B450:\ub450×1,U+BC29:\ubc29×1,U+C784:\uc784×1	-
150	6	101	U+AC04:\uac04×1,U+B3C4:\ub3c4×1,U+B450:\ub450×1,U+BC29:\ubc29×1,U+BC95:\ubc95×1,U+C784:\uc784×1	U+002C:,×6,U+002E:.×2,U+0031:1×3,U+0033:3×2,U+0035:5×1,U+0037:7×1,U+0039:9×1,U+AC1C:\uac1c×1,U+ACBD:\uacbd×1,U+ACC4:\uacc4×1,U+ACE0:\uace0×2,U+ACFC:\uacfc×1,U+AD00:\uad00×3,U+AE30:\uae30×1,U+B098:\ub098×1,U+B144:\ub144×6,U+B220:\ub220×1,U+B300:\ub300×2,U+B7FC:\ub7fc×1,U+B85C:\ub85c×2,U+B85D:\ub85d×1,U+B9AC:\ub9ac×2,U+BC0F:\ubc0f×1,U+BCD1:\ubcd1×1,U+BCF4:\ubcf4×1,U+BCF8:\ubcf8×1,U+BD80:\ubd80×1,U+C0AC:\uc0ac×2,U+C0B0:\uc0b0×1,U+C0C1:\uc0c1×2,U+C0DD:\uc0dd×1,U+C13C:\uc13c×1,U+C2DC:\uc2dc×1,U+C2DD:\uc2dd×3,U+C548:\uc548×1,U+C57C:\uc57c×1,U+C5D0:\uc5d0×3,U+C5EC:\uc5ec×1,U+C5F0:\uc5f0×1,U+C694:\uc694×1,U+C6D4:\uc6d4×1,U+C728:\uc728×1,U+C73C:\uc73c×1,U+C744:\uc744×2,U+C74C:\uc74c×1,U+C774:\uc774×3,U+C788:\uc788×1,U+C790:\uc790×2,U+C7A5:\uc7a5×1,U+C815:\uc815×1,U+C81C:\uc81c×3,U+C874:\uc874×1,U+C9C8:\uc9c8×1,U+CC98:\ucc98×1,U+CD9C:\ucd9c×2,U+D130:\ud130×1,U+D1B5:\ud1b5×1,U+D544:\ud544×1,U+D558:\ud558×2,U+D55C:\ud55c×2,U+D560:\ud560×1,U+D568:\ud568×2,U+D56D:\ud56d×1,U+D654:\ud654×1,U+D6C4:\ud6c4×1	-
151	106	0	U+002C:,×6,U+002E:.×3,U+0031:1×3,U+0033:3×2,U+0035:5×1,U+0037:7×1,U+0039:9×1,U+AC1C:\uac1c×1,U+AC83:\uac83×1,U+ACBD:\uacbd×1,U+ACC4:\uacc4×1,U+ACE0:\uace0×2,U+ACFC:\uacfc×1,U+AD00:\uad00×3,U+AE30:\uae30×2,U+B098:\ub098×1,U+B144:\ub144×6,U+B220:\ub220×1,U+B294:\ub294×1,U+B300:\ub300×2,U+B7FC:\ub7fc×1,U+B85C:\ub85c×2,U+B85D:\ub85d×1,U+B9AC:\ub9ac×2,U+BC0F:\ubc0f×1,U+BCD1:\ubcd1×1,U+BCF4:\ubcf4×1,U+BCF8:\ubcf8×1,U+BD80:\ubd80×1,U+C0AC:\uc0ac×2,U+C0B0:\uc0b0×1,U+C0C1:\uc0c1×2,U+C0DD:\uc0dd×1,U+C13C:\uc13c×1,U+C2DC:\uc2dc×1,U+C2DD:\uc2dd×3,U+C548:\uc548×1,U+C57C:\uc57c×1,U+C5D0:\uc5d0×3,U+C5EC:\uc5ec×1,U+C5F0:\uc5f0×1,U+C694:\uc694×1,U+C6D4:\uc6d4×1,U+C728:\uc728×1,U+C73C:\uc73c×1,U+C744:\uc744×3,U+C74C:\uc74c×1,U+C774:\uc774×3,U+C788:\uc788×1,U+C790:\uc790×2,U+C7A5:\uc7a5×1,U+C815:\uc815×1,U+C81C:\uc81c×3,U+C874:\uc874×1,U+C9C8:\uc9c8×1,U+CC98:\ucc98×1,U+CD9C:\ucd9c×2,U+D130:\ud130×1,U+D1B5:\ud1b5×1,U+D544:\ud544×1,U+D558:\ud558×2,U+D55C:\ud55c×2,U+D560:\ud560×1,U+D568:\ud568×2,U+D56D:\ud56d×1,U+D654:\ud654×1,U+D6C4:\ud6c4×1		-
152	0	19		U+002E:.×1,U+ACB0:\uacb0×1,U+ACFC:\uacfc×1,U+B2F9:\ub2f9×1,U+B420:\ub420×2,U+B530:\ub530×1,U+B54C:\ub54c×1,U+B77C:\ub77c×1,U+B9CC:\ub9cc×1,U+C218:\uc218×2,U+C5D0:\uc5d0×2,U+C74C:\uc74c×1,U+C788:\uc788×1,U+C815:\uc815×1,U+D589:\ud589×1,U+D654:\ud654×1	-
153	19	0	U+002E:.×1,U+ACB0:\uacb0×1,U+ACFC:\uacfc×1,U+B2F9:\ub2f9×1,U+B420:\ub420×2,U+B530:\ub530×1,U+B54C:\ub54c×1,U+B77C:\ub77c×1,U+B9CC:\ub9cc×1,U+C218:\uc218×2,U+C5D0:\uc5d0×2,U+C74C:\uc74c×1,U+C788:\uc788×1,U+C815:\uc815×1,U+D589:\ud589×1,U+D654:\ud654×1		-
154	69	0	U+002D:-×1,U+002E:.×2,U+AC00:\uac00×1,U+AC80:\uac80×1,U+ACB0:\uacb0×1,U+ACE0:\uace0×2,U+ACF5:\uacf5×1,U+ACFC:\uacfc×2,U+AD00:\uad00×1,U+AE30:\uae30×2,U+B3C5:\ub3c5×2,U+B3D9:\ub3d9×1,U+B4E0:\ub4e0×1,U+B85C:\ub85c×1,U+B97C:\ub97c×1,U+B9BD:\ub9bd×2,U+BAA8:\ubaa8×1,U+BC1B:\ubc1b×1,U+C0AC:\uc0ac×1,U+C0DD:\uc0dd×2,U+C11C:\uc11c×1,U+C131:\uc131×1,U+C218:\uc218×1,U+C2DD:\uc2dd×1,U+C5D0:\uc5d0×1,U+C704:\uc704×1,U+C73C:\uc73c×1,U+C744:\uc744×2,U+C74C:\uc74c×1,U+C758:\uc758×4,U+C774:\uc774×2,U+C775:\uc775×1,U+C778:\uc778×1,U+C790:\uc790×2,U+C801:\uc801×4,U+C815:\uc815×1,U+C81C:\uc81c×1,U+C874:\uc874×2,U+C99D:\uc99d×2,U+C9C0:\uc9c0×1,U+D300:\ud300×1,U+D559:\ud559×2,U+D568:\ud568×2,U+D569:\ud569×1,U+D574:\ud574×1,U+D588:\ud588×1,U+D589:\ud589×1,U+D5D8:\ud5d8×1,U+D655:\ud655×1		-
155	847	11	U+0028:(×6,U+0029:)×8,U+002C:,×33,U+002D:-×5,U+002E:.×18,U+002F:/×4,U+0030:0×3,U+0031:1×8,U+0032:2×9,U+0033:3×5,U+0034:4×2,U+0035:5×2,U+0036:6×2,U+0038:8×1,U+003A::×1,U+003C:<×4,U+003E:>×4,U+0041:A×2,U+0042:B×7,U+0043:C×9,U+0049:I×2,U+004D:M×4,U+004E:N×1,U+004F:O×3,U+0050:P×3,U+0052:R×2,U+0053:S×7,U+0054:T×5,U+0061:a×14,U+0063:c×3,U+0064:d×3,U+0065:e×12,U+0066:f×1,U+0067:g×7,U+0068:h×2,U+0069:i×5,U+006A:j×1,U+006C:l×5,U+006D:m×1,U+006E:n×4,U+0070:p×2,U+0071:q×1,U+0072:r×3,U+0073:s×1,U+0074:t×10,U+0075:u×1,U+0076:v×1,U+304C:\u304c×1,U+3093:\u3093×1,U+30B9:\u30b9×1,U+30D7:\u30d7×1,U+30E9:\u30e9×1,U+AC00:\uac00×12,U+AC01:\uac01×1,U+AC04:\uac04×8,U+AC10:\uac10×1,U+AC19:\uac19×1,U+AC1C:\uac1c×2,U+AC70:\uac70×1,U+AC80:\uac80×30,U+AC83:\uac83×1,U+AC8C:\uac8c×1,U+ACB0:\uacb0×2,U+ACBD:\uacbd×2,U+ACC4:\uacc4×1,U+ACE0:\uace0×2,U+ACFC:\uacfc×1,U+AD00:\uad00×4,U+AD6C:\uad6c×1,U+ADF8:\uadf8×1,U+AE30:\uae30×10,U+B098:\ub098×1,U+B124:\ub124×2,U+B144:\ub144×1,U+B193:\ub193×1,U+B1E8:\ub1e8×1,U+B294:\ub294×8,U+B2A5:\ub2a5×3,U+B2DD:\ub2dd×4,U+B2E8:\ub2e8×3,U+B2F9:\ub2f9×1,U+B300:\ub300×2,U+B3C4:\ub3c4×4,U+B3D9:\ub3d9×1,U+B418:\ub418×1,U+B41C:\ub41c×2,U+B4DC:\ub4dc×2,U+B4E4:\ub4e4×1,U+B4F1:\ub4f1×3,U+B514:\ub514×3,U+B610:\ub610×1,U+B77C:\ub77c×1,U+B825:\ub825×5,U+B85C:\ub85c×1,U+B85D:\ub85d×2,U+B8CC:\ub8cc×3,U+B97C:\ub97c×13,U+B9AC:\ub9ac×5,U+B9BC:\ub9bc×1,U+B9C8:\ub9c8×1,U+B9CC:\ub9cc×1,U+BA70:\uba70×1,U+BA85:\uba85×3,U+BAA9:\ubaa9×1,U+BB38:\ubb38×10,U+BBF8:\ubbf8×2,U+BC0F:\ubc0f×2,U+BC18:\ubc18×4,U+BC30:\ubc30×1,U+BCC4:\ubcc4×2,U+BCD1:\ubcd1×4,U+BCF4:\ubcf4×1,U+BCF5:\ubcf5×2,U+BCF8:\ubcf8×1,U+BD80:\ubd80×4,U+BDF0:\ubdf0×1,U+BE48:\ube48×1,U+C0AC:\uc0ac×34,U+C0C1:\uc0c1×1,U+C0DD:\uc0dd×1,U+C11C:\uc11c×3,U+C120:\uc120×5,U+C124:\uc124×7,U+C131:\uc131×6,U+C138:\uc138×1,U+C13C:\uc13c×1,U+C218:\uc218×6,U+C21C:\uc21c×2,U+C220:\uc220×3,U+C2A4:\uc2a4×4,U+C2B5:\uc2b5×2,U+C2DC:\uc2dc×6,U+C2DD:\uc2dd×3,U+C2E0:\uc2e0×3,U+C2E4:\uc2e4×6,U+C2EC:\uc2ec×3,U+C54A:\uc54a×1,U+C554:\uc554×2,U+C558:\uc558×1,U+C561:\uc561×8,U+C57D:\uc57d×1,U+C5B4:\uc5b4×1,U+C5C6:\uc5c6×1,U+C5D0:\uc5d0×6,U+C5EC:\uc5ec×1,U+C5FC:\uc5fc×1,U+C608:\uc608×1,U+C640:\uc640×3,U+C694:\uc694×1,U+C6B0:\uc6b0×5,U+C6D0:\uc6d0×1,U+C6D4:\uc6d4×2,U+C704:\uc704×4,U+C73C:\uc73c×1,U+C740:\uc740×1,U+C744:\uc744×3,U+C74C:\uc74c×5,U+C758:\uc758×5,U+C774:\uc774×15,U+C778:\uc778×8,U+C77C:\uc77c×7,U+C784:\uc784×1,U+C788:\uc788×3,U+C790:\uc790×4,U+C7A5:\uc7a5×3,U+C801:\uc801×19,U+C804:\uc804×8,U+C808:\uc808×4,U+C815:\uc815×2,U+C81C:\uc81c×1,U+C870:\uc870×1,U+C871:\uc871×2,U+C885:\uc885×6,U+C900:\uc900×2,U+C99D:\uc99d×2,U+C9C0:\uc9c0×2,U+C9C1:\uc9c1×1,U+C9C4:\uc9c4×6,U+C9C8:\uc9c8×9,U+C9D5:\uc9d5×2,U+CC28:\ucc28×5,U+CC30:\ucc30×1,U+CC98:\ucc98×1,U+CCAB:\uccab×1,U+CCAD:\uccad×2,U+CCB4:\uccb4×1,U+CD08:\ucd08×3,U+CD5C:\ucd5c×6,U+CD94:\ucd94×1,U+CE58:\uce58×2,U+CF54:\ucf54×2,U+CF58:\ucf58×1,U+D06C:\ud06c×4,U+D0DC:\ud0dc×1,U+D130:\ud130×3,U+D1A0:\ud1a0×1,U+D1B5:\ud1b5×1,U+D2B8:\ud2b8×1,U+D2B9:\ud2b9×3,U+D30C:\ud30c×4,U+D3C9:\ud3c9×6,U+D3FC:\ud3fc×1,U+D45C:\ud45c×2,U+D544:\ud544×1,U+D558:\ud558×10,U+D559:\ud559×11,U+D55C:\ud55c×10,U+D568:\ud568×4,U+D569:\ud569×5,U+D56D:\ud56d×1,U+D574:\ud574×2,U+D589:\ud589×4,U+D5D8:\ud5d8×2,U+D608:\ud608×13,U+D615:\ud615×4,U+D638:\ud638×1,U+D654:\ud654×4,U+D655:\ud655×3,U+D658:\ud658×6,U+D65C:\ud65c×2,U+D68C:\ud68c×3,U+D6C4:\ud6c4×5,U+D788:\ud788×1	U+ACF5:\uacf5×1,U+B3C5:\ub3c5×2,U+B4E0:\ub4e0×1,U+B9BD:\ub9bd×2,U+BC1B:\ubc1b×1,U+C775:\uc775×1,U+C874:\uc874×2,U+D588:\ud588×1	-
156	475	341	U+0029:)×6,U+002C:,×2,U+002D:-×2,U+002E:.×7,U+002F:/×17,U+0030:0×12,U+0031:1×3,U+0032:2×8,U+0033:3×2,U+0034:4×7,U+0035:5×2,U+0036:6×3,U+0037:7×3,U+0038:8×1,U+0039:9×1,U+003A::×4,U+0048:H×1,U+004C:L×1,U+0058:X×2,U+005F:_×5,U+0061:a×2,U+0063:c×3,U+0068:h×4,U+0069:i×2,U+006A:j×5,U+006B:k×4,U+006C:l×2,U+006D:m×2,U+006E:n×4,U+006F:o×8,U+0070:p×12,U+0072:r×6,U+0073:s×6,U+0074:t×10,U+0075:u×2,U+0077:w×9,U+0079:y×3,U+007A:z×1,U+3147:\u3147×1,U+AC04:\uac04×5,U+AC15:\uac15×1,U+AC74:\uac74×1,U+AC83:\uac83×1,U+AC8C:\uac8c×3,U+ACAC:\uacac×1,U+ACBD:\uacbd×9,U+ACE0:\uace0×4,U+ACFC:\uacfc×2,U+AD50:\uad50×2,U+AD8C:\uad8c×1,U+ADF8:\uadf8×1,U+AE08:\uae08×3,U+AE30:\uae30×11,U+AE4C:\uae4c×3,U+B098:\ub098×1,U+B0B4:\ub0b4×6,U+B2A5:\ub2a5×1,U+B2C8:\ub2c8×1,U+B2E4:\ub2e4×2,U+B2F4:\ub2f4×2,U+B300:\ub300×4,U+B3C4:\ub3c4×1,U+B418:\ub418×5,U+B41C:\ub41c×2,U+B4EF:\ub4ef×1,U+B4F1:\ub4f1×5,U+B530:\ub530×1,U+B54C:\ub54c×1,U+B78C:\ub78c×2,U+B7C9:\ub7c9×1,U+B824:\ub824×1,U+B839:\ub839×2,U+B85C:\ub85c×5,U+B978:\ub978×1,U+B9CC:\ub9cc×1,U+B9E4:\ub9e4×1,U+BA70:\uba70×1,U+BA74:\uba74×1,U+BB34:\ubb34×2,U+BBFC:\ubbfc×1,U+BC0F:\ubc0f×4,U+BC16:\ubc16×1,U+BC1B:\ubc1b×2,U+BC1C:\ubc1c×2,U+BC29:\ubc29×1,U+BC88:\ubc88×1,U+BCC0:\ubcc0×4,U+BCF4:\ubcf4×4,U+BCF5:\ubcf5×1,U+BD80:\ubd80×5,U+BD84:\ubd84×1,U+BE60:\ube60×1,U+C0B0:\uc0b0×1,U+C0C1:\uc0c1×6,U+C0C9:\uc0c9×1,U+C158:\uc158×2,U+C18C:\uc18c×1,U+C2E0:\uc2e0×1,U+C2EC:\uc2ec×3,U+C2F6:\uc2f6×1,U+C544:\uc544×1,U+C554:\uc554×3,U+C560:\uc560×1,U+C57C:\uc57c×1,U+C591:\uc591×3,U+C5B4:\uc5b4×5,U+C5D0:\uc5d0×3,U+C5EC:\uc5ec×3,U+C5ED:\uc5ed×1,U+C5F0:\uc5f0×1,U+C5FC:\uc5fc×1,U+C601:\uc601×3,U+C678:\uc678×1,U+C694:\uc694×1,U+C6A9:\uc6a9×3,U+C6B0:\uc6b0×4,U+C6B4:\uc6b4×2,U+C6D0:\uc6d0×3,U+C720:\uc720×4,U+C740:\uc740×5,U+C744:\uc744×3,U+C74C:\uc74c×2,U+C751:\uc751×1,U+C758:\uc758×5,U+C774:\uc774×1,U+C784:\uc784×2,U+C785:\uc785×2,U+C788:\uc788×4,U+C790:\uc790×10,U+C7A0:\uc7a0×2,U+C7A5:\uc7a5×3,U+C800:\uc800×1,U+C81C:\uc81c×2,U+C870:\uc870×4,U+C874:\uc874×1,U+C8FC:\uc8fc×2,U+C911:\uc911×1,U+C99D:\uc99d×9,U+C9C0:\uc9c0×10,U+C9C4:\uc9c4×1,U+CC38:\ucc38×1,U+CCA0:\ucca0×1,U+CCA8:\ucca8×1,U+CE68:\uce68×1,U+CF00:\ucf00×2,U+D0C0:\ud0c0×2,U+D1A0:\ud1a0×3,U+D3D0:\ud3d0×1,U+D3EC:\ud3ec×1,U+D45C:\ud45c×2,U+D50C:\ud50c×3,U+D544:\ud544×2,U+D558:\ud558×3,U+D560:\ud560×4,U+D638:\ud638×3,U+D669:\ud669×1,U+D749:\ud749×2,U+D761:\ud761×3,U+FFFD:\ufffd×6	U+003C:<×3,U+003E:>×3,U+0041:A×1,U+0042:B×6,U+0043:C×4,U+0049:I×2,U+004D:M×3,U+004E:N×1,U+004F:O×3,U+0050:P×2,U+0052:R×1,U+0053:S×7,U+0054:T×1,U+0064:d×2,U+0065:e×7,U+0067:g×5,U+0071:q×1,U+304C:\u304c×1,U+3093:\u3093×1,U+30B9:\u30b9×1,U+30D7:\u30d7×1,U+30E9:\u30e9×1,U+AC00:\uac00×4,U+AC01:\uac01×1,U+AC19:\uac19×1,U+AC1C:\uac1c×1,U+AC70:\uac70×1,U+AC80:\uac80×4,U+ACB0:\uacb0×2,U+ACC4:\uacc4×1,U+AD00:\uad00×3,U+B124:\ub124×2,U+B193:\ub193×1,U+B294:\ub294×1,U+B2DD:\ub2dd×4,U+B2E8:\ub2e8×3,U+B3D9:\ub3d9×1,U+B4E4:\ub4e4×1,U+B514:\ub514×1,U+B610:\ub610×1,U+B825:\ub825×5,U+B85D:\ub85d×1,U+B8CC:\ub8cc×2,U+B97C:\ub97c×10,U+B9AC:\ub9ac×3,U+B9BC:\ub9bc×1,U+BAA9:\ubaa9×1,U+BB38:\ubb38×5,U+BBF8:\ubbf8×2,U+BC18:\ubc18×2,U+BCC4:\ubcc4×2,U+BCD1:\ubcd1×2,U+BDF0:\ubdf0×1,U+C0AC:\uc0ac×11,U+C11C:\uc11c×2,U+C120:\uc120×5,U+C124:\uc124×4,U+C131:\uc131×6,U+C138:\uc138×1,U+C13C:\uc13c×1,U+C218:\uc218×3,U+C21C:\uc21c×1,U+C220:\uc220×2,U+C2A4:\uc2a4×2,U+C2B5:\uc2b5×1,U+C2DD:\uc2dd×2,U+C2E4:\uc2e4×4,U+C54A:\uc54a×1,U+C558:\uc558×1,U+C561:\uc561×6,U+C57D:\uc57d×1,U+C5C6:\uc5c6×1,U+C608:\uc608×1,U+C640:\uc640×2,U+C6D4:\uc6d4×1,U+C704:\uc704×3,U+C778:\uc778×4,U+C77C:\uc77c×3,U+C801:\uc801×21,U+C804:\uc804×2,U+C808:\uc808×4,U+C815:\uc815×1,U+C871:\uc871×2,U+C885:\uc885×4,U+C900:\uc900×2,U+C9C1:\uc9c1×1,U+C9C8:\uc9c8×8,U+C9D5:\uc9d5×2,U+CC28:\ucc28×5,U+CC30:\ucc30×1,U+CC98:\ucc98×1,U+CCAB:\uccab×1,U+CCAD:\uccad×2,U+CCB4:\uccb4×1,U+CD5C:\ucd5c×6,U+CD94:\ucd94×1,U+CF54:\ucf54×2,U+CF58:\ucf58×1,U+D06C:\ud06c×1,U+D0DC:\ud0dc×1,U+D130:\ud130×3,U+D2B8:\ud2b8×1,U+D2B9:\ud2b9×3,U+D300:\ud300×1,U+D30C:\ud30c×1,U+D3C9:\ud3c9×5,U+D3FC:\ud3fc×1,U+D559:\ud559×12,U+D55C:\ud55c×6,U+D568:\ud568×1,U+D569:\ud569×6,U+D56D:\ud56d×1,U+D574:\ud574×3,U+D589:\ud589×3,U+D5D8:\ud5d8×3,U+D608:\ud608×5,U+D615:\ud615×4,U+D654:\ud654×4,U+D655:\ud655×2,U+D658:\ud658×4,U+D65C:\ud65c×1,U+D68C:\ud68c×3,U+D6C4:\ud6c4×1,U+D788:\ud788×1	-
157	282	694	U+002C:,×7,U+003A::×2,U+003C:<×1,U+003E:>×1,U+0042:B×2,U+0044:D×3,U+0045:E×1,U+0047:G×2,U+0049:I×1,U+004A:J×2,U+004E:N×1,U+004F:O×2,U+0050:P×1,U+0053:S×1,U+0056:V×3,U+AC19:\uac19×1,U+AC70:\uac70×4,U+ACB0:\uacb0×2,U+ACC4:\uacc4×12,U+ACFC:\uacfc×1,U+AD00:\uad00×7,U+AE00:\uae00×1,U+AED8:\uaed8×1,U+B0A8:\ub0a8×1,U+B113:\ub113×1,U+B1E8:\ub1e8×3,U+B2DD:\ub2dd×1,U+B2F4:\ub2f4×1,U+B2F9:\ub2f9×2,U+B3C5:\ub3c5×3,U+B3D9:\ub3d9×5,U+B610:\ub610×1,U+B7C9:\ub7c9×2,U+B7EC:\ub7ec×3,U+B825:\ub825×21,U+B8CC:\ub8cc×2,U+B974:\ub974×4,U+B9E5:\ub9e5×2,U+BA74:\uba74×3,U+BAAC:\ubaac×3,U+BB3C:\ubb3c×2,U+BC14:\ubc14×1,U+BC30:\ubc30×1,U+BCD1:\ubcd1×7,U+BE44:\ube44×1,U+BFD0:\ubfd0×1,U+C0BD:\uc0bd×1,U+C12D:\uc12d×2,U+C131:\uc131×9,U+C18C:\uc18c×1,U+C218:\uc218×2,U+C220:\uc220×1,U+C2A4:\uc2a4×1,U+C2B5:\uc2b5×2,U+C2E0:\uc2e0×2,U+C2EC:\uc2ec×1,U+C545:\uc545×2,U+C54C:\uc54c×4,U+C555:\uc555×3,U+C561:\uc561×2,U+C57D:\uc57d×1,U+C591:\uc591×3,U+C5C5:\uc5c5×1,U+C5ED:\uc5ed×2,U+C5F0:\uc5f0×1,U+C678:\uc678×1,U+C694:\uc694×1,U+C6A9:\uc6a9×2,U+C704:\uc704×1,U+C815:\uc815×1,U+C871:\uc871×2,U+C885:\uc885×4,U+C8FC:\uc8fc×3,U+C999:\uc999×1,U+C9C1:\uc9c1×1,U+C9C8:\uc9c8×22,U+CCB4:\uccb4×2,U+CD94:\ucd94×1,U+CD9C:\ucd9c×1,U+CDE8:\ucde8×3,U+CE58:\uce58×1,U+CF5C:\ucf5c×2,U+D0DC:\ud0dc×2,U+D1B5:\ud1b5×1,U+D2B9:\ud2b9×1,U+D398:\ud398×1,U+D3C9:\ud3c9×1,U+D3D0:\ud3d0×2,U+D3ED:\ud3ed×1,U+D54D:\ud54d×1,U+D559:\ud559×1,U+D569:\ud569×1,U+D574:\ud574×2,U+D575:\ud575×1,U+D589:\ud589×5,U+D5A5:\ud5a5×1,U+D5D8:\ud5d8×3,U+D5E4:\ud5e4×2,U+D608:\ud608×8,U+D615:\ud615×1,U+D654:\ud654×2,U+D658:\ud658×20,U+D65C:\ud65c×2,U+D68C:\ud68c×2,U+D788:\ud788×1	U+0029:)×8,U+002E:.×25,U+002F:/×11,U+0030:0×15,U+0031:1×11,U+0032:2×17,U+0033:3×6,U+0034:4×9,U+0035:5×4,U+0036:6×4,U+0037:7×2,U+0038:8×2,U+0039:9×1,U+0043:C×2,U+004C:L×1,U+0052:R×1,U+0054:T×2,U+0058:X×2,U+005F:_×5,U+0061:a×16,U+0063:c×5,U+0065:e×3,U+0066:f×1,U+0067:g×2,U+0068:h×6,U+0069:i×4,U+006A:j×6,U+006B:k×4,U+006C:l×5,U+006D:m×3,U+006E:n×7,U+006F:o×7,U+0070:p×13,U+0072:r×9,U+0073:s×7,U+0074:t×20,U+0075:u×2,U+0076:v×1,U+0077:w×9,U+0079:y×2,U+007A:z×1,U+2022:\u2022×6,U+3147:\u3147×1,U+AC04:\uac04×8,U+AC15:\uac15×1,U+AC1C:\uac1c×1,U+AC74:\uac74×1,U+AC80:\uac80×25,U+AC83:\uac83×2,U+AC8C:\uac8c×2,U+ACAC:\uacac×1,U+ACBD:\uacbd×10,U+ACE0:\uace0×1,U+AD50:\uad50×2,U+AD6C:\uad6c×1,U+AD8C:\uad8c×1,U+ADF8:\uadf8×1,U+AE08:\uae08×3,U+AE30:\uae30×14,U+AE4C:\uae4c×2,U+B098:\ub098×2,U+B0B4:\ub0b4×4,U+B144:\ub144×1,U+B294:\ub294×3,U+B2A5:\ub2a5×2,U+B300:\ub300×6,U+B3C4:\ub3c4×5,U+B418:\ub418×5,U+B41C:\ub41c×4,U+B4DC:\ub4dc×2,U+B4EF:\ub4ef×1,U+B4F1:\ub4f1×7,U+B514:\ub514×2,U+B530:\ub530×1,U+B54C:\ub54c×1,U+B78C:\ub78c×2,U+B839:\ub839×2,U+B85C:\ub85c×6,U+B85D:\ub85d×1,U+B97C:\ub97c×4,U+BA70:\uba70×2,U+BA85:\uba85×3,U+BB34:\ubb34×2,U+BB38:\ubb38×2,U+BBFC:\ubbfc×1,U+BC0F:\ubc0f×5,U+BC16:\ubc16×1,U+BC1B:\ubc1b×2,U+BC29:\ubc29×1,U+BC88:\ubc88×1,U+BCC0:\ubcc0×4,U+BCF4:\ubcf4×4,U+BCF5:\ubcf5×2,U+BCF8:\ubcf8×1,U+BD80:\ubd80×8,U+BD84:\ubd84×1,U+BE60:\ube60×1,U+C0AC:\uc0ac×21,U+C0C1:\uc0c1×3,U+C0C9:\uc0c9×1,U+C11C:\uc11c×2,U+C158:\uc158×2,U+C21C:\uc21c×1,U+C2DC:\uc2dc×6,U+C2DD:\uc2dd×2,U+C2E4:\uc2e4×2,U+C2F6:\uc2f6×1,U+C554:\uc554×5,U+C560:\uc560×1,U+C5B4:\uc5b4×6,U+C5D0:\uc5d0×9,U+C5EC:\uc5ec×2,U+C601:\uc601×3,U+C6B0:\uc6b0×9,U+C6D0:\uc6d0×3,U+C6D4:\uc6d4×1,U+C720:\uc720×2,U+C73C:\uc73c×2,U+C740:\uc740×6,U+C744:\uc744×6,U+C74C:\uc74c×6,U+C758:\uc758×13,U+C774:\uc774×15,U+C778:\uc778×4,U+C77C:\uc77c×2,U+C784:\uc784×1,U+C788:\uc788×6,U+C790:\uc790×9,U+C7A0:\uc7a0×2,U+C7A5:\uc7a5×3,U+C800:\uc800×1,U+C801:\uc801×1,U+C804:\uc804×2,U+C81C:\uc81c×4,U+C870:\uc870×5,U+C911:\uc911×1,U+C99D:\uc99d×6,U+C9C0:\uc9c0×10,U+C9C4:\uc9c4×6,U+CC38:\ucc38×1,U+CCA0:\ucca0×1,U+CCA8:\ucca8×1,U+CD08:\ucd08×3,U+CE68:\uce68×1,U+CF00:\ucf00×2,U+D06C:\ud06c×2,U+D0C0:\ud0c0×1,U+D1A0:\ud1a0×4,U+D30C:\ud30c×1,U+D45C:\ud45c×3,U+D50C:\ud50c×3,U+D544:\ud544×3,U+D558:\ud558×12,U+D55C:\ud55c×3,U+D560:\ud560×1,U+D568:\ud568×2,U+D638:\ud638×1,U+D655:\ud655×2,U+D669:\ud669×1,U+D6C4:\ud6c4×4,U+D749:\ud749×2,U+D761:\ud761×1	-
158	32	572	U+0049:I×1,U+004D:M×1,U+AC80:\uac80×1,U+B85C:\ub85c×1,U+B97C:\ub97c×1,U+B9B4:\ub9b4×1,U+BA70:\uba70×1,U+BBC0:\ubbc0×1,U+BC29:\ubc29×1,U+BCC0:\ubcc0×1,U+BCF8:\ubcf8×1,U+C2DD:\uc2dd×1,U+C5C6:\uc5c6×1,U+C608:\uc608×1,U+C73C:\uc73c×2,U+C740:\uc740×1,U+C774:\uc774×2,U+C788:\uc788×1,U+C808:\uc808×1,U+C911:\uc911×2,U+C9C4:\uc9c4×1,U+C9D5:\uc9d5×1,U+CC28:\ucc28×1,U+CD5C:\ucd5c×1,U+CE21:\uce21×1,U+D0D5:\ud0d5×1,U+D544:\ud544×1,U+D6C4:\ud6c4×2	U+0028:(×6,U+0029:)×6,U+002C:,×39,U+002D:-×7,U+002E:.×1,U+002F:/×10,U+0033:3×1,U+0036:6×1,U+0037:7×1,U+003A::×7,U+003C:<×2,U+003E:>×2,U+0041:A×1,U+0042:B×1,U+0043:C×3,U+0044:D×3,U+0045:E×1,U+0047:G×2,U+0048:H×1,U+004A:J×2,U+004E:N×1,U+004F:O×2,U+0050:P×2,U+0053:S×1,U+0054:T×2,U+0056:V×3,U+0063:c×1,U+0064:d×1,U+0065:e×2,U+0069:i×3,U+006C:l×2,U+006E:n×1,U+006F:o×1,U+0070:p×1,U+0075:u×1,U+0079:y×1,U+AC00:\uac00×7,U+AC04:\uac04×4,U+AC10:\uac10×1,U+AC19:\uac19×1,U+AC70:\uac70×4,U+AC8C:\uac8c×2,U+ACB0:\uacb0×2,U+ACBD:\uacbd×1,U+ACC4:\uacc4×12,U+ACE0:\uace0×7,U+ACFC:\uacfc×6,U+AD00:\uad00×9,U+ADF8:\uadf8×1,U+AE00:\uae00×1,U+AE30:\uae30×8,U+AE4C:\uae4c×1,U+AED8:\uaed8×1,U+B0A8:\ub0a8×1,U+B0B4:\ub0b4×1,U+B113:\ub113×1,U+B1E8:\ub1e8×4,U+B294:\ub294×2,U+B2A5:\ub2a5×1,U+B2C8:\ub2c8×1,U+B2DD:\ub2dd×1,U+B2E4:\ub2e4×2,U+B2F4:\ub2f4×3,U+B2F9:\ub2f9×3,U+B3C5:\ub3c5×3,U+B3D9:\ub3d9×6,U+B418:\ub418×1,U+B4F1:\ub4f1×1,U+B610:\ub610×1,U+B77C:\ub77c×1,U+B7C9:\ub7c9×3,U+B7EC:\ub7ec×3,U+B824:\ub824×1,U+B825:\ub825×20,U+B8CC:\ub8cc×3,U+B974:\ub974×4,U+B978:\ub978×1,U+B9AC:\ub9ac×2,U+B9C8:\ub9c8×1,U+B9CC:\ub9cc×2,U+B9E4:\ub9e4×1,U+B9E5:\ub9e5×2,U+BA74:\uba74×4,U+BAA8:\ubaa8×1,U+BAAC:\ubaac×3,U+BB38:\ubb38×3,U+BB3C:\ubb3c×2,U+BC18:\ubc18×2,U+BC1C:\ubc1c×2,U+BC30:\ubc30×2,U+BCD1:\ubcd1×9,U+BCF4:\ubcf4×1,U+BCF5:\ubcf5×1,U+BD80:\ubd80×1,U+BE44:\ube44×1,U+BE48:\ube48×1,U+BFD0:\ubfd0×1,U+C0AC:\uc0ac×3,U+C0B0:\uc0b0×1,U+C0BD:\uc0bd×1,U+C0C1:\uc0c1×4,U+C0DD:\uc0dd×2,U+C124:\uc124×3,U+C12D:\uc12d×2,U+C131:\uc131×9,U+C18C:\uc18c×2,U+C218:\uc218×4,U+C220:\uc220×2,U+C2A4:\uc2a4×3,U+C2B5:\uc2b5×3,U+C2E0:\uc2e0×4,U+C2EC:\uc2ec×7,U+C544:\uc544×1,U+C545:\uc545×2,U+C54C:\uc54c×4,U+C555:\uc555×3,U+C561:\uc561×4,U+C57C:\uc57c×1,U+C57D:\uc57d×1,U+C591:\uc591×6,U+C5C5:\uc5c5×1,U+C5D0:\uc5d0×1,U+C5EC:\uc5ec×2,U+C5ED:\uc5ed×3,U+C5F0:\uc5f0×2,U+C5FC:\uc5fc×2,U+C640:\uc640×1,U+C678:\uc678×2,U+C6A9:\uc6a9×5,U+C6B4:\uc6b4×2,U+C6D0:\uc6d0×1,U+C704:\uc704×3,U+C720:\uc720×2,U+C74C:\uc74c×2,U+C751:\uc751×1,U+C758:\uc758×1,U+C77C:\uc77c×2,U+C784:\uc784×2,U+C785:\uc785×2,U+C790:\uc790×6,U+C7A5:\uc7a5×2,U+C801:\uc801×1,U+C804:\uc804×4,U+C815:\uc815×2,U+C871:\uc871×2,U+C874:\uc874×1,U+C885:\uc885×5,U+C8FC:\uc8fc×4,U+C999:\uc999×1,U+C99D:\uc99d×7,U+C9C0:\uc9c0×2,U+C9C1:\uc9c1×1,U+C9C8:\uc9c8×23,U+CD9C:\ucd9c×1,U+CDE8:\ucde8×3,U+CE58:\uce58×3,U+CF5C:\ucf5c×2,U+D06C:\ud06c×1,U+D0C0:\ud0c0×1,U+D0DC:\ud0dc×2,U+D1B5:\ud1b5×2,U+D2B9:\ud2b9×1,U+D30C:\ud30c×2,U+D398:\ud398×1,U+D3C9:\ud3c9×1,U+D3D0:\ud3d0×3,U+D3EC:\ud3ec×1,U+D3ED:\ud3ed×1,U+D45C:\ud45c×1,U+D54D:\ud54d×1,U+D558:\ud558×1,U+D559:\ud559×2,U+D55C:\ud55c×1,U+D560:\ud560×2,U+D568:\ud568×1,U+D569:\ud569×1,U+D574:\ud574×2,U+D575:\ud575×1,U+D589:\ud589×7,U+D5A5:\ud5a5×1,U+D5D8:\ud5d8×3,U+D5E4:\ud5e4×2,U+D608:\ud608×16,U+D615:\ud615×1,U+D638:\ud638×3,U+D654:\ud654×2,U+D658:\ud658×22,U+D65C:\ud65c×2,U+D68C:\ud68c×2,U+D761:\ud761×2,U+D788:\ud788×1	-
159	740	20	U+0026:&×1,U+0028:(×9,U+0029:)×9,U+002C:,×33,U+002D:-×13,U+002E:.×8,U+002F:/×1,U+0030:0×5,U+0031:1×2,U+0032:2×2,U+0033:3×1,U+0034:4×3,U+0036:6×1,U+0038:8×1,U+0039:9×2,U+003C:<×2,U+003E:>×2,U+0041:A×10,U+0042:B×2,U+0043:C×11,U+0044:D×1,U+0045:E×1,U+0046:F×4,U+0047:G×7,U+0048:H×2,U+0049:I×4,U+004C:L×5,U+004E:N×1,U+0050:P×10,U+0052:R×2,U+0053:S×6,U+0054:T×9,U+0055:U×1,U+0056:V×2,U+0058:X×2,U+0061:a×4,U+0062:b×1,U+0063:c×1,U+0064:d×2,U+0065:e×7,U+0068:h×1,U+0069:i×5,U+006D:m×1,U+006E:n×5,U+006F:o×3,U+0072:r×6,U+0074:t×3,U+0079:y×2,U+AC00:\uac00×5,U+AC04:\uac04×3,U+AC80:\uac80×18,U+AC8C:\uac8c×1,U+ACB0:\uacb0×2,U+ACB8:\uacb8×1,U+ACC4:\uacc4×2,U+ACE0:\uace0×14,U+AD00:\uad00×1,U+AD6C:\uad6c×2,U+AD8C:\uad8c×2,U+ADF8:\uadf8×1,U+AE00:\uae00×2,U+AE30:\uae30×7,U+B098:\ub098×3,U+B0A8:\ub0a8×1,U+B192:\ub192×3,U+B294:\ub294×7,U+B2A5:\ub2a5×6,U+B2C8:\ub2c8×1,U+B2DD:\ub2dd×10,U+B2E4:\ub2e4×2,U+B2E8:\ub2e8×7,U+B2F9:\ub2f9×1,U+B300:\ub300×1,U+B3C4:\ub3c4×9,U+B3D9:\ub3d9×1,U+B418:\ub418×1,U+B428:\ub428×2,U+B4E0:\ub4e0×1,U+B4F1:\ub4f1×3,U+B514:\ub514×1,U+B54C:\ub54c×4,U+B77C:\ub77c×2,U+B79C:\ub79c×1,U+B7EC:\ub7ec×1,U+B824:\ub824×1,U+B86C:\ub86c×3,U+B8E8:\ub8e8×2,U+B960:\ub960×1,U+B97C:\ub97c×2,U+B9AC:\ub9ac×14,U+B9CC:\ub9cc×2,U+B9D0:\ub9d0×1,U+B9DD:\ub9dd×1,U+B9E5:\ub9e5×1,U+BA70:\uba70×1,U+BAA8:\ubaa8×2,U+BB34:\ubb34×1,U+BB38:\ubb38×2,U+BBF8:\ubbf8×1,U+BBFC:\ubbfc×1,U+BC00:\ubc00×1,U+BC18:\ubc18×3,U+BC1B:\ubc1b×1,U+BC29:\ubc29×3,U+BC31:\ubc31×6,U+BCC0:\ubcc0×4,U+BCC4:\ubcc4×1,U+BCD1:\ubcd1×4,U+BCF5:\ubcf5×3,U+BD80:\ubd80×8,U+BD84:\ubd84×1,U+BE48:\ube48×6,U+BE4C:\ube4c×1,U+BFD0:\ubfd0×1,U+C0AC:\uc0ac×24,U+C0B0:\uc0b0×2,U+C0C1:\uc0c1×12,U+C0C9:\uc0c9×1,U+C11D:\uc11d×1,U+C120:\uc120×1,U+C131:\uc131×10,U+C138:\uc138×3,U+C18C:\uc18c×3,U+C218:\uc218×1,U+C220:\uc220×3,U+C2A4:\uc2a4×12,U+C2DC:\uc2dc×1,U+C2E0:\uc2e0×1,U+C2E4:\uc2e4×2,U+C2EC:\uc2ec×6,U+C544:\uc544×8,U+C54C:\uc54c×2,U+C554:\uc554×2,U+C561:\uc561×3,U+C57C:\uc57c×1,U+C5D0:\uc5d0×8,U+C5EC:\uc5ec×6,U+C5F0:\uc5f0×1,U+C5FC:\uc5fc×1,U+C601:\uc601×6,U+C624:\uc624×1,U+C640:\uc640×3,U+C678:\uc678×1,U+C694:\uc694×1,U+C6A9:\uc6a9×2,U+C6D0:\uc6d0×1,U+C704:\uc704×1,U+C720:\uc720×4,U+C744:\uc744×2,U+C74C:\uc74c×10,U+C751:\uc751×6,U+C758:\uc758×1,U+C774:\uc774×7,U+C778:\uc778×3,U+C77C:\uc77c×2,U+C784:\uc784×3,U+C788:\uc788×2,U+C790:\uc790×3,U+C7AC:\uc7ac×1,U+C800:\uc800×1,U+C801:\uc801×8,U+C804:\uc804×8,U+C815:\uc815×1,U+C81C:\uc81c×6,U+C871:\uc871×1,U+C88B:\uc88b×1,U+C99D:\uc99d×9,U+C9C0:\uc9c0×2,U+C9C8:\uc9c8×6,U+CC38:\ucc38×1,U+CD08:\ucd08×7,U+CD1D:\ucd1d×1,U+CD2C:\ucd2c×2,U+CD9C:\ucd9c×1,U+CE58:\uce58×1,U+CE74:\uce74×1,U+CE7C:\uce7c×1,U+CF54:\ucf54×1,U+D06C:\ud06c×10,U+D0B4:\ud0b4×1,U+D1B5:\ud1b5×1,U+D22C:\ud22c×1,U+D2B8:\ud2b8×4,U+D30C:\ud30c×8,U+D310:\ud310×2,U+D3EC:\ud3ec×2,U+D45C:\ud45c×1,U+D504:\ud504×1,U+D50C:\ud50c×1,U+D540:\ud540×1,U+D544:\ud544×2,U+D54D:\ud54d×3,U+D558:\ud558×4,U+D559:\ud559×3,U+D55C:\ud55c×2,U+D560:\ud560×2,U+D568:\ud568×1,U+D569:\ud569×2,U+D56D:\ud56d×8,U+D574:\ud574×2,U+D5A5:\ud5a5×1,U+D5D8:\ud5d8×1,U+D5E4:\ud5e4×1,U+D608:\ud608×10,U+D64D:\ud64d×1,U+D654:\ud654×2,U+D658:\ud658×2,U+D749:\ud749×2	U+B9B4:\ub9b4×1,U+BBC0:\ubbc0×1,U+BC0F:\ubc0f×1,U+BC14:\ubc14×1,U+C2DD:\uc2dd×1,U+C5C6:\uc5c6×1,U+C73C:\uc73c×1,U+C7A5:\uc7a5×1,U+C8FC:\uc8fc×1,U+C911:\uc911×2,U+C9C4:\uc9c4×2,U+C9D5:\uc9d5×1,U+CC28:\ucc28×1,U+CD5C:\ucd5c×1,U+CD94:\ucd94×1,U+CE21:\uce21×1,U+D0D5:\ud0d5×1,U+D6C4:\ud6c4×1	-
160	139	411	U+0026:&×1,U+0039:9×1,U+003A::×1,U+003C:<×1,U+003E:>×1,U+0042:B×3,U+0043:C×7,U+0045:E×1,U+0046:F×1,U+0049:I×1,U+004E:N×4,U+004F:O×2,U+0050:P×1,U+0052:R×2,U+0054:T×5,U+0055:U×1,U+0061:a×13,U+0062:b×1,U+0063:c×2,U+0065:e×7,U+0067:g×1,U+0068:h×3,U+0069:i×7,U+006B:k×1,U+006C:l×4,U+006D:m×2,U+006E:n×10,U+006F:o×5,U+0070:p×4,U+0072:r×3,U+0073:s×4,U+0074:t×6,U+AC11:\uac11×1,U+AC15:\uac15×1,U+AC74:\uac74×1,U+ACE8:\uace8×1,U+ACF5:\uacf5×1,U+B2CC:\ub2cc×1,U+B2F9:\ub2f9×1,U+B808:\ub808×1,U+BBFC:\ubbfc×1,U+BC0F:\ubc0f×4,U+BE4C:\ube4c×1,U+C0B0:\uc0b0×1,U+C18C:\uc18c×1,U+C298:\uc298×1,U+C2E4:\uc2e4×4,U+C54C:\uc54c×1,U+C7A5:\uc7a5×1,U+CD5C:\ucd5c×1,U+CE7C:\uce7c×1,U+D0C0:\ud0c0×1,U+D2F0:\ud2f0×1,U+D574:\ud574×1,U+D5D8:\ud5d8×2,U+D615:\ud615×1,U+D655:\ud655×1,U+D6A8:\ud6a8×1	U+0028:(×1,U+0029:)×1,U+002C:,×4,U+002D:-×1,U+002E:.×8,U+002F:/×1,U+0030:0×3,U+0034:4×2,U+0038:8×1,U+004C:L×2,U+004D:M×1,U+0053:S×3,U+0056:V×1,U+0058:X×1,U+AC00:\uac00×7,U+AC04:\uac04×3,U+AC80:\uac80×8,U+AC8C:\uac8c×1,U+ACB0:\uacb0×2,U+ACE0:\uace0×12,U+AD00:\uad00×1,U+AD6C:\uad6c×1,U+AD8C:\uad8c×2,U+ADF8:\uadf8×1,U+AE00:\uae00×1,U+AE30:\uae30×5,U+B098:\ub098×3,U+B0A8:\ub0a8×1,U+B0B4:\ub0b4×1,U+B192:\ub192×3,U+B294:\ub294×8,U+B2A5:\ub2a5×5,U+B2C8:\ub2c8×1,U+B2DD:\ub2dd×7,U+B2E4:\ub2e4×2,U+B2E8:\ub2e8×3,U+B300:\ub300×1,U+B3C4:\ub3c4×7,U+B3D9:\ub3d9×1,U+B418:\ub418×1,U+B428:\ub428×2,U+B4E0:\ub4e0×1,U+B4F1:\ub4f1×3,U+B54C:\ub54c×4,U+B77C:\ub77c×1,U+B79C:\ub79c×1,U+B7EC:\ub7ec×1,U+B824:\ub824×1,U+B825:\ub825×1,U+B85C:\ub85c×1,U+B86C:\ub86c×2,U+B960:\ub960×1,U+B97C:\ub97c×3,U+B9AC:\ub9ac×6,U+B9CC:\ub9cc×2,U+B9D0:\ub9d0×1,U+B9DD:\ub9dd×1,U+B9E5:\ub9e5×1,U+BA70:\uba70×2,U+BAA8:\ubaa8×1,U+BB34:\ubb34×1,U+BB38:\ubb38×2,U+BBF8:\ubbf8×1,U+BC18:\ubc18×1,U+BC1B:\ubc1b×1,U+BC29:\ubc29×4,U+BC31:\ubc31×2,U+BCC0:\ubcc0×5,U+BCC4:\ubcc4×1,U+BCD1:\ubcd1×3,U+BCF5:\ubcf5×2,U+BCF8:\ubcf8×1,U+BD80:\ubd80×5,U+BD84:\ubd84×1,U+BE48:\ube48×2,U+BFD0:\ubfd0×1,U+C0AC:\uc0ac×11,U+C0C1:\uc0c1×9,U+C0C9:\uc0c9×1,U+C0DD:\uc0dd×1,U+C11D:\uc11d×1,U+C131:\uc131×7,U+C138:\uc138×3,U+C220:\uc220×3,U+C2A4:\uc2a4×9,U+C2DC:\uc2dc×1,U+C2E0:\uc2e0×1,U+C2EC:\uc2ec×6,U+C544:\uc544×4,U+C554:\uc554×2,U+C561:\uc561×1,U+C57C:\uc57c×1,U+C5D0:\uc5d0×8,U+C5EC:\uc5ec×6,U+C5F0:\uc5f0×1,U+C601:\uc601×5,U+C608:\uc608×1,U+C640:\uc640×1,U+C678:\uc678×1,U+C694:\uc694×3,U+C6A9:\uc6a9×2,U+C6D0:\uc6d0×1,U+C720:\uc720×3,U+C73C:\uc73c×1,U+C740:\uc740×1,U+C744:\uc744×3,U+C74C:\uc74c×10,U+C751:\uc751×4,U+C774:\uc774×12,U+C778:\uc778×1,U+C77C:\uc77c×1,U+C784:\uc784×1,U+C788:\uc788×4,U+C790:\uc790×2,U+C7AC:\uc7ac×1,U+C801:\uc801×6,U+C804:\uc804×3,U+C808:\uc808×1,U+C815:\uc815×2,U+C81C:\uc81c×3,U+C871:\uc871×1,U+C885:\uc885×1,U+C88B:\uc88b×1,U+C99D:\uc99d×5,U+C9C0:\uc9c0×2,U+C9C8:\uc9c8×1,U+CC38:\ucc38×1,U+CCB4:\uccb4×1,U+CD08:\ucd08×7,U+CD1D:\ucd1d×1,U+CD2C:\ucd2c×2,U+CD9C:\ucd9c×1,U+CF54:\ucf54×1,U+D06C:\ud06c×6,U+D0B4:\ud0b4×1,U+D1B5:\ud1b5×1,U+D22C:\ud22c×1,U+D2B8:\ud2b8×3,U+D30C:\ud30c×7,U+D3C9:\ud3c9×1,U+D504:\ud504×1,U+D50C:\ud50c×1,U+D544:\ud544×3,U+D54D:\ud54d×2,U+D558:\ud558×4,U+D559:\ud559×2,U+D560:\ud560×3,U+D568:\ud568×2,U+D569:\ud569×2,U+D56D:\ud56d×3,U+D608:\ud608×2,U+D654:\ud654×1,U+D658:\ud658×2,U+D6C4:\ud6c4×1,U+D749:\ud749×1	-
161	84	308	U+0028:(×3,U+0029:)×3,U+002F:/×1,U+0034:4×1,U+004D:M×3,U+0051:Q×1,U+0075:u×1,U+ADF8:\uadf8×1,U+B0A8:\ub0a8×1,U+B2E4:\ub2e4×2,U+B3C4:\ub3c4×1,U+B3D9:\ub3d9×1,U+B4E0:\ub4e0×1,U+B7EC:\ub7ec×1,U+B825:\ub825×1,U+B85C:\ub85c×3,U+B9D0:\ub9d0×1,U+BA74:\uba74×2,U+BAA8:\ubaa8×1,U+BC29:\ubc29×1,U+BCC0:\ubcc0×3,U+BD80:\ubd80×1,U+BD84:\ubd84×1,U+C0C1:\uc0c1×1,U+C0DD:\uc0dd×1,U+C11D:\uc11d×1,U+C138:\uc138×2,U+C220:\uc220×1,U+C2E0:\uc2e0×1,U+C2EC:\uc2ec×2,U+C5EC:\uc5ec×2,U+C5F0:\uc5f0×1,U+C601:\uc601×1,U+C678:\uc678×2,U+C694:\uc694×2,U+C6A9:\uc6a9×1,U+C720:\uc720×1,U+C74C:\uc74c×2,U+C774:\uc774×3,U+C77C:\uc77c×1,U+C801:\uc801×1,U+C811:\uc811×1,U+C815:\uc815×1,U+C885:\uc885×1,U+CD08:\ucd08×2,U+CD2C:\ucd2c×1,U+CE21:\uce21×1,U+D0A4:\ud0a4×1,U+D30C:\ud30c×3,U+D504:\ud504×3,U+D50C:\ud50c×1,U+D53C:\ud53c×1,U+D544:\ud544×2,U+D558:\ud558×2,U+D559:\ud559×2,U+D575:\ud575×1	U+0026:&×2,U+002C:,×24,U+002D:-×10,U+002E:.×1,U+0031:1×2,U+0032:2×2,U+0033:3×1,U+0036:6×1,U+0039:9×3,U+003A::×1,U+003C:<×2,U+003E:>×2,U+0042:B×4,U+0043:C×12,U+0046:F×2,U+0047:G×3,U+0048:H×2,U+0049:I×6,U+004E:N×5,U+004F:O×2,U+0050:P×2,U+0052:R×3,U+0053:S×1,U+0054:T×7,U+0055:U×2,U+0061:a×13,U+0063:c×2,U+0064:d×1,U+0065:e×10,U+0067:g×1,U+0068:h×3,U+0069:i×7,U+006B:k×1,U+006C:l×2,U+006D:m×3,U+006E:n×12,U+006F:o×5,U+0070:p×2,U+0072:r×5,U+0073:s×4,U+0074:t×6,U+0079:y×1,U+AC04:\uac04×1,U+AC15:\uac15×1,U+AC74:\uac74×1,U+AC80:\uac80×5,U+ACB8:\uacb8×1,U+ACC4:\uacc4×2,U+ACE0:\uace0×1,U+ACE8:\uace8×1,U+ACF5:\uacf5×1,U+AD6C:\uad6c×1,U+AE30:\uae30×1,U+B294:\ub294×1,U+B2A5:\ub2a5×1,U+B2DD:\ub2dd×1,U+B2E8:\ub2e8×2,U+B2F9:\ub2f9×2,U+B514:\ub514×1,U+B77C:\ub77c×1,U+B8E8:\ub8e8×2,U+B9AC:\ub9ac×6,U+BBFC:\ubbfc×1,U+BC00:\ubc00×1,U+BC0F:\ubc0f×4,U+BC18:\ubc18×1,U+BC31:\ubc31×2,U+BE48:\ube48×2,U+BE4C:\ube4c×2,U+C0AC:\uc0ac×5,U+C0B0:\uc0b0×2,U+C18C:\uc18c×2,U+C218:\uc218×3,U+C298:\uc298×1,U+C2A4:\uc2a4×1,U+C2E4:\uc2e4×6,U+C544:\uc544×4,U+C54C:\uc54c×2,U+C5FC:\uc5fc×1,U+C624:\uc624×1,U+C640:\uc640×1,U+C704:\uc704×1,U+C744:\uc744×1,U+C778:\uc778×3,U+C790:\uc790×1,U+C800:\uc800×1,U+C804:\uc804×1,U+C81C:\uc81c×2,U+C99D:\uc99d×3,U+C9C8:\uc9c8×1,U+CCB4:\uccb4×1,U+CD5C:\ucd5c×1,U+CE58:\uce58×1,U+CE74:\uce74×1,U+CE7C:\uce7c×2,U+D06C:\ud06c×1,U+D0C0:\ud0c0×1,U+D310:\ud310×2,U+D3EC:\ud3ec×2,U+D45C:\ud45c×1,U+D540:\ud540×1,U+D54D:\ud54d×1,U+D55C:\ud55c×2,U+D568:\ud568×1,U+D56D:\ud56d×4,U+D574:\ud574×2,U+D5A5:\ud5a5×1,U+D5D8:\ud5d8×3,U+D608:\ud608×6,U+D615:\ud615×1,U+D64D:\ud64d×1,U+D655:\ud655×1,U+D65C:\ud65c×1,U+D6A8:\ud6a8×1	-
162	812	86	U+0022:"×2,U+002C:,×12,U+002D:-×6,U+002E:.×13,U+0031:1×1,U+0033:3×1,U+0035:5×1,U+0042:B×1,U+0044:D×1,U+0045:E×1,U+0048:H×6,U+0049:I×2,U+004E:N×1,U+004F:O×1,U+0051:Q×1,U+0052:R×1,U+0053:S×3,U+0054:T×1,U+0056:V×6,U+0061:a×4,U+0066:f×3,U+0067:g×2,U+0069:i×1,U+006C:l×3,U+006D:m×1,U+006E:n×5,U+006F:o×1,U+0073:s×7,U+0074:t×1,U+0075:u×3,U+AC00:\uac00×9,U+AC04:\uac04×3,U+AC08:\uac08×1,U+AC10:\uac10×10,U+AC70:\uac70×2,U+AC74:\uac74×2,U+AC80:\uac80×2,U+AC83:\uac83×2,U+AC8C:\uac8c×6,U+ACB0:\uacb0×4,U+ACBD:\uacbd×3,U+ACC4:\uacc4×3,U+ACE0:\uace0×13,U+ACFC:\uacfc×11,U+AD00:\uad00×3,U+AD34:\uad34×1,U+AD50:\uad50×1,U+AD6D:\uad6d×2,U+AD8C:\uad8c×1,U+ADDC:\uaddc×1,U+ADF8:\uadf8×1,U+AE08:\uae08×1,U+AE30:\uae30×34,U+AE4C:\uae4c×2,U+B098:\ub098×9,U+B0AE:\ub0ae×1,U+B0B4:\ub0b4×1,U+B192:\ub192×1,U+B294:\ub294×23,U+B298:\ub298×1,U+B2A5:\ub2a5×2,U+B2C8:\ub2c8×2,U+B2DD:\ub2dd×2,U+B2E4:\ub2e4×6,U+B2E8:\ub2e8×3,U+B2EC:\ub2ec×1,U+B2F4:\ub2f4×1,U+B300:\ub300×4,U+B354:\ub354×1,U+B3C4:\ub3c4×2,U+B3C5:\ub3c5×1,U+B3D9:\ub3d9×1,U+B418:\ub418×5,U+B420:\ub420×3,U+B450:\ub450×1,U+B4DD:\ub4dd×2,U+B4F1:\ub4f1×3,U+B530:\ub530×1,U+B54C:\ub54c×2,U+B5BB:\ub5bb×1,U+B610:\ub610×4,U+B77C:\ub77c×3,U+B824:\ub824×2,U+B825:\ub825×3,U+B839:\ub839×1,U+B85C:\ub85c×11,U+B85D:\ub85d×2,U+B8CC:\ub8cc×2,U+B8E8:\ub8e8×2,U+B960:\ub960×1,U+B97C:\ub97c×7,U+B9AC:\ub9ac×3,U+B9C8:\ub9c8×2,U+B9C9:\ub9c9×2,U+B9CC:\ub9cc×2,U+B9DE:\ub9de×1,U+B9E4:\ub9e4×1,U+BA4D:\uba4d×1,U+BA70:\uba70×2,U+BAA9:\ubaa9×1,U+BABB:\ubabb×1,U+BB34:\ubb34×1,U+BB38:\ubb38×2,U+BBC0:\ubbc0×4,U+BC00:\ubc00×1,U+BC1B:\ubc1b×1,U+BC1C:\ubc1c×1,U+BC30:\ubc30×4,U+BC88:\ubc88×1,U+BC95:\ubc95×1,U+BCD1:\ubcd1×2,U+BCF4:\ubcf4×3,U+BCF5:\ubcf5×2,U+BD04:\ubd04×1,U+BD80:\ubd80×9,U+BE44:\ube44×1,U+BE60:\ube60×1,U+BFD0:\ubfd0×2,U+C0AC:\uc0ac×3,U+C0C1:\uc0c1×8,U+C0C8:\uc0c8×1,U+C0DD:\uc0dd×2,U+C11C:\uc11c×3,U+C12C:\uc12c×1,U+C131:\uc131×7,U+C138:\uc138×3,U+C218:\uc218×10,U+C220:\uc220×1,U+C2A4:\uc2a4×2,U+C2DC:\uc2dc×2,U+C2DD:\uc2dd×8,U+C2E4:\uc2e4×1,U+C368:\uc368×1,U+C544:\uc544×2,U+C545:\uc545×5,U+C54A:\uc54a×1,U+C54C:\uc54c×1,U+C554:\uc554×1,U+C57C:\uc57c×2,U+C591:\uc591×9,U+C5B4:\uc5b4×3,U+C5C6:\uc5c6×2,U+C5C8:\uc5c8×1,U+C5D0:\uc5d0×11,U+C5FC:\uc5fc×10,U+C608:\uc608×1,U+C644:\uc644×1,U+C694:\uc694×3,U+C6B0:\uc6b0×2,U+C6B4:\uc6b4×1,U+C6B8:\uc6b8×1,U+C6CC:\uc6cc×1,U+C704:\uc704×10,U+C721:\uc721×1,U+C728:\uc728×1,U+C73C:\uc73c×11,U+C740:\uc740×6,U+C744:\uc744×14,U+C74C:\uc74c×3,U+C758:\uc758×14,U+C774:\uc774×28,U+C778:\uc778×5,U+C788:\uc788×13,U+C790:\uc790×11,U+C7A0:\uc7a0×4,U+C7A5:\uc7a5×8,U+C7AC:\uc7ac×5,U+C801:\uc801×6,U+C804:\uc804×14,U+C81C:\uc81c×4,U+C838:\uc838×1,U+C870:\uc870×5,U+C874:\uc874×2,U+C885:\uc885×12,U+C911:\uc911×4,U+C99D:\uc99d×14,U+C9C0:\uc9c0×8,U+C9C1:\uc9c1×2,U+C9C4:\uc9c4×1,U+C9D0:\uc9d0×1,U+CC28:\ucc28×3,U+CC30:\ucc30×1,U+CCAB:\uccab×2,U+CCAD:\uccad×2,U+CCB4:\uccb4×3,U+CDE8:\ucde8×1,U+CE58:\uce58×2,U+CE90:\uce90×1,U+D06C:\ud06c×2,U+D0C0:\ud0c0×1,U+D0DC:\ud0dc×1,U+D130:\ud130×6,U+D1A0:\ud1a0×1,U+D22C:\ud22c×1,U+D30C:\ud30c×6,U+D3EC:\ud3ec×3,U+D53C:\ud53c×1,U+D544:\ud544×1,U+D558:\ud558×18,U+D55C:\ud55c×9,U+D560:\ud560×6,U+D568:\ud568×7,U+D574:\ud574×4,U+D589:\ud589×1,U+D5D8:\ud5d8×6,U+D604:\ud604×1,U+D655:\ud655×2,U+D658:\ud658×5,U+D65C:\ud65c×3,U+D68C:\ud68c×2,U+D68D:\ud68d×4,U+D6C4:\ud6c4×3,U+D754:\ud754×1,U+D788:\ud788×2	U+0028:(×6,U+0029:)×6,U+002F:/×1,U+0030:0×1,U+0034:4×1,U+003C:<×1,U+003E:>×1,U+0041:A×4,U+0043:C×2,U+0046:F×3,U+0047:G×2,U+004C:L×1,U+004D:M×1,U+0050:P×6,U+0058:X×1,U+0063:c×1,U+0068:h×1,U+0070:p×1,U+AC11:\uac11×1,U+AE00:\uae00×1,U+B0A8:\ub0a8×1,U+B2CC:\ub2cc×1,U+B7EC:\ub7ec×1,U+B808:\ub808×1,U+B86C:\ub86c×1,U+BAA8:\ubaa8×1,U+BC18:\ubc18×1,U+BC31:\ubc31×1,U+BCC0:\ubcc0×3,U+BD84:\ubd84×1,U+BE48:\ube48×2,U+C0B0:\uc0b0×1,U+C120:\uc120×1,U+C18C:\uc18c×1,U+C2EC:\uc2ec×2,U+C561:\uc561×2,U+C601:\uc601×1,U+C720:\uc720×1,U+C751:\uc751×2,U+C77C:\uc77c×1,U+C811:\uc811×1,U+CD08:\ucd08×2,U+CD2C:\ucd2c×1,U+CE21:\uce21×1,U+D0A4:\ud0a4×1,U+D2B8:\ud2b8×1,U+D2F0:\ud2f0×1,U+D504:\ud504×3,U+D50C:\ud50c×1,U+D559:\ud559×1,U+D575:\ud575×1,U+D5E4:\ud5e4×1,U+D608:\ud608×1,U+D654:\ud654×1,U+D749:\ud749×1	-
163	155	717	U+0026:&×2,U+0028:(×3,U+0029:)×2,U+002C:,×2,U+002D:-×4,U+002F:/×1,U+0031:1×2,U+0032:2×4,U+0034:4×3,U+003C:<×4,U+003E:>×4,U+0041:A×7,U+0042:B×6,U+0044:D×1,U+0047:G×1,U+0048:H×7,U+0049:I×8,U+004D:M×1,U+004E:N×3,U+0056:V×4,U+0057:W×1,U+0058:X×1,U+0063:c×2,U+0067:g×3,U+0069:i×1,U+0074:t×3,U+AC04:\uac04×1,U+AD81:\uad81×1,U+B178:\ub178×1,U+B3C5:\ub3c5×1,U+B77C:\ub77c×1,U+B7EC:\ub7ec×3,U+B860:\ub860×1,U+B9AC:\ub9ac×2,U+B9BC:\ub9bc×1,U+B9BD:\ub9bd×1,U+B9C8:\ub9c8×1,U+B9D0:\ub9d0×1,U+B9E4:\ub9e4×1,U+BC0F:\ubc0f×1,U+BC14:\ubc14×4,U+BCD1:\ubcd1×2,U+C0C9:\uc0c9×1,U+C120:\uc120×1,U+C18C:\uc18c×2,U+C2A4:\uc2a4×3,U+C2E4:\uc2e4×1,U+C544:\uc544×2,U+C554:\uc554×5,U+C5E1:\uc5e1×1,U+C5ED:\uc5ed×1,U+C8FC:\uc8fc×1,U+C988:\uc988×2,U+C9C4:\uc9c4×1,U+CC38:\ucc38×1,U+CD9C:\ucd9c×2,U+CDA9:\ucda9×1,U+CF5C:\ucf5c×1,U+D1A0:\ud1a0×1,U+D1A1:\ud1a1×2,U+D2B8:\ud2b8×1,U+D398:\ud398×1,U+D3D0:\ud3d0×1,U+D45C:\ud45c×5,U+D48D:\ud48d×1,U+D504:\ud504×2,U+D50C:\ud50c×2,U+D575:\ud575×1,U+D589:\ud589×2,U+D615:\ud615×5,U+D751:\ud751×1,U+D761:\ud761×1	U+0022:"×2,U+002E:.×9,U+0033:3×1,U+0035:5×1,U+004F:O×1,U+0050:P×1,U+0053:S×4,U+0054:T×4,U+0061:a×7,U+0064:d×1,U+0065:e×4,U+0066:f×3,U+006C:l×5,U+006D:m×1,U+006E:n×1,U+006F:o×4,U+0070:p×1,U+0072:r×3,U+0073:s×4,U+0075:u×4,U+AC00:\uac00×9,U+AC08:\uac08×1,U+AC10:\uac10×8,U+AC70:\uac70×1,U+AC74:\uac74×2,U+AC80:\uac80×7,U+AC83:\uac83×1,U+AC8C:\uac8c×6,U+ACB0:\uacb0×4,U+ACBD:\uacbd×1,U+ACC4:\uacc4×3,U+ACE0:\uace0×12,U+ACFC:\uacfc×10,U+AD00:\uad00×3,U+AD34:\uad34×1,U+AD6D:\uad6d×2,U+ADDC:\uaddc×1,U+AE08:\uae08×1,U+AE30:\uae30×34,U+AE4C:\uae4c×2,U+B098:\ub098×9,U+B0AE:\ub0ae×1,U+B0B4:\ub0b4×1,U+B294:\ub294×21,U+B298:\ub298×1,U+B2A5:\ub2a5×3,U+B2C8:\ub2c8×2,U+B2DD:\ub2dd×1,U+B2E4:\ub2e4×5,U+B2E8:\ub2e8×5,U+B2EC:\ub2ec×1,U+B2F4:\ub2f4×1,U+B300:\ub300×2,U+B354:\ub354×1,U+B3C4:\ub3c4×5,U+B3D9:\ub3d9×2,U+B418:\ub418×4,U+B420:\ub420×2,U+B450:\ub450×1,U+B4DD:\ub4dd×2,U+B4E0:\ub4e0×1,U+B4F1:\ub4f1×1,U+B530:\ub530×1,U+B54C:\ub54c×1,U+B5BB:\ub5bb×1,U+B610:\ub610×3,U+B824:\ub824×2,U+B825:\ub825×1,U+B839:\ub839×1,U+B85C:\ub85c×13,U+B85D:\ub85d×2,U+B8CC:\ub8cc×2,U+B8E8:\ub8e8×1,U+B960:\ub960×1,U+B97C:\ub97c×7,U+B9C9:\ub9c9×2,U+B9CC:\ub9cc×2,U+B9DE:\ub9de×1,U+BA4D:\uba4d×1,U+BA70:\uba70×2,U+BAA8:\ubaa8×1,U+BAA9:\ubaa9×1,U+BABB:\ubabb×1,U+BB34:\ubb34×1,U+BB38:\ubb38×1,U+BBC0:\ubbc0×4,U+BBFC:\ubbfc×1,U+BC00:\ubc00×1,U+BC1B:\ubc1b×1,U+BC1C:\ubc1c×1,U+BC30:\ubc30×3,U+BC31:\ubc31×1,U+BC88:\ubc88×1,U+BC95:\ubc95×1,U+BCF4:\ubcf4×3,U+BCF5:\ubcf5×2,U+BD04:\ubd04×1,U+BD80:\ubd80×12,U+BE44:\ube44×1,U+BE60:\ube60×1,U+BFD0:\ubfd0×2,U+C0AC:\uc0ac×9,U+C0C1:\uc0c1×11,U+C0C8:\uc0c8×1,U+C0DD:\uc0dd×3,U+C11C:\uc11c×1,U+C12C:\uc12c×1,U+C131:\uc131×8,U+C138:\uc138×4,U+C218:\uc218×8,U+C220:\uc220×2,U+C2DC:\uc2dc×2,U+C2DD:\uc2dd×8,U+C2E0:\uc2e0×1,U+C368:\uc368×1,U+C545:\uc545×5,U+C54A:\uc54a×1,U+C54C:\uc54c×2,U+C57C:\uc57c×1,U+C591:\uc591×7,U+C5B4:\uc5b4×2,U+C5C6:\uc5c6×2,U+C5C8:\uc5c8×1,U+C5D0:\uc5d0×9,U+C5F0:\uc5f0×1,U+C5FC:\uc5fc×3,U+C608:\uc608×1,U+C640:\uc640×1,U+C644:\uc644×1,U+C694:\uc694×4,U+C6A9:\uc6a9×1,U+C6B0:\uc6b0×2,U+C6B4:\uc6b4×1,U+C6B8:\uc6b8×1,U+C6CC:\uc6cc×1,U+C704:\uc704×9,U+C721:\uc721×1,U+C728:\uc728×1,U+C73C:\uc73c×10,U+C740:\uc740×5,U+C744:\uc744×12,U+C74C:\uc74c×3,U+C758:\uc758×13,U+C774:\uc774×26,U+C778:\uc778×2,U+C77C:\uc77c×1,U+C784:\uc784×2,U+C788:\uc788×11,U+C790:\uc790×9,U+C7A0:\uc7a0×3,U+C7A5:\uc7a5×7,U+C7AC:\uc7ac×5,U+C801:\uc801×6,U+C804:\uc804×14,U+C815:\uc815×1,U+C81C:\uc81c×4,U+C838:\uc838×1,U+C870:\uc870×3,U+C874:\uc874×2,U+C885:\uc885×9,U+C911:\uc911×3,U+C99D:\uc99d×13,U+C9C0:\uc9c0×6,U+C9C1:\uc9c1×1,U+C9C8:\uc9c8×2,U+C9D0:\uc9d0×1,U+CC28:\ucc28×3,U+CC30:\ucc30×1,U+CCAB:\uccab×2,U+CCAD:\uccad×2,U+CCB4:\uccb4×2,U+CDE8:\ucde8×1,U+CE58:\uce58×2,U+CE90:\uce90×1,U+D06C:\ud06c×1,U+D0DC:\ud0dc×1,U+D130:\ud130×5,U+D22C:\ud22c×1,U+D30C:\ud30c×8,U+D3EC:\ud3ec×2,U+D53C:\ud53c×1,U+D544:\ud544×1,U+D558:\ud558×16,U+D55C:\ud55c×9,U+D560:\ud560×5,U+D568:\ud568×6,U+D56D:\ud56d×1,U+D574:\ud574×4,U+D5D8:\ud5d8×3,U+D604:\ud604×1,U+D658:\ud658×3,U+D65C:\ud65c×3,U+D68C:\ud68c×2,U+D68D:\ud68d×4,U+D6C4:\ud6c4×3,U+D754:\ud754×1,U+D788:\ud788×2	-
164	342	123	U+0028:(×12,U+0029:)×13,U+002D:-×26,U+0032:2×3,U+0033:3×1,U+0038:8×5,U+0041:A×8,U+0042:B×5,U+0043:C×10,U+0048:H×11,U+0049:I×11,U+004C:L×1,U+004E:N×3,U+004F:O×1,U+0050:P×1,U+0054:T×1,U+0056:V×14,U+0057:W×1,U+0061:a×2,U+0062:b×1,U+0063:c×1,U+0064:d×1,U+0065:e×1,U+0067:g×3,U+0069:i×3,U+006E:n×4,U+0073:s×2,U+0074:t×4,U+AC00:\uac00×9,U+AC1C:\uac1c×1,U+AC74:\uac74×1,U+AC80:\uac80×9,U+AC83:\uac83×1,U+AC8C:\uac8c×6,U+AD6D:\uad6d×1,U+AE30:\uae30×3,U+B09C:\ub09c×1,U+B0B4:\ub0b4×6,U+B178:\ub178×1,U+B192:\ub192×1,U+B294:\ub294×4,U+B2A5:\ub2a5×5,U+B3C4:\ub3c4×1,U+B3D9:\ub3d9×2,U+B418:\ub418×2,U+B41C:\ub41c×1,U+B4DC:\ub4dc×1,U+B530:\ub530×2,U+B54C:\ub54c×1,U+B610:\ub610×1,U+B85C:\ub85c×1,U+B974:\ub974×5,U+B978:\ub978×1,U+B97C:\ub97c×1,U+B9CC:\ub9cc×7,U+BBF8:\ubbf8×1,U+BC1B:\ubc1b×1,U+BCF4:\ubcf4×1,U+BCF5:\ubcf5×1,U+BE60:\ube60×5,U+C0AC:\uc0ac×9,U+C218:\uc218×5,U+C220:\uc220×5,U+C2DC:\uc2dc×2,U+C2E4:\uc2e4×1,U+C545:\uc545×2,U+C548:\uc548×1,U+C54A:\uc54a×1,U+C57D:\uc57d×1,U+C5D0:\uc5d0×3,U+C6A9:\uc6a9×1,U+C6D0:\uc6d0×2,U+C6D4:\uc6d4×1,U+C704:\uc704×5,U+C73C:\uc73c×1,U+C740:\uc740×2,U+C744:\uc744×1,U+C758:\uc758×1,U+C774:\uc774×8,U+C778:\uc778×2,U+C77C:\uc77c×6,U+C788:\uc788×2,U+C790:\uc790×3,U+C99D:\uc99d×4,U+C9C0:\uc9c0×6,U+CCAD:\uccad×1,U+CCB4:\uccb4×2,U+CD5C:\ucd5c×1,U+D1A0:\ud1a0×1,U+D22C:\ud22c×1,U+D30C:\ud30c×2,U+D558:\ud558×3,U+D55C:\ud55c×13,U+D569:\ud569×1,U+D56D:\ud56d×4,U+D589:\ud589×1,U+D5D8:\ud5d8×3,U+D6C4:\ud6c4×1	U+0026:&×1,U+002C:,×12,U+002E:.×3,U+0034:4×4,U+003C:<×2,U+003E:>×2,U+0044:D×2,U+0051:Q×2,U+0058:X×1,U+0072:r×1,U+0079:y×1,U+ACBD:\uacbd×1,U+ACFC:\uacfc×1,U+AD50:\uad50×1,U+AD8C:\uad8c×1,U+ADF8:\uadf8×2,U+B2E4:\ub2e4×3,U+B4F1:\ub4f1×2,U+B77C:\ub77c×2,U+B7EC:\ub7ec×1,U+B825:\ub825×2,U+B8E8:\ub8e8×1,U+B9AC:\ub9ac×4,U+B9BC:\ub9bc×1,U+B9C8:\ub9c8×3,U+B9D0:\ub9d0×2,U+BA74:\uba74×1,U+BB38:\ubb38×1,U+BC0F:\ubc0f×1,U+BC14:\ubc14×1,U+BC30:\ubc30×1,U+BCD1:\ubcd1×2,U+C0C1:\uc0c1×1,U+C0C9:\uc0c9×1,U+C11C:\uc11c×1,U+C18C:\uc18c×2,U+C2A4:\uc2a4×1,U+C2E0:\uc2e0×2,U+C544:\uc544×4,U+C591:\uc591×2,U+C5EC:\uc5ec×1,U+C5FC:\uc5fc×1,U+C601:\uc601×1,U+C678:\uc678×2,U+C694:\uc694×2,U+C7A5:\uc7a5×1,U+C804:\uc804×1,U+C81C:\uc81c×1,U+C870:\uc870×2,U+C885:\uc885×4,U+C8FC:\uc8fc×1,U+C911:\uc911×1,U+C988:\uc988×2,U+C9C1:\uc9c1×1,U+C9C4:\uc9c4×2,U+CC38:\ucc38×1,U+CDA9:\ucda9×1,U+D06C:\ud06c×1,U+D1A1:\ud1a1×2,U+D2B8:\ud2b8×1,U+D45C:\ud45c×5,U+D504:\ud504×1,U+D50C:\ud50c×2,U+D544:\ud544×2,U+D559:\ud559×1,U+D615:\ud615×1,U+D655:\ud655×1,U+D751:\ud751×1,U+D761:\ud761×1	-
165	496	318	U+0022:"×2,U+002B:+×3,U+002E:.×19,U+002F:/×2,U+0031:1×1,U+0034:4×2,U+0037:7×1,U+0044:D×5,U+0051:Q×1,U+0052:R×2,U+0061:a×2,U+0063:c×4,U+0064:d×2,U+0065:e×3,U+0069:i×2,U+006C:l×3,U+006D:m×1,U+006F:o×6,U+0070:p×2,U+0072:r×4,U+0075:u×3,U+0078:x×1,U+0079:y×1,U+AC00:\uac00×1,U+AC10:\uac10×6,U+AC16:\uac16×1,U+AC70:\uac70×1,U+AC83:\uac83×1,U+ACA9:\uaca9×1,U+ACBD:\uacbd×3,U+ACC4:\uacc4×1,U+ACE0:\uace0×8,U+ACFC:\uacfc×3,U+AD00:\uad00×2,U+AD50:\uad50×1,U+AD6C:\uad6c×2,U+AD6D:\uad6d×2,U+AD70:\uad70×1,U+AD8C:\uad8c×4,U+ADE0:\uade0×2,U+ADF8:\uadf8×2,U+AE30:\uae30×13,U+B098:\ub098×7,U+B0A8:\ub0a8×1,U+B0AE:\ub0ae×1,U+B294:\ub294×15,U+B2C8:\ub2c8×1,U+B2DD:\ub2dd×3,U+B2E4:\ub2e4×2,U+B300:\ub300×3,U+B418:\ub418×7,U+B41C:\ub41c×1,U+B428:\ub428×4,U+B458:\ub458×1,U+B4E0:\ub4e0×1,U+B4E4:\ub4e4×1,U+B4F1:\ub4f1×1,U+B824:\ub824×2,U+B85D:\ub85d×1,U+B8CC:\ub8cc×7,U+B958:\ub958×1,U+B960:\ub960×3,U+B97C:\ub97c×2,U+B9AC:\ub9ac×6,U+B9BC:\ub9bc×2,U+B9C1:\ub9c1×1,U+BA74:\uba74×3,U+BAA8:\ubaa8×4,U+BB3C:\ubb3c×2,U+BBFC:\ubbfc×1,U+BC00:\ubc00×1,U+BC0F:\ubc0f×2,U+BC15:\ubc15×1,U+BC18:\ubc18×2,U+BC1B:\ubc1b×3,U+BC1C:\ubc1c×2,U+BC29:\ubc29×1,U+BC30:\ubc30×2,U+BC31:\ubc31×2,U+BC95:\ubc95×1,U+BCC4:\ubcc4×1,U+BCF4:\ubcf4×1,U+BD80:\ubd80×2,U+BD84:\ubd84×1,U+C0B0:\uc0b0×1,U+C0C1:\uc0c1×5,U+C0DD:\uc0dd×6,U+C11C:\uc11c×9,U+C131:\uc131×4,U+C218:\uc218×3,U+C2A4:\uc2a4×5,U+C2DC:\uc2dc×1,U+C2DD:\uc2dd×8,U+C2E0:\uc2e0×5,U+C368:\uc368×1,U+C544:\uc544×6,U+C54A:\uc54a×1,U+C57C:\uc57c×5,U+C57D:\uc57d×1,U+C591:\uc591×3,U+C5B4:\uc5b4×5,U+C5BB:\uc5bb×1,U+C5C6:\uc5c6×1,U+C5C8:\uc5c8×1,U+C5D0:\uc5d0×10,U+C5EC:\uc5ec×1,U+C5ED:\uc5ed×3,U+C5F4:\uc5f4×2,U+C5FC:\uc5fc×1,U+C608:\uc608×1,U+C624:\uc624×1,U+C628:\uc628×2,U+C644:\uc644×4,U+C678:\uc678×1,U+C694:\uc694×2,U+C6A9:\uc6a9×2,U+C6B0:\uc6b0×5,U+C6E8:\uc6e8×1,U+C720:\uc720×1,U+C721:\uc721×2,U+C73C:\uc73c×3,U+C740:\uc740×8,U+C744:\uc744×6,U+C74C:\uc74c×8,U+C751:\uc751×1,U+C758:\uc758×5,U+C774:\uc774×17,U+C788:\uc788×7,U+C790:\uc790×7,U+C791:\uc791×1,U+C7A5:\uc7a5×1,U+C7AC:\uc7ac×1,U+C801:\uc801×2,U+C804:\uc804×7,U+C808:\uc808×1,U+C811:\uc811×1,U+C81C:\uc81c×3,U+C870:\uc870×1,U+C874:\uc874×2,U+C885:\uc885×1,U+C88B:\uc88b×1,U+C8FC:\uc8fc×2,U+C911:\uc911×2,U+C99D:\uc99d×7,U+C9C1:\uc9c1×2,U+C9C4:\uc9c4×1,U+C9D1:\uc9d1×1,U+CC30:\ucc30×2,U+CC44:\ucc44×1,U+CD08:\ucd08×1,U+CD94:\ucd94×1,U+CD9C:\ucd9c×1,U+CDA9:\ucda9×1,U+CE58:\uce58×7,U+CE74:\uce74×1,U+D06C:\ud06c×3,U+D0AC:\ud0ac×1,U+D0DD:\ud0dd×1,U+D130:\ud130×1,U+D14C:\ud14c×2,U+D2B8:\ud2b8×2,U+D2B9:\ud2b9×1,U+D314:\ud314×1,U+D544:\ud544×1,U+D560:\ud560×2,U+D568:\ud568×7,U+D574:\ud574×2,U+D589:\ud589×1,U+D5E4:\ud5e4×1,U+D638:\ud638×2,U+D654:\ud654×1,U+D658:\ud658×1,U+D65C:\ud65c×1,U+D669:\ud669×1,U+D68C:\ud68c×1,U+D788:\ud788×5	U+0028:(×14,U+0029:)×14,U+002C:,×3,U+002D:-×29,U+0030:0×1,U+0032:2×6,U+0033:3×1,U+0038:8×3,U+003C:<×1,U+003E:>×1,U+0041:A×16,U+0042:B×10,U+0043:C×11,U+0047:G×2,U+0048:H×10,U+0049:I×16,U+004D:M×3,U+004E:N×2,U+004F:O×1,U+0050:P×3,U+0056:V×10,U+0057:W×1,U+0062:b×2,U+0067:g×7,U+006E:n×6,U+0074:t×4,U+AC04:\uac04×3,U+AC1C:\uac1c×1,U+AC74:\uac74×1,U+AC80:\uac80×7,U+AC8C:\uac8c×5,U+AD81:\uad81×1,U+B09C:\ub09c×1,U+B0B4:\ub0b4×4,U+B178:\ub178×1,U+B2A5:\ub2a5×4,U+B3C4:\ub3c4×1,U+B3C5:\ub3c5×1,U+B3D9:\ub3d9×1,U+B420:\ub420×1,U+B4DC:\ub4dc×1,U+B530:\ub530×2,U+B54C:\ub54c×1,U+B610:\ub610×2,U+B77C:\ub77c×1,U+B825:\ub825×1,U+B860:\ub860×1,U+B974:\ub974×4,U+B978:\ub978×1,U+B9BD:\ub9bd×1,U+B9CC:\ub9cc×5,U+B9E4:\ub9e4×1,U+BCD1:\ubcd1×2,U+BCF5:\ubcf5×1,U+BE60:\ube60×5,U+C0AC:\uc0ac×5,U+C11D:\uc11d×1,U+C138:\uc138×1,U+C220:\uc220×3,U+C2E4:\uc2e4×3,U+C545:\uc545×2,U+C554:\uc554×6,U+C5E1:\uc5e1×1,U+C6D0:\uc6d0×1,U+C6D4:\uc6d4×1,U+C704:\uc704×4,U+C778:\uc778×4,U+C77C:\uc77c×3,U+C7A0:\uc7a0×1,U+C9C0:\uc9c0×2,U+C9C8:\uc9c8×1,U+CCB4:\uccb4×2,U+CD5C:\ucd5c×1,U+CF5C:\ucf5c×1,U+D0C0:\ud0c0×1,U+D1A0:\ud1a0×1,U+D30C:\ud30c×3,U+D3D0:\ud3d0×1,U+D558:\ud558×5,U+D55C:\ud55c×12,U+D56D:\ud56d×4,U+D5D8:\ud5d8×5,U+D615:\ud615×4,U+D655:\ud655×1	-
166	443	347	U+0027:'×8,U+0028:(×1,U+0029:)×1,U+002A:*×3,U+002D:-×1,U+0033:3×2,U+0035:5×1,U+003F:?×9,U+0043:C×3,U+004C:L×4,U+004F:O×1,U+0052:R×1,U+0055:U×1,U+0068:h×1,U+0077:w×3,U+AC00:\uac00×21,U+AC01:\uac01×2,U+AC04:\uac04×1,U+AC15:\uac15×1,U+AC19:\uac19×2,U+AC1C:\uac1c×2,U+AC74:\uac74×4,U+AC8C:\uac8c×3,U+ACB0:\uacb0×4,U+ACF5:\uacf5×4,U+ACFC:\uacfc×3,U+AD11:\uad11×1,U+ADC0:\uadc0×1,U+AE08:\uae08×1,U+AE30:\uae30×11,U+B0B4:\ub0b4×1,U+B110:\ub110×1,U+B17C:\ub17c×1,U+B294:\ub294×6,U+B298:\ub298×1,U+B2A5:\ub2a5×7,U+B2CC:\ub2cc×7,U+B2E4:\ub2e4×3,U+B2F5:\ub2f5×1,U+B2F9:\ub2f9×2,U+B300:\ub300×6,U+B370:\ub370×1,U+B3C4:\ub3c4×2,U+B41C:\ub41c×2,U+B420:\ub420×2,U+B450:\ub450×1,U+B4E4:\ub4e4×4,U+B530:\ub530×1,U+B5A0:\ub5a0×1,U+B610:\ub610×5,U+B77C:\ub77c×1,U+B798:\ub798×1,U+B840:\ub840×2,U+B85C:\ub85c×8,U+B8E8:\ub8e8×1,U+B978:\ub978×1,U+B97C:\ub97c×3,U+BA70:\uba70×1,U+BA74:\uba74×1,U+BA85:\uba85×1,U+BAA9:\ubaa9×1,U+BABB:\ubabb×1,U+BB34:\ubb34×1,U+BB38:\ubb38×2,U+BC1B:\ubc1b×1,U+BC94:\ubc94×1,U+BCD1:\ubcd1×2,U+BD84:\ubd84×1,U+BD88:\ubd88×1,U+C0C1:\uc0c1×7,U+C131:\uc131×7,U+C138:\uc138×1,U+C18C:\uc18c×1,U+C190:\uc190×1,U+C2DC:\uc2dc×1,U+C2DD:\uc2dd×2,U+C2E4:\uc2e4×1,U+C2EC:\uc2ec×1,U+C544:\uc544×4,U+C5B5:\uc5b5×3,U+C5C6:\uc5c6×2,U+C5C7:\uc5c7×1,U+C5C8:\uc5c8×3,U+C5D0:\uc5d0×4,U+C5F0:\uc5f0×1,U+C600:\uc600×3,U+C601:\uc601×2,U+C640:\uc640×1,U+C678:\uc678×1,U+C6A9:\uc6a9×1,U+C6D0:\uc6d0×1,U+C704:\uc704×19,U+C73C:\uc73c×5,U+C758:\uc758×5,U+C774:\uc774×7,U+C775:\uc775×1,U+C778:\uc778×11,U+C784:\uc784×4,U+C788:\uc788×2,U+C790:\uc790×1,U+C791:\uc791×1,U+C798:\uc798×1,U+C7A5:\uc7a5×4,U+C801:\uc801×5,U+C808:\uc808×1,U+C810:\uc810×1,U+C815:\uc815×5,U+C81C:\uc81c×6,U+C81D:\uc81d×1,U+C870:\uc870×1,U+C900:\uc900×7,U+C9C0:\uc9c0×8,U+C9C4:\uc9c4×1,U+C9C8:\uc9c8×11,U+CC28:\ucc28×1,U+CCB4:\uccb4×5,U+CD5C:\ucd5c×1,U+CD94:\ucd94×2,U+CF5C:\ucf5c×1,U+D0DC:\ud0dc×2,U+D30C:\ud30c×6,U+D3B8:\ud3b8×2,U+D3C9:\ud3c9×6,U+D45C:\ud45c×2,U+D504:\ud504×1,U+D558:\ud558×10,U+D55C:\ud55c×18,U+D560:\ud560×2,U+D569:\ud569×2,U+D56D:\ud56d×4,U+D574:\ud574×2,U+D5A5:\ud5a5×2,U+D5C8:\ud5c8×1,U+D5D8:\ud5d8×16,U+D615:\ud615×1,U+D655:\ud655×3,U+D658:\ud658×6,U+D6A8:\ud6a8×1,U+D6C4:\ud6c4×1,U+D76C:\ud76c×1	U+0022:"×2,U+0026:&×1,U+002B:+×3,U+002C:,×3,U+002E:.×3,U+002F:/×3,U+0031:1×3,U+0037:7×1,U+0038:8×2,U+0041:A×2,U+0042:B×2,U+0044:D×4,U+0045:E×1,U+0047:G×1,U+0048:H×8,U+0049:I×3,U+004D:M×1,U+004E:N×4,U+0051:Q×1,U+0053:S×1,U+0054:T×5,U+0056:V×9,U+0057:W×1,U+0061:a×4,U+0062:b×1,U+0063:c×7,U+0064:d×3,U+0065:e×2,U+0067:g×1,U+0069:i×12,U+006C:l×3,U+006D:m×1,U+006E:n×4,U+006F:o×5,U+0070:p×1,U+0072:r×3,U+0073:s×5,U+0074:t×6,U+0075:u×3,U+0078:x×1,U+0079:y×1,U+AC10:\uac10×7,U+AC16:\uac16×1,U+AC80:\uac80×5,U+AC83:\uac83×1,U+ACA9:\uaca9×1,U+ACBD:\uacbd×2,U+ACE0:\uace0×5,U+AD00:\uad00×1,U+AD50:\uad50×1,U+AD6C:\uad6c×1,U+AD6D:\uad6d×2,U+AD70:\uad70×1,U+AD8C:\uad8c×4,U+ADE0:\uade0×2,U+ADF8:\uadf8×1,U+B0A8:\ub0a8×1,U+B0AE:\ub0ae×1,U+B178:\ub178×1,U+B2C8:\ub2c8×1,U+B2DD:\ub2dd×6,U+B3C5:\ub3c5×1,U+B418:\ub418×2,U+B428:\ub428×3,U+B458:\ub458×1,U+B4F1:\ub4f1×1,U+B7EC:\ub7ec×2,U+B824:\ub824×2,U+B8CC:\ub8cc×2,U+B960:\ub960×3,U+B974:\ub974×1,U+B9AC:\ub9ac×6,U+B9BC:\ub9bc×2,U+B9C1:\ub9c1×1,U+B9CC:\ub9cc×1,U+B9E4:\ub9e4×1,U+BAA8:\ubaa8×3,U+BB3C:\ubb3c×2,U+BBFC:\ubbfc×1,U+BC00:\ubc00×1,U+BC0F:\ubc0f×2,U+BC14:\ubc14×3,U+BC15:\ubc15×1,U+BC18:\ubc18×1,U+BC1C:\ubc1c×1,U+BC29:\ubc29×1,U+BC30:\ubc30×1,U+BC31:\ubc31×2,U+BC95:\ubc95×1,U+BD80:\ubd80×1,U+C0AC:\uc0ac×3,U+C0DD:\uc0dd×1,U+C11C:\uc11c×1,U+C218:\uc218×1,U+C220:\uc220×1,U+C2A4:\uc2a4×10,U+C2E0:\uc2e0×5,U+C368:\uc368×1,U+C54A:\uc54a×1,U+C57C:\uc57c×4,U+C57D:\uc57d×2,U+C591:\uc591×3,U+C5BB:\uc5bb×1,U+C5ED:\uc5ed×1,U+C5F4:\uc5f4×2,U+C5FC:\uc5fc×5,U+C624:\uc624×1,U+C628:\uc628×2,U+C644:\uc644×4,U+C6B0:\uc6b0×3,U+C6E8:\uc6e8×1,U+C721:\uc721×2,U+C740:\uc740×2,U+C74C:\uc74c×5,U+C751:\uc751×1,U+C77C:\uc77c×2,U+C7AC:\uc7ac×1,U+C804:\uc804×1,U+C811:\uc811×1,U+C874:\uc874×2,U+C885:\uc885×1,U+C88B:\uc88b×1,U+C8FC:\uc8fc×2,U+C911:\uc911×1,U+C99D:\uc99d×2,U+C9C1:\uc9c1×2,U+C9D1:\uc9d1×1,U+CC30:\ucc30×2,U+CC44:\ucc44×1,U+CCAD:\uccad×1,U+CD08:\ucd08×1,U+CD9C:\ucd9c×3,U+CE58:\uce58×2,U+CE74:\uce74×1,U+D06C:\ud06c×4,U+D0AC:\ud0ac×1,U+D14C:\ud14c×2,U+D1A0:\ud1a0×1,U+D22C:\ud22c×1,U+D314:\ud314×1,U+D398:\ud398×1,U+D48D:\ud48d×1,U+D53C:\ud53c×1,U+D544:\ud544×1,U+D559:\ud559×1,U+D568:\ud568×5,U+D575:\ud575×1,U+D589:\ud589×4,U+D5E4:\ud5e4×1,U+D638:\ud638×2,U+D65C:\ud65c×1,U+D68C:\ud68c×1,U+D788:\ud788×4	-
167	375	471	U+002C:,×3,U+002E:.×10,U+0031:1×12,U+0032:2×12,U+0037:7×1,U+0038:8×1,U+003A::×2,U+0042:B×3,U+0043:C×1,U+0046:F×1,U+0047:G×1,U+0048:H×11,U+0049:I×2,U+004A:J×1,U+004B:K×1,U+004D:M×2,U+0053:S×1,U+0054:T×1,U+0056:V×10,U+0069:i×1,U+AC07:\uac07×1,U+AC10:\uac10×9,U+AC16:\uac16×1,U+AC1C:\uac1c×11,U+AC80:\uac80×2,U+AC8C:\uac8c×2,U+ACAC:\uacac×1,U+ACB0:\uacb0×2,U+ACC4:\uacc4×7,U+ACE0:\uace0×4,U+ACFC:\uacfc×1,U+AD00:\uad00×12,U+AD50:\uad50×3,U+AD8C:\uad8c×5,U+ADA4:\uada4×1,U+ADFC:\uadfc×2,U+B09C:\ub09c×12,U+B0A8:\ub0a8×4,U+B192:\ub192×2,U+B2C8:\ub2c8×2,U+B2DD:\ub2dd×2,U+B2E8:\ub2e8×1,U+B2EC:\ub2ec×1,U+B358:\ub358×1,U+B3C4:\ub3c4×1,U+B3C5:\ub3c5×1,U+B3C8:\ub3c8×2,U+B3D9:\ub3d9×11,U+B4DC:\ub4dc×1,U+B514:\ub514×1,U+B530:\ub530×1,U+B54C:\ub54c×1,U+B610:\ub610×3,U+B77C:\ub77c×2,U+B78C:\ub78c×10,U+B7FD:\ub7fd×1,U+B824:\ub824×3,U+B825:\ub825×1,U+B839:\ub839×1,U+B85D:\ub85d×2,U+B860:\ub860×1,U+B8CC:\ub8cc×5,U+B974:\ub974×1,U+B97C:\ub97c×4,U+B9AC:\ub9ac×1,U+B9B0:\ub9b0×1,U+B9C8:\ub9c8×3,U+B9CC:\ub9cc×1,U+B9E4:\ub9e4×2,U+B9E5:\ub9e5×2,U+B9FA:\ub9fa×7,U+BA38:\uba38×2,U+BAA9:\ubaa9×3,U+BB38:\ubb38×1,U+BB3C:\ubb3c×2,U+BBF8:\ubbf8×1,U+BC1B:\ubc1b×2,U+BCA0:\ubca0×1,U+BCF5:\ubcf5×2,U+BE44:\ube44×2,U+BE68:\ube68×1,U+C0AC:\uc0ac×12,U+C11D:\uc11d×1,U+C124:\uc124×1,U+C131:\uc131×2,U+C13C:\uc13c×1,U+C2A4:\uc2a4×1,U+C545:\uc545×1,U+C548:\uc548×12,U+C54C:\uc54c×2,U+C561:\uc561×1,U+C57C:\uc57c×4,U+C57D:\uc57d×5,U+C591:\uc591×3,U+C5D0:\uc5d0×2,U+C5FC:\uc5fc×6,U+C625:\uc625×1,U+C640:\uc640×1,U+C644:\uc644×1,U+C6D4:\uc6d4×12,U+C720:\uc720×1,U+C721:\uc721×2,U+C740:\uc740×8,U+C785:\uc785×2,U+C7A0:\uc7a0×3,U+C7AC:\uc7ac×2,U+C838:\uc838×1,U+C874:\uc874×3,U+C8FC:\uc8fc×5,U+C989:\uc989×1,U+C9D0:\uc9d0×1,U+CD9C:\ucd9c×1,U+CE58:\uce58×2,U+CE60:\uce60×1,U+CFE8:\ucfe8×1,U+D074:\ud074×1,U+D130:\ud130×1,U+D22C:\ud22c×2,U+D398:\ud398×1,U+D53C:\ud53c×2,U+D544:\ud544×1,U+D568:\ud568×2,U+D575:\ud575×6,U+D600:\ud600×1,U+D604:\ud604×1,U+D65C:\ud65c×1	U+0027:'×8,U+0028:(×5,U+0029:)×5,U+002A:*×2,U+002D:-×11,U+0033:3×1,U+0034:4×2,U+0035:5×1,U+003C:<×1,U+003E:>×1,U+003F:?×9,U+0041:A×1,U+0044:D×1,U+0045:E×1,U+004C:L×6,U+004F:O×1,U+0052:R×5,U+0055:U×1,U+0061:a×1,U+0065:e×2,U+0068:h×1,U+006E:n×1,U+006F:o×1,U+0070:p×1,U+0072:r×1,U+0074:t×1,U+0077:w×3,U+AC00:\uac00×22,U+AC04:\uac04×1,U+AC15:\uac15×1,U+AC19:\uac19×2,U+AC74:\uac74×3,U+AC83:\uac83×2,U+ACF5:\uacf5×4,U+AD11:\uad11×1,U+AD6D:\uad6d×1,U+ADC0:\uadc0×1,U+AE30:\uae30×14,U+B0B4:\ub0b4×3,U+B110:\ub110×1,U+B17C:\ub17c×1,U+B294:\ub294×8,U+B298:\ub298×1,U+B2A5:\ub2a5×7,U+B2CC:\ub2cc×7,U+B2E4:\ub2e4×3,U+B2F5:\ub2f5×1,U+B300:\ub300×5,U+B370:\ub370×1,U+B418:\ub418×4,U+B41C:\ub41c×2,U+B420:\ub420×1,U+B450:\ub450×1,U+B4E0:\ub4e0×1,U+B4E4:\ub4e4×4,U+B5A0:\ub5a0×1,U+B840:\ub840×1,U+B85C:\ub85c×3,U+B8E8:\ub8e8×1,U+B958:\ub958×1,U+BA70:\uba70×1,U+BA74:\uba74×3,U+BA85:\uba85×1,U+BABB:\ubabb×1,U+BC1C:\ubc1c×1,U+BC30:\ubc30×1,U+BC94:\ubc94×1,U+BCD1:\ubcd1×3,U+BCF4:\ubcf4×1,U+BD80:\ubd80×1,U+BD84:\ubd84×2,U+BD88:\ubd88×1,U+C0B0:\uc0b0×1,U+C0C1:\uc0c1×4,U+C11C:\uc11c×5,U+C120:\uc120×1,U+C138:\uc138×1,U+C18C:\uc18c×2,U+C190:\uc190×1,U+C218:\uc218×5,U+C220:\uc220×1,U+C2DC:\uc2dc×1,U+C2E4:\uc2e4×1,U+C544:\uc544×5,U+C54A:\uc54a×1,U+C5B4:\uc5b4×2,U+C5B5:\uc5b5×3,U+C5C6:\uc5c6×1,U+C5C7:\uc5c7×1,U+C5C8:\uc5c8×4,U+C5EC:\uc5ec×1,U+C5ED:\uc5ed×2,U+C600:\uc600×3,U+C601:\uc601×1,U+C678:\uc678×2,U+C694:\uc694×1,U+C6A9:\uc6a9×4,U+C6D0:\uc6d0×2,U+C704:\uc704×17,U+C73C:\uc73c×6,U+C744:\uc744×2,U+C74C:\uc74c×3,U+C758:\uc758×3,U+C774:\uc774×12,U+C775:\uc775×1,U+C778:\uc778×9,U+C784:\uc784×2,U+C788:\uc788×8,U+C791:\uc791×2,U+C798:\uc798×1,U+C7A5:\uc7a5×5,U+C804:\uc804×7,U+C808:\uc808×1,U+C810:\uc810×1,U+C815:\uc815×2,U+C81C:\uc81c×8,U+C81D:\uc81d×1,U+C870:\uc870×1,U+C900:\uc900×7,U+C99D:\uc99d×5,U+C9C0:\uc9c0×3,U+C9C4:\uc9c4×1,U+C9C8:\uc9c8×11,U+CC28:\ucc28×1,U+CCB4:\uccb4×6,U+CD94:\ucd94×3,U+CDA9:\ucda9×1,U+CF5C:\ucf5c×1,U+D0DD:\ud0dd×1,U+D1A0:\ud1a0×1,U+D2B8:\ud2b8×2,U+D2B9:\ud2b9×1,U+D30C:\ud30c×7,U+D3B8:\ud3b8×2,U+D3C9:\ud3c9×6,U+D3EC:\ud3ec×1,U+D45C:\ud45c×2,U+D504:\ud504×2,U+D558:\ud558×5,U+D55C:\ud55c×13,U+D560:\ud560×2,U+D569:\ud569×3,U+D56D:\ud56d×4,U+D574:\ud574×1,U+D589:\ud589×1,U+D5A5:\ud5a5×1,U+D5C8:\ud5c8×1,U+D5D8:\ud5d8×12,U+D615:\ud615×1,U+D654:\ud654×1,U+D655:\ud655×3,U+D658:\ud658×6,U+D6A8:\ud6a8×1,U+D6C4:\ud6c4×2,U+D76C:\ud76c×1	-
168	414	351	U+002D:-×2,U+002F:/×1,U+0034:4×3,U+003F:?×1,U+0042:B×3,U+0047:G×1,U+004E:N×2,U+0052:R×1,U+0054:T×6,U+0058:X×2,U+0061:a×3,U+0063:c×1,U+0066:f×1,U+0069:i×1,U+006D:m×1,U+006E:n×1,U+0072:r×2,U+0079:y×3,U+AC00:\uac00×7,U+AC04:\uac04×1,U+AC19:\uac19×1,U+AC80:\uac80×10,U+AC83:\uac83×5,U+AC8C:\uac8c×1,U+ACB0:\uacb0×1,U+ACE0:\uace0×2,U+AD6C:\uad6c×3,U+AD6D:\uad6d×3,U+AE30:\uae30×6,U+B0AE:\ub0ae×2,U+B2E4:\ub2e4×2,U+B2E8:\ub2e8×3,U+B2F4:\ub2f4×1,U+B370:\ub370×1,U+B3C5:\ub3c5×1,U+B428:\ub428×4,U+B450:\ub450×1,U+B454:\ub454×1,U+B4DC:\ub4dc×1,U+B4E0:\ub4e0×2,U+B4E4:\ub4e4×2,U+B4F1:\ub4f1×2,U+B530:\ub530×1,U+B5BB:\ub5bb×1,U+B77C:\ub77c×1,U+B7EC:\ub7ec×1,U+B824:\ub824×1,U+B825:\ub825×1,U+B860:\ub860×3,U+B8E8:\ub8e8×1,U+B960:\ub960×6,U+B974:\ub974×2,U+B9B0:\ub9b0×2,U+B9C8:\ub9c8×1,U+BA70:\uba70×1,U+BA85:\uba85×2,U+BAA8:\ubaa8×1,U+BC0F:\ubc0f×1,U+BC14:\ubc14×1,U+BC1C:\ubc1c×2,U+BC29:\ubc29×5,U+BC95:\ubc95×4,U+BCA0:\ubca0×2,U+BCC4:\ubcc4×1,U+BCD1:\ubcd1×9,U+BCF4:\ubcf4×6,U+BD80:\ubd80×5,U+BD84:\ubd84×1,U+C0C8:\uc0c8×1,U+C11C:\uc11c×6,U+C120:\uc120×3,U+C124:\uc124×1,U+C138:\uc138×1,U+C13C:\uc13c×2,U+C218:\uc218×4,U+C220:\uc220×1,U+C2DD:\uc2dd×3,U+C2E0:\uc2e0×3,U+C2E4:\uc2e4×1,U+C54A:\uc54a×1,U+C558:\uc558×2,U+C561:\uc561×3,U+C57C:\uc57c×2,U+C591:\uc591×3,U+C5B4:\uc5b4×1,U+C5B5:\uc5b5×1,U+C5B8:\uc5b8×3,U+C5C7:\uc5c7×1,U+C5ED:\uc5ed×9,U+C608:\uc608×5,U+C628:\uc628×1,U+C640:\uc640×1,U+C694:\uc694×6,U+C6A9:\uc6a9×5,U+C6B4:\uc6b4×2,U+C6C0:\uc6c0×1,U+C704:\uc704×3,U+C720:\uc720×4,U+C728:\uc728×1,U+C744:\uc744×18,U+C74C:\uc74c×3,U+C758:\uc758×4,U+C774:\uc774×2,U+C775:\uc775×1,U+C778:\uc778×7,U+C788:\uc788×2,U+C790:\uc790×7,U+C791:\uc791×1,U+C7A5:\uc7a5×2,U+C800:\uc800×1,U+C804:\uc804×4,U+C811:\uc811×2,U+C815:\uc815×4,U+C81C:\uc81c×2,U+C870:\uc870×3,U+C885:\uc885×6,U+C911:\uc911×6,U+C99D:\uc99d×10,U+C9C0:\uc9c0×1,U+C9C1:\uc9c1×1,U+C9C4:\uc9c4×5,U+CC30:\ucc30×2,U+CC38:\ucc38×1,U+CC9C:\ucc9c×1,U+CCB4:\uccb4×1,U+CD94:\ucd94×2,U+CD9C:\ucd9c×1,U+CDA9:\ucda9×1,U+CF5C:\ucf5c×1,U+CFE8:\ucfe8×2,U+D0DD:\ud0dd×1,U+D130:\ud130×8,U+D1A0:\ud1a0×2,U+D22C:\ud22c×1,U+D30C:\ud30c×4,U+D398:\ud398×3,U+D3B8:\ud3b8×1,U+D3C9:\ud3c9×6,U+D45C:\ud45c×1,U+D48D:\ud48d×1,U+D504:\ud504×1,U+D558:\ud558×1,U+D559:\ud559×7,U+D560:\ud560×2,U+D568:\ud568×7,U+D569:\ud569×1,U+D56D:\ud56d×1,U+D574:\ud574×3,U+D608:\ud608×3,U+D638:\ud638×1,U+D654:\ud654×7,U+D655:\ud655×1,U+D6A8:\ud6a8×1,U+D6C4:\ud6c4×3,U+D749:\ud749×2	U+0029:)×1,U+002A:*×1,U+002E:.×4,U+0031:1×11,U+0032:2×12,U+0033:3×1,U+0037:7×1,U+0038:8×1,U+003A::×1,U+0041:A×2,U+0043:C×5,U+0044:D×1,U+0045:E×1,U+0046:F×1,U+0048:H×14,U+0049:I×2,U+004A:J×1,U+004B:K×1,U+004C:L×1,U+004D:M×2,U+0053:S×1,U+0056:V×16,U+AC01:\uac01×2,U+AC07:\uac07×1,U+AC10:\uac10×5,U+AC16:\uac16×1,U+AC1C:\uac1c×12,U+AC70:\uac70×2,U+AC74:\uac74×1,U+ACBD:\uacbd×1,U+ACC4:\uacc4×8,U+ACFC:\uacfc×2,U+AD00:\uad00×11,U+AD50:\uad50×3,U+AD8C:\uad8c×2,U+ADA4:\uada4×1,U+ADF8:\uadf8×1,U+ADFC:\uadfc×2,U+AE08:\uae08×1,U+B098:\ub098×2,U+B09C:\ub09c×12,U+B0A8:\ub0a8×4,U+B294:\ub294×3,U+B2C8:\ub2c8×2,U+B2DD:\ub2dd×1,U+B2EC:\ub2ec×1,U+B2F9:\ub2f9×1,U+B300:\ub300×1,U+B358:\ub358×1,U+B3C8:\ub3c8×2,U+B3D9:\ub3d9×8,U+B418:\ub418×2,U+B41C:\ub41c×1,U+B514:\ub514×1,U+B610:\ub610×5,U+B78C:\ub78c×10,U+B798:\ub798×1,U+B7FD:\ub7fd×1,U+B840:\ub840×1,U+B85D:\ub85d×3,U+B8CC:\ub8cc×7,U+B978:\ub978×1,U+B97C:\ub97c×2,U+B9AC:\ub9ac×2,U+B9CC:\ub9cc×1,U+B9E4:\ub9e4×2,U+B9E5:\ub9e5×2,U+B9FA:\ub9fa×7,U+BA38:\uba38×2,U+BA74:\uba74×1,U+BAA9:\ubaa9×4,U+BB38:\ubb38×3,U+BBF8:\ubbf8×2,U+BC18:\ubc18×1,U+BC1B:\ubc1b×1,U+BCF5:\ubcf5×1,U+BE68:\ube68×1,U+C0AC:\uc0ac×2,U+C0C1:\uc0c1×1,U+C0DD:\uc0dd×2,U+C11D:\uc11d×1,U+C131:\uc131×9,U+C2DC:\uc2dc×3,U+C544:\uc544×4,U+C548:\uc548×11,U+C54C:\uc54c×1,U+C57D:\uc57d×3,U+C5C6:\uc5c6×1,U+C5D0:\uc5d0×4,U+C5F0:\uc5f0×1,U+C5FC:\uc5fc×6,U+C625:\uc625×1,U+C644:\uc644×1,U+C6B0:\uc6b0×1,U+C6D4:\uc6d4×12,U+C721:\uc721×2,U+C73C:\uc73c×2,U+C740:\uc740×7,U+C77C:\uc77c×1,U+C784:\uc784×1,U+C785:\uc785×2,U+C7A0:\uc7a0×1,U+C801:\uc801×4,U+C838:\uc838×1,U+C8FC:\uc8fc×4,U+C989:\uc989×1,U+C9D0:\uc9d0×1,U+CE58:\uce58×4,U+CE60:\uce60×1,U+D06C:\ud06c×1,U+D074:\ud074×1,U+D0DC:\ud0dc×2,U+D53C:\ud53c×2,U+D55C:\ud55c×1,U+D575:\ud575×2,U+D600:\ud600×1,U+D604:\ud604×1,U+D658:\ud658×3,U+D669:\ud669×1	-
169	100	506	U+0028:(×2,U+0029:)×7,U+0035:5×1,U+0036:6×1,U+0041:A×4,U+0044:D×1,U+0045:E×1,U+0053:S×2,U+0062:b×1,U+0064:d×1,U+AC01:\uac01×2,U+AC70:\uac70×2,U+ACAC:\uacac×3,U+ACBD:\uacbd×2,U+ACC4:\uacc4×2,U+AD00:\uad00×3,U+ADF8:\uadf8×1,U+B2A5:\ub2a5×1,U+B2E8:\ub2e8×1,U+B300:\ub300×3,U+B418:\ub418×1,U+B450:\ub450×1,U+B454:\ub454×1,U+B7EC:\ub7ec×1,U+B958:\ub958×1,U+B978:\ub978×1,U+B9BC:\ub9bc×1,U+BBF8:\ubbf8×1,U+BC00:\ubc00×1,U+BC18:\ubc18×2,U+BC1C:\ubc1c×1,U+BC94:\ubc94×1,U+C0C1:\uc0c1×1,U+C11D:\uc11d×2,U+C124:\uc124×1,U+C13C:\uc13c×1,U+C18C:\uc18c×1,U+C2A4:\uc2a4×1,U+C2DC:\uc2dc×1,U+C2DD:\uc2dd×4,U+C2EC:\uc2ec×3,U+C554:\uc554×1,U+C5C8:\uc5c8×1,U+C5F0:\uc5f0×1,U+C600:\uc600×1,U+C624:\uc624×1,U+C6B0:\uc6b0×3,U+C751:\uc751×1,U+C77C:\uc77c×1,U+C7A5:\uc7a5×2,U+C801:\uc801×1,U+C808:\uc808×1,U+C870:\uc870×1,U+CC28:\ucc28×1,U+CC30:\ucc30×2,U+CC98:\ucc98×1,U+CD94:\ucd94×2,U+CD9C:\ucd9c×1,U+D1B5:\ud1b5×1,U+D2B9:\ud2b9×1,U+D3B8:\ud3b8×1,U+D544:\ud544×1,U+D55C:\ud55c×1,U+D68D:\ud68d×1,U+D6C4:\ud6c4×2,U+D788:\ud788×1	U+002C:,×2,U+002D:-×1,U+002E:.×17,U+0031:1×2,U+0032:2×1,U+0034:4×3,U+003A::×1,U+0042:B×8,U+0043:C×1,U+0047:G×2,U+0048:H×3,U+0049:I×3,U+004E:N×3,U+0054:T×7,U+0058:X×2,U+0061:a×3,U+0066:f×1,U+0069:i×2,U+006D:m×1,U+006E:n×1,U+0072:r×2,U+0079:y×3,U+AC00:\uac00×10,U+AC04:\uac04×2,U+AC10:\uac10×5,U+AC19:\uac19×1,U+AC1C:\uac1c×1,U+AC80:\uac80×10,U+AC83:\uac83×3,U+AC8C:\uac8c×2,U+ACB0:\uacb0×2,U+ACE0:\uace0×4,U+ACFC:\uacfc×2,U+AD6D:\uad6d×3,U+AD8C:\uad8c×2,U+AE30:\uae30×2,U+B098:\ub098×1,U+B0AE:\ub0ae×2,U+B192:\ub192×4,U+B294:\ub294×8,U+B2E4:\ub2e4×3,U+B2F9:\ub2f9×1,U+B370:\ub370×1,U+B3C4:\ub3c4×3,U+B3C5:\ub3c5×2,U+B420:\ub420×1,U+B428:\ub428×4,U+B4DC:\ub4dc×2,U+B4E4:\ub4e4×3,U+B4F1:\ub4f1×2,U+B530:\ub530×3,U+B54C:\ub54c×1,U+B610:\ub610×1,U+B77C:\ub77c×5,U+B824:\ub824×4,U+B825:\ub825×1,U+B839:\ub839×1,U+B85C:\ub85c×3,U+B860:\ub860×4,U+B8CC:\ub8cc×3,U+B8E8:\ub8e8×1,U+B960:\ub960×6,U+B974:\ub974×3,U+B97C:\ub97c×2,U+B9AC:\ub9ac×1,U+B9B0:\ub9b0×3,U+B9C8:\ub9c8×4,U+B9CC:\ub9cc×1,U+BA70:\uba70×1,U+BB3C:\ubb3c×2,U+BC0F:\ubc0f×1,U+BC14:\ubc14×1,U+BC1B:\ubc1b×4,U+BC29:\ubc29×6,U+BC95:\ubc95×4,U+BCA0:\ubca0×3,U+BCC4:\ubcc4×2,U+BCD1:\ubcd1×8,U+BCF4:\ubcf4×2,U+BCF5:\ubcf5×2,U+BE44:\ube44×2,U+C0AC:\uc0ac×10,U+C0C8:\uc0c8×1,U+C0DD:\uc0dd×2,U+C11C:\uc11c×4,U+C120:\uc120×3,U+C131:\uc131×5,U+C218:\uc218×5,U+C2E0:\uc2e0×3,U+C548:\uc548×1,U+C54A:\uc54a×1,U+C54C:\uc54c×1,U+C558:\uc558×2,U+C561:\uc561×4,U+C57C:\uc57c×6,U+C57D:\uc57d×2,U+C5B4:\uc5b4×4,U+C5B5:\uc5b5×1,U+C5C6:\uc5c6×1,U+C5D0:\uc5d0×4,U+C5EC:\uc5ec×1,U+C5ED:\uc5ed×10,U+C601:\uc601×1,U+C608:\uc608×6,U+C628:\uc628×1,U+C694:\uc694×5,U+C6A9:\uc6a9×4,U+C6C0:\uc6c0×1,U+C704:\uc704×4,U+C720:\uc720×7,U+C728:\uc728×1,U+C740:\uc740×10,U+C744:\uc744×12,U+C74C:\uc74c×3,U+C758:\uc758×6,U+C774:\uc774×4,U+C778:\uc778×8,U+C784:\uc784×1,U+C788:\uc788×5,U+C790:\uc790×4,U+C7A0:\uc7a0×2,U+C7AC:\uc7ac×2,U+C800:\uc800×1,U+C811:\uc811×2,U+C81C:\uc81c×1,U+C874:\uc874×2,U+C8FC:\uc8fc×1,U+C911:\uc911×5,U+C99D:\uc99d×5,U+C9C0:\uc9c0×8,U+C9C4:\uc9c4×1,U+C9C8:\uc9c8×1,U+CC38:\ucc38×1,U+CC9C:\ucc9c×1,U+CCB4:\uccb4×1,U+CDA9:\ucda9×1,U+CE58:\uce58×3,U+CF5C:\ucf5c×1,U+CFE8:\ucfe8×3,U+D0DD:\ud0dd×1,U+D130:\ud130×5,U+D1A0:\ud1a0×2,U+D22C:\ud22c×3,U+D30C:\ud30c×1,U+D398:\ud398×4,U+D3C9:\ud3c9×3,U+D45C:\ud45c×1,U+D48D:\ud48d×1,U+D504:\ud504×1,U+D558:\ud558×5,U+D559:\ud559×4,U+D560:\ud560×3,U+D568:\ud568×7,U+D569:\ud569×1,U+D56D:\ud56d×1,U+D574:\ud574×3,U+D575:\ud575×3,U+D5A5:\ud5a5×1,U+D5D8:\ud5d8×4,U+D608:\ud608×4,U+D638:\ud638×1,U+D654:\ud654×7,U+D65C:\ud65c×1,U+D6A8:\ud6a8×1,U+D749:\ud749×2	-
170	652	136	U+0025:%×1,U+0028:(×2,U+002C:,×15,U+002D:-×9,U+002E:.×8,U+0030:0×3,U+0031:1×1,U+0032:2×2,U+0033:3×1,U+0035:5×1,U+003B:;×1,U+003C:<×2,U+003E:>×3,U+0042:B×5,U+0043:C×3,U+0045:E×2,U+0046:F×2,U+0047:G×2,U+0049:I×5,U+004C:L×3,U+004D:M×4,U+0051:Q×1,U+0053:S×5,U+0054:T×10,U+0058:X×2,U+0061:a×5,U+0062:b×1,U+0063:c×1,U+0067:g×1,U+0069:i×2,U+006B:k×1,U+006D:m×1,U+006E:n×2,U+006F:o×2,U+0070:p×1,U+0072:r×4,U+0073:s×2,U+0079:y×2,U+AC00:\uac00×14,U+AC04:\uac04×13,U+AC10:\uac10×2,U+AC15:\uac15×2,U+AC16:\uac16×1,U+AC70:\uac70×3,U+AC74:\uac74×1,U+AC80:\uac80×15,U+AC83:\uac83×1,U+ACC4:\uacc4×5,U+ACE0:\uace0×17,U+ACF5:\uacf5×2,U+AD00:\uad00×11,U+AD11:\uad11×1,U+AD50:\uad50×1,U+AD8C:\uad8c×5,U+ADF8:\uadf8×1,U+ADFC:\uadfc×1,U+AE08:\uae08×1,U+B17C:\ub17c×2,U+B192:\ub192×3,U+B1E8:\ub1e8×2,U+B294:\ub294×10,U+B2A5:\ub2a5×3,U+B2C8:\ub2c8×2,U+B2DD:\ub2dd×1,U+B2E4:\ub2e4×6,U+B2EC:\ub2ec×1,U+B2F9:\ub2f9×2,U+B370:\ub370×1,U+B371:\ub371×1,U+B3C4:\ub3c4×14,U+B3D9:\ub3d9×3,U+B418:\ub418×3,U+B420:\ub420×2,U+B428:\ub428×1,U+B4F1:\ub4f1×2,U+B530:\ub530×1,U+B54C:\ub54c×1,U+B5A0:\ub5a0×1,U+B77C:\ub77c×3,U+B7FC:\ub7fc×1,U+B808:\ub808×4,U+B824:\ub824×1,U+B839:\ub839×1,U+B840:\ub840×1,U+B85D:\ub85d×1,U+B864:\ub864×1,U+B97C:\ub97c×3,U+B9AC:\ub9ac×1,U+B9C8:\ub9c8×1,U+B9CC:\ub9cc×4,U+B9E4:\ub9e4×1,U+B9E5:\ub9e5×5,U+BA70:\uba70×4,U+BA74:\uba74×5,U+BBC0:\ubbc0×1,U+BBF8:\ubbf8×1,U+BBFC:\ubbfc×1,U+BC0F:\ubc0f×3,U+BC29:\ubc29×8,U+BC34:\ubc34×1,U+BC84:\ubc84×1,U+BC95:\ubc95×1,U+BCC0:\ubcc0×6,U+BD04:\ubd04×1,U+BD80:\ubd80×2,U+BD84:\ubd84×2,U+BE44:\ube44×1,U+BFD0:\ubfd0×2,U+C0AC:\uc0ac×12,U+C0B0:\uc0b0×1,U+C0C1:\uc0c1×6,U+C0DD:\uc0dd×6,U+C12C:\uc12c×1,U+C131:\uc131×8,U+C1E0:\uc1e0×1,U+C218:\uc218×9,U+C220:\uc220×3,U+C298:\uc298×2,U+C2A4:\uc2a4×8,U+C2B5:\uc2b5×1,U+C2E4:\uc2e4×2,U+C2EC:\uc2ec×7,U+C368:\uc368×1,U+C544:\uc544×5,U+C54A:\uc54a×3,U+C555:\uc555×1,U+C57C:\uc57c×5,U+C598:\uc598×1,U+C5B4:\uc5b4×6,U+C5BB:\uc5bb×1,U+C5C6:\uc5c6×1,U+C5EC:\uc5ec×3,U+C5F0:\uc5f0×1,U+C601:\uc601×5,U+C608:\uc608×1,U+C640:\uc640×1,U+C694:\uc694×4,U+C6A9:\uc6a9×1,U+C704:\uc704×4,U+C720:\uc720×1,U+C73C:\uc73c×6,U+C740:\uc740×5,U+C74C:\uc74c×11,U+C774:\uc774×1,U+C778:\uc778×5,U+C77C:\uc77c×2,U+C788:\uc788×20,U+C7AC:\uc7ac×1,U+C7C1:\uc7c1×2,U+C800:\uc800×1,U+C801:\uc801×5,U+C810:\uc810×2,U+C815:\uc815×5,U+C99D:\uc99d×2,U+C9C0:\uc9c0×10,U+C9C8:\uc9c8×5,U+C9D5:\uc9d5×1,U+CC9C:\ucc9c×2,U+CCAD:\uccad×1,U+CD08:\ucd08×3,U+CDA9:\ucda9×1,U+CE21:\uce21×2,U+CE58:\uce58×2,U+CE60:\uce60×2,U+CE68:\uce68×1,U+CE7C:\uce7c×2,U+CF5C:\ucf5c×2,U+CFE0:\ucfe0×1,U+D06C:\ud06c×1,U+D0DC:\ud0dc×1,U+D14C:\ud14c×2,U+D1A0:\ud1a0×1,U+D2B8:\ud2b8×4,U+D30C:\ud30c×1,U+D3C9:\ud3c9×3,U+D3D0:\ud3d0×1,U+D3EC:\ud3ec×1,U+D45C:\ud45c×1,U+D504:\ud504×1,U+D544:\ud544×3,U+D558:\ud558×18,U+D559:\ud559×3,U+D55C:\ud55c×4,U+D560:\ud560×5,U+D569:\ud569×3,U+D56D:\ud56d×1,U+D589:\ud589×3,U+D5A5:\ud5a5×1,U+D5D8:\ud5d8×6,U+D604:\ud604×1,U+D608:\ud608×14,U+D615:\ud615×1,U+D654:\ud654×4,U+D655:\ud655×1,U+D658:\ud658×4,U+D749:\ud749×2,U+D761:\ud761×1	U+0029:)×2,U+003F:?×1,U+0041:A×2,U+0064:d×1,U+AC01:\uac01×2,U+AC8C:\uac8c×1,U+ACAC:\uacac×2,U+ACB0:\uacb0×5,U+ACBD:\uacbd×1,U+ACFC:\uacfc×3,U+AD6C:\uad6c×2,U+AE30:\uae30×1,U+B2E8:\ub2e8×2,U+B300:\ub300×4,U+B41C:\ub41c×1,U+B450:\ub450×1,U+B454:\ub454×2,U+B4E0:\ub4e0×1,U+B5BB:\ub5bb×1,U+B610:\ub610×1,U+B7EC:\ub7ec×1,U+B958:\ub958×1,U+BB34:\ubb34×1,U+BC00:\ubc00×1,U+BC18:\ubc18×2,U+BC1C:\ubc1c×2,U+BC94:\ubc94×1,U+BCF4:\ubcf4×1,U+C11C:\uc11c×2,U+C11D:\uc11d×2,U+C124:\uc124×3,U+C138:\uc138×1,U+C13C:\uc13c×3,U+C2DD:\uc2dd×12,U+C554:\uc554×1,U+C591:\uc591×6,U+C5B8:\uc5b8×3,U+C5C7:\uc5c7×1,U+C5C8:\uc5c8×1,U+C5FC:\uc5fc×2,U+C600:\uc600×1,U+C624:\uc624×1,U+C6B0:\uc6b0×2,U+C744:\uc744×3,U+C751:\uc751×1,U+C790:\uc790×5,U+C791:\uc791×1,U+C7A5:\uc7a5×5,U+C804:\uc804×1,U+C808:\uc808×1,U+C870:\uc870×2,U+C885:\uc885×4,U+C9C4:\uc9c4×4,U+CC28:\ucc28×1,U+CC30:\ucc30×4,U+CC98:\ucc98×1,U+CD5C:\ucd5c×1,U+CD9C:\ucd9c×3,U+D130:\ud130×5,U+D3B8:\ud3b8×2,U+D68D:\ud68d×1,U+D6C4:\ud6c4×4	-
171	1539	6	U+0025:%×1,U+0028:(×8,U+0029:)×14,U+002C:,×15,U+002D:-×11,U+002E:.×27,U+0030:0×8,U+0031:1×14,U+0032:2×13,U+0033:3×12,U+0034:4×10,U+0035:5×2,U+0036:6×7,U+0037:7×5,U+0038:8×6,U+0039:9×3,U+003A::×3,U+003B:;×3,U+003C:<×1,U+003E:>×1,U+003F:?×1,U+0041:A×2,U+0042:B×9,U+0043:C×5,U+0044:D×7,U+0045:E×7,U+0046:F×3,U+0048:H×7,U+0049:I×6,U+004A:J×4,U+004B:K×1,U+004C:L×7,U+004D:M×9,U+004E:N×2,U+004F:O×1,U+0050:P×4,U+0051:Q×2,U+0052:R×7,U+0053:S×7,U+0054:T×8,U+0059:Y×1,U+0061:a×47,U+0062:b×4,U+0063:c×7,U+0064:d×6,U+0065:e×36,U+0066:f×4,U+0067:g×9,U+0068:h×4,U+0069:i×55,U+006C:l×34,U+006D:m×7,U+006E:n×40,U+006F:o×35,U+0070:p×20,U+0072:r×40,U+0073:s×25,U+0074:t×32,U+0075:u×9,U+0076:v×17,U+0078:x×1,U+0079:y×9,U+007A:z×2,U+AC00:\uac00×13,U+AC04:\uac04×15,U+AC15:\uac15×1,U+AC70:\uac70×3,U+AC74:\uac74×1,U+AC80:\uac80×17,U+AC83:\uac83×6,U+AC8C:\uac8c×6,U+ACAC:\uacac×3,U+ACB0:\uacb0×6,U+ACBD:\uacbd×4,U+ACC4:\uacc4×1,U+ACE0:\uace0×13,U+ACF5:\uacf5×1,U+ACFC:\uacfc×12,U+AD00:\uad00×11,U+AD6C:\uad6c×3,U+AD6D:\uad6d×1,U+AD8C:\uad8c×1,U+AE08:\uae08×2,U+AE30:\uae30×15,U+B098:\ub098×6,U+B0A8:\ub0a8×1,U+B0B4:\ub0b4×2,U+B17C:\ub17c×2,U+B192:\ub192×2,U+B294:\ub294×18,U+B2A5:\ub2a5×1,U+B2E4:\ub2e4×10,U+B2F4:\ub2f4×9,U+B300:\ub300×3,U+B370:\ub370×1,U+B378:\ub378×1,U+B3C4:\ub3c4×6,U+B3D9:\ub3d9×1,U+B418:\ub418×5,U+B41C:\ub41c×3,U+B420:\ub420×2,U+B4DC:\ub4dc×1,U+B4E4:\ub4e4×4,U+B54C:\ub54c×1,U+B610:\ub610×3,U+B7C9:\ub7c9×1,U+B7FC:\ub7fc×4,U+B824:\ub824×1,U+B85C:\ub85c×13,U+B8E8:\ub8e8×3,U+B978:\ub978×1,U+B97C:\ub97c×7,U+B9CC:\ub9cc×7,U+B9E5:\ub9e5×4,U+BA74:\uba74×4,U+BA85:\uba85×7,U+BAA8:\ubaa8×1,U+BB38:\ubb38×1,U+BBF8:\ubbf8×1,U+BC0F:\ubc0f×1,U+BC1C:\ubc1c×5,U+BC29:\ubc29×7,U+BC34:\ubc34×1,U+BC84:\ubc84×3,U+BCA4:\ubca4×2,U+BCC0:\ubcc0×7,U+BCD1:\ubcd1×1,U+BCF4:\ubcf4×6,U+BCF5:\ubcf5×2,U+BD04:\ubd04×2,U+BD80:\ubd80×8,U+BD84:\ubd84×3,U+BD88:\ubd88×1,U+BE44:\ube44×4,U+C0AC:\uc0ac×11,U+C0B0:\uc0b0×1,U+C0C1:\uc0c1×18,U+C0DD:\uc0dd×11,U+C11C:\uc11c×5,U+C11D:\uc11d×1,U+C131:\uc131×18,U+C138:\uc138×1,U+C18C:\uc18c×1,U+C218:\uc218×6,U+C220:\uc220×8,U+C2DC:\uc2dc×10,U+C2DD:\uc2dd×3,U+C2E4:\uc2e4×3,U+C2EC:\uc2ec×1,U+C544:\uc544×1,U+C545:\uc545×1,U+C548:\uc548×4,U+C54A:\uc54a×5,U+C553:\uc553×1,U+C561:\uc561×1,U+C57C:\uc57c×2,U+C57D:\uc57d×2,U+C5B4:\uc5b4×5,U+C5C5:\uc5c5×1,U+C5D0:\uc5d0×10,U+C5EC:\uc5ec×3,U+C5ED:\uc5ed×2,U+C5F0:\uc5f0×1,U+C5FC:\uc5fc×1,U+C5FD:\uc5fd×3,U+C600:\uc600×1,U+C601:\uc601×9,U+C608:\uc608×2,U+C640:\uc640×2,U+C678:\uc678×1,U+C694:\uc694×2,U+C6A9:\uc6a9×7,U+C6B0:\uc6b0×2,U+C6B8:\uc6b8×1,U+C6CC:\uc6cc×1,U+C6D0:\uc6d0×3,U+C6E8:\uc6e8×1,U+C704:\uc704×4,U+C720:\uc720×1,U+C728:\uc728×1,U+C73C:\uc73c×12,U+C740:\uc740×10,U+C744:\uc744×32,U+C74C:\uc74c×2,U+C758:\uc758×16,U+C774:\uc774×22,U+C778:\uc778×4,U+C77C:\uc77c×1,U+C784:\uc784×1,U+C788:\uc788×8,U+C790:\uc790×10,U+C7A1:\uc7a1×2,U+C7AC:\uc7ac×2,U+C7C1:\uc7c1×1,U+C800:\uc800×1,U+C801:\uc801×16,U+C804:\uc804×6,U+C811:\uc811×1,U+C815:\uc815×10,U+C81C:\uc81c×5,U+C870:\uc870×6,U+C88C:\uc88c×2,U+C8FC:\uc8fc×1,U+C900:\uc900×2,U+C90C:\uc90c×1,U+C911:\uc911×2,U+C99D:\uc99d×8,U+C9C0:\uc9c0×13,U+C9C1:\uc9c1×2,U+C9C8:\uc9c8×1,U+C9D5:\uc9d5×1,U+CC38:\ucc38×1,U+CC98:\ucc98×1,U+CD5C:\ucd5c×1,U+CD9C:\ucd9c×1,U+CDA9:\ucda9×1,U+CDCC:\ucdcc×2,U+CE21:\uce21×4,U+CFE0:\ucfe0×3,U+D0C0:\ud0c0×1,U+D1B5:\ud1b5×3,U+D2B8:\ud2b8×1,U+D2B9:\ud2b9×1,U+D2F4:\ud2f4×3,U+D30C:\ud30c×1,U+D3B8:\ud3b8×1,U+D3C9:\ud3c9×2,U+D3EC:\ud3ec×3,U+D45C:\ud45c×2,U+D504:\ud504×1,U+D544:\ud544×1,U+D558:\ud558×20,U+D559:\ud559×9,U+D55C:\ud55c×5,U+D560:\ud560×7,U+D568:\ud568×10,U+D56D:\ud56d×1,U+D574:\ud574×14,U+D589:\ud589×7,U+D608:\ud608×5,U+D654:\ud654×2,U+D655:\ud655×3,U+D658:\ud658×1,U+D68D:\ud68d×1,U+D6A8:\ud6a8×2,U+D6C4:\ud6c4×3,U+D788:\ud788×3	U+ADF8:\uadf8×1,U+B2DD:\ub2dd×1,U+B9BC:\ub9bc×1,U+C2A4:\uc2a4×1,U+D06C:\ud06c×1,U+D575:\ud575×1	-
172	731	399	U+0025:%×13,U+0029:)×4,U+002C:,×1,U+002D:-×4,U+002E:.×26,U+0030:0×16,U+0031:1×12,U+0032:2×14,U+0033:3×2,U+0034:4×5,U+0035:5×2,U+0036:6×4,U+0037:7×3,U+0038:8×10,U+0039:9×8,U+003A::×4,U+003B:;×2,U+003C:<×1,U+0042:B×4,U+0047:G×6,U+0048:H×3,U+004B:K×1,U+004C:L×4,U+004E:N×1,U+004F:O×1,U+0050:P×2,U+0052:R×18,U+0053:S×1,U+0055:U×1,U+0056:V×1,U+0057:W×9,U+0059:Y×2,U+0061:a×30,U+0062:b×3,U+0063:c×3,U+0064:d×8,U+0065:e×26,U+0066:f×5,U+0067:g×12,U+0068:h×9,U+0069:i×36,U+006C:l×19,U+006D:m×2,U+006E:n×32,U+006F:o×26,U+0070:p×9,U+0072:r×17,U+0073:s×10,U+0074:t×37,U+0075:u×2,U+0076:v×9,U+0077:w×5,U+0079:y×1,U+AC8C:\uac8c×3,U+ACA8:\uaca8×1,U+ACB0:\uacb0×2,U+ACBD:\uacbd×1,U+ACFC:\uacfc×5,U+AD1C:\uad1c×1,U+AD6C:\uad6c×4,U+ADDC:\uaddc×1,U+ADF8:\uadf8×3,U+AE00:\uae00×1,U+B0A8:\ub0a8×1,U+B0AE:\ub0ae×2,U+B178:\ub178×1,U+B2F4:\ub2f4×1,U+B300:\ub300×3,U+B378:\ub378×1,U+B4DC:\ub4dc×1,U+B54C:\ub54c×2,U+B5A4:\ub5a4×1,U+B5BB:\ub5bb×1,U+B798:\ub798×1,U+B7C9:\ub7c9×3,U+B7EC:\ub7ec×1,U+B824:\ub824×1,U+B85C:\ub85c×6,U+B8F9:\ub8f9×1,U+B958:\ub958×1,U+B960:\ub960×1,U+B974:\ub974×1,U+B9AC:\ub9ac×3,U+B9B0:\ub9b0×1,U+B9BD:\ub9bd×1,U+B9CC:\ub9cc×2,U+B9DD:\ub9dd×1,U+BAA9:\ubaa9×2,U+BB38:\ubb38×3,U+BBF8:\ubbf8×2,U+BCF4:\ubcf4×2,U+BCF5:\ubcf5×3,U+BD84:\ubd84×3,U+BD88:\ubd88×1,U+BE44:\ube44×1,U+BE7C:\ube7c×1,U+C0B0:\uc0b0×1,U+C11C:\uc11c×2,U+C11D:\uc11d×2,U+C120:\uc120×1,U+C138:\uc138×1,U+C18C:\uc18c×8,U+C218:\uc218×1,U+C2DD:\uc2dd×3,U+C2E0:\uc2e0×2,U+C548:\uc548×4,U+C54C:\uc54c×3,U+C555:\uc555×1,U+C558:\uc558×1,U+C57D:\uc57d×1,U+C5ED:\uc5ed×1,U+C5F0:\uc5f0×5,U+C5FC:\uc5fc×1,U+C5FD:\uc5fd×4,U+C608:\uc608×2,U+C624:\uc624×1,U+C678:\uc678×1,U+C6A9:\uc6a9×9,U+C6B0:\uc6b0×4,U+C6CC:\uc6cc×1,U+C6E8:\uc6e8×1,U+C720:\uc720×1,U+C728:\uc728×4,U+C740:\uc740×4,U+C744:\uc744×7,U+C758:\uc758×10,U+C774:\uc774×7,U+C784:\uc784×4,U+C791:\uc791×1,U+C794:\uc794×2,U+C7A5:\uc7a5×4,U+C801:\uc801×3,U+C804:\uc804×1,U+C808:\uc808×3,U+C81C:\uc81c×1,U+C874:\uc874×2,U+C88B:\uc88b×1,U+C88C:\uc88c×2,U+C900:\uc900×5,U+C90C:\uc90c×1,U+C988:\uc988×1,U+CC2E:\ucc2e×1,U+CC30:\ucc30×1,U+CC98:\ucc98×1,U+CCB4:\uccb4×1,U+CD5C:\ucd5c×3,U+CE21:\uce21×4,U+CE94:\uce94×1,U+D06C:\ud06c×1,U+D070:\ud070×1,U+D0C0:\ud0c0×1,U+D0C4:\ud0c4×1,U+D150:\ud150×1,U+D1B5:\ud1b5×1,U+D2F4:\ud2f4×1,U+D398:\ud398×1,U+D3B8:\ud3b8×4,U+D45C:\ud45c×3,U+D53C:\ud53c×3,U+D55C:\ud55c×2,U+D560:\ud560×2,U+D568:\ud568×1,U+D56D:\ud56d×1,U+D65C:\ud65c×1,U+D68C:\ud68c×1,U+D68D:\ud68d×2,U+D6A8:\ud6a8×1,U+D6C4:\ud6c4×1	U+0028:(×1,U+0043:C×1,U+0045:E×2,U+0049:I×3,U+0051:Q×1,U+0054:T×2,U+0058:X×2,U+006B:k×1,U+AC00:\uac00×10,U+AC04:\uac04×1,U+AC10:\uac10×1,U+AC15:\uac15×2,U+AC16:\uac16×1,U+AC70:\uac70×3,U+AC80:\uac80×11,U+ACAC:\uacac×1,U+ACC4:\uacc4×2,U+ACE0:\uace0×7,U+ACF5:\uacf5×2,U+AD00:\uad00×12,U+AD11:\uad11×1,U+AD50:\uad50×1,U+AD8C:\uad8c×2,U+AE08:\uae08×1,U+B17C:\ub17c×1,U+B192:\ub192×3,U+B1E8:\ub1e8×2,U+B294:\ub294×6,U+B2C8:\ub2c8×2,U+B2E8:\ub2e8×3,U+B2EC:\ub2ec×1,U+B2F9:\ub2f9×1,U+B370:\ub370×1,U+B371:\ub371×1,U+B3C4:\ub3c4×9,U+B3D9:\ub3d9×7,U+B418:\ub418×1,U+B420:\ub420×2,U+B4E0:\ub4e0×1,U+B530:\ub530×1,U+B5A0:\ub5a0×1,U+B77C:\ub77c×3,U+B7FC:\ub7fc×1,U+B808:\ub808×4,U+B839:\ub839×1,U+B840:\ub840×1,U+B864:\ub864×1,U+B978:\ub978×1,U+B97C:\ub97c×6,U+B9E4:\ub9e4×1,U+B9E5:\ub9e5×2,U+BA70:\uba70×4,U+BA74:\uba74×3,U+BA85:\uba85×1,U+BBFC:\ubbfc×1,U+BC0F:\ubc0f×1,U+BC1C:\ubc1c×1,U+BC29:\ubc29×6,U+BC34:\ubc34×1,U+BC84:\ubc84×1,U+BC95:\ubc95×1,U+BCC0:\ubcc0×4,U+BCD1:\ubcd1×1,U+BFD0:\ubfd0×2,U+C0AC:\uc0ac×7,U+C0C1:\uc0c1×8,U+C0DD:\uc0dd×3,U+C12C:\uc12c×1,U+C131:\uc131×4,U+C13C:\uc13c×1,U+C1E0:\uc1e0×1,U+C220:\uc220×3,U+C298:\uc298×2,U+C2A4:\uc2a4×8,U+C2EC:\uc2ec×11,U+C368:\uc368×1,U+C544:\uc544×5,U+C545:\uc545×1,U+C54A:\uc54a×1,U+C57C:\uc57c×3,U+C598:\uc598×1,U+C5B4:\uc5b4×2,U+C5BB:\uc5bb×1,U+C5D0:\uc5d0×4,U+C5EC:\uc5ec×1,U+C601:\uc601×5,U+C640:\uc640×3,U+C694:\uc694×6,U+C6B4:\uc6b4×2,U+C704:\uc704×2,U+C73C:\uc73c×2,U+C74C:\uc74c×7,U+C775:\uc775×1,U+C778:\uc778×3,U+C77C:\uc77c×2,U+C788:\uc788×14,U+C790:\uc790×6,U+C7C1:\uc7c1×2,U+C800:\uc800×1,U+C810:\uc810×2,U+C815:\uc815×10,U+C870:\uc870×2,U+C885:\uc885×2,U+C911:\uc911×1,U+C99D:\uc99d×6,U+C9C0:\uc9c0×5,U+C9C4:\uc9c4×1,U+C9C8:\uc9c8×4,U+CC9C:\ucc9c×2,U+CD08:\ucd08×2,U+CD94:\ucd94×4,U+CDA9:\ucda9×1,U+CE58:\uce58×1,U+CE60:\uce60×2,U+CE7C:\uce7c×2,U+CF5C:\ucf5c×2,U+CFE0:\ucfe0×1,U+D0DC:\ud0dc×1,U+D14C:\ud14c×2,U+D1A0:\ud1a0×1,U+D2B8:\ud2b8×2,U+D2B9:\ud2b9×1,U+D30C:\ud30c×2,U+D3C9:\ud3c9×5,U+D3D0:\ud3d0×1,U+D3EC:\ud3ec×1,U+D544:\ud544×5,U+D558:\ud558×6,U+D559:\ud559×2,U+D569:\ud569×2,U+D589:\ud589×3,U+D5A5:\ud5a5×1,U+D5D8:\ud5d8×6,U+D608:\ud608×9,U+D654:\ud654×4,U+D655:\ud655×1,U+D658:\ud658×2,U+D749:\ud749×2,U+D761:\ud761×1,U+D788:\ud788×2	-
173	307	886	U+0025:%×7,U+002C:,×2,U+002D:-×7,U+0035:5×1,U+0038:8×1,U+0056:V×1,U+006B:k×1,U+2460:\u2460×1,U+2461:\u2461×1,U+2462:\u2462×1,U+2463:\u2463×1,U+2464:\u2464×1,U+2465:\u2465×1,U+AC01:\uac01×1,U+AC15:\uac15×2,U+AC16:\uac16×1,U+AC19:\uac19×1,U+AC1C:\uac1c×1,U+AC74:\uac74×3,U+ACBD:\uacbd×1,U+ACC4:\uacc4×2,U+ACF5:\uacf5×1,U+AD6C:\uad6c×1,U+AE08:\uae08×3,U+AE30:\uae30×11,U+B099:\ub099×1,U+B0A8:\ub0a8×1,U+B110:\ub110×1,U+B144:\ub144×10,U+B2A5:\ub2a5×2,U+B2E8:\ub2e8×5,U+B2EC:\ub2ec×1,U+B3D9:\ub3d9×1,U+B428:\ub428×2,U+B4DC:\ub4dc×1,U+B4DD:\ub4dd×1,U+B4F1:\ub4f1×2,U+B51C:\ub51c×1,U+B530:\ub530×3,U+B77C:\ub77c×2,U+B78C:\ub78c×1,U+B808:\ub808×1,U+B825:\ub825×3,U+B839:\ub839×2,U+B8CC:\ub8cc×2,U+B8F0:\ub8f0×1,U+B960:\ub960×1,U+B974:\ub974×2,U+B978:\ub978×1,U+B9AC:\ub9ac×1,U+B9BD:\ub9bd×1,U+B9D0:\ub9d0×1,U+BA70:\uba70×1,U+BA74:\uba74×1,U+BBFC:\ubbfc×1,U+BC0F:\ubc0f×2,U+BC14:\ubc14×1,U+BC16:\ubc16×1,U+BC18:\ubc18×4,U+BCA8:\ubca8×1,U+BCF8:\ubcf8×2,U+BD84:\ubd84×1,U+C124:\uc124×1,U+C138:\uc138×1,U+C13C:\uc13c×1,U+C218:\uc218×12,U+C2A4:\uc2a4×1,U+C2A8:\uc2a8×1,U+C2B9:\uc2b9×1,U+C2DD:\uc2dd×3,U+C2E0:\uc2e0×2,U+C52C:\uc52c×1,U+C54C:\uc54c×1,U+C561:\uc561×3,U+C5C6:\uc5c6×3,U+C5D0:\uc5d0×9,U+C5EC:\uc5ec×6,U+C5F0:\uc5f0×2,U+C6B0:\uc6b0×3,U+C704:\uc704×2,U+C70C:\uc70c×1,U+C724:\uc724×1,U+C74C:\uc74c×5,U+C751:\uc751×2,U+C758:\uc758×10,U+C774:\uc774×5,U+C775:\uc775×1,U+C778:\uc778×5,U+C77C:\uc77c×5,U+C794:\uc794×1,U+C7A5:\uc7a5×3,U+C801:\uc801×4,U+C808:\uc808×1,U+C84C:\uc84c×1,U+C871:\uc871×3,U+C874:\uc874×5,U+C88B:\uc88b×1,U+C99D:\uc99d×2,U+C9C1:\uc9c1×1,U+C9C8:\uc9c8×2,U+CABD:\ucabd×1,U+CC30:\ucc30×1,U+CC98:\ucc98×1,U+CCA0:\ucca0×2,U+CD08:\ucd08×1,U+CD9C:\ucd9c×3,U+CDA9:\ucda9×2,U+CDC4:\ucdc4×1,U+CDE8:\ucde8×1,U+CE58:\uce58×3,U+CE5C:\uce5c×1,U+CE68:\uce68×1,U+CF58:\ucf58×1,U+D07C:\ud07c×1,U+D0DC:\ud0dc×2,U+D130:\ud130×2,U+D2B8:\ud2b8×2,U+D2B9:\ud2b9×1,U+D300:\ud300×1,U+D310:\ud310×3,U+D328:\ud328×1,U+D398:\ud398×1,U+D3B8:\ud3b8×1,U+D3FC:\ud3fc×1,U+D488:\ud488×1,U+D50C:\ud50c×1,U+D558:\ud558×1,U+D55C:\ud55c×7,U+D569:\ud569×5,U+D56D:\ud56d×1,U+D5D8:\ud5d8×3,U+D604:\ud604×1,U+D608:\ud608×4,U+D615:\ud615×6,U+D639:\ud639×3,U+D658:\ud658×2,U+D68C:\ud68c×3,U+D6C4:\ud6c4×1,U+D6E8:\ud6e8×1	U+0028:(×4,U+0029:)×8,U+002E:.×13,U+0030:0×6,U+0031:1×9,U+0032:2×7,U+0033:3×4,U+0034:4×8,U+0036:6×7,U+0037:7×2,U+0039:9×3,U+003A::×2,U+003B:;×3,U+003C:<×1,U+003E:>×1,U+003F:?×1,U+0041:A×2,U+0042:B×7,U+0043:C×5,U+0044:D×3,U+0045:E×6,U+0046:F×2,U+0048:H×7,U+0049:I×6,U+004A:J×4,U+004B:K×1,U+004C:L×7,U+004D:M×8,U+004E:N×2,U+004F:O×1,U+0050:P×4,U+0051:Q×1,U+0052:R×7,U+0053:S×6,U+0054:T×7,U+0059:Y×1,U+0061:a×45,U+0062:b×4,U+0063:c×5,U+0064:d×6,U+0065:e×35,U+0066:f×3,U+0067:g×9,U+0068:h×4,U+0069:i×55,U+006C:l×34,U+006D:m×6,U+006E:n×39,U+006F:o×31,U+0070:p×20,U+0072:r×38,U+0073:s×25,U+0074:t×31,U+0075:u×7,U+0076:v×16,U+0078:x×1,U+0079:y×9,U+007A:z×2,U+AC00:\uac00×3,U+AC04:\uac04×1,U+AC70:\uac70×3,U+AC80:\uac80×13,U+AC83:\uac83×1,U+AC8C:\uac8c×6,U+ACAC:\uacac×2,U+ACB0:\uacb0×6,U+ACE0:\uace0×5,U+ACFC:\uacfc×5,U+AD00:\uad00×1,U+AD6D:\uad6d×1,U+ADFC:\uadfc×1,U+B0B4:\ub0b4×1,U+B17C:\ub17c×2,U+B192:\ub192×1,U+B2E4:\ub2e4×4,U+B2F4:\ub2f4×7,U+B3C4:\ub3c4×2,U+B418:\ub418×2,U+B41C:\ub41c×3,U+B420:\ub420×1,U+B4E4:\ub4e4×4,U+B610:\ub610×2,U+B7FC:\ub7fc×4,U+B824:\ub824×1,U+B85C:\ub85c×8,U+B8E8:\ub8e8×3,U+B97C:\ub97c×2,U+B9CC:\ub9cc×4,U+B9E5:\ub9e5×1,U+BA85:\uba85×6,U+BBF8:\ubbf8×1,U+BC1C:\ubc1c×3,U+BC29:\ubc29×5,U+BC34:\ubc34×1,U+BC84:\ubc84×3,U+BCA4:\ubca4×2,U+BCC0:\ubcc0×6,U+BCD1:\ubcd1×1,U+BCF4:\ubcf4×3,U+BD04:\ubd04×2,U+BD88:\ubd88×1,U+BE44:\ube44×4,U+C0AC:\uc0ac×3,U+C0B0:\uc0b0×1,U+C0C1:\uc0c1×9,U+C0DD:\uc0dd×6,U+C11C:\uc11c×2,U+C131:\uc131×6,U+C220:\uc220×1,U+C2DC:\uc2dc×9,U+C2E4:\uc2e4×2,U+C545:\uc545×1,U+C548:\uc548×5,U+C54A:\uc54a×2,U+C553:\uc553×1,U+C57C:\uc57c×1,U+C57D:\uc57d×2,U+C5B4:\uc5b4×3,U+C5ED:\uc5ed×1,U+C5FC:\uc5fc×1,U+C600:\uc600×1,U+C601:\uc601×9,U+C608:\uc608×1,U+C640:\uc640×1,U+C678:\uc678×1,U+C694:\uc694×1,U+C6A9:\uc6a9×1,U+C6D0:\uc6d0×1,U+C73C:\uc73c×6,U+C740:\uc740×3,U+C744:\uc744×12,U+C788:\uc788×1,U+C790:\uc790×2,U+C7C1:\uc7c1×1,U+C800:\uc800×1,U+C804:\uc804×3,U+C815:\uc815×5,U+C81C:\uc81c×1,U+C870:\uc870×1,U+C8FC:\uc8fc×1,U+C90C:\uc90c×1,U+C911:\uc911×1,U+C9C0:\uc9c0×6,U+C9D5:\uc9d5×1,U+CC38:\ucc38×1,U+CD5C:\ucd5c×1,U+CDCC:\ucdcc×2,U+CFE0:\ucfe0×3,U+D1B5:\ud1b5×1,U+D2F4:\ud2f4×2,U+D3C9:\ud3c9×1,U+D3EC:\ud3ec×1,U+D45C:\ud45c×1,U+D544:\ud544×1,U+D559:\ud559×2,U+D560:\ud560×2,U+D568:\ud568×3,U+D574:\ud574×5,U+D589:\ud589×7,U+D654:\ud654×2,U+D655:\ud655×1,U+D6A8:\ud6a8×2,U+D788:\ud788×1	-
174	265	802	U+0028:(×1,U+0035:5×9,U+0036:6×5,U+003C:<×1,U+003E:>×1,U+0043:C×1,U+0045:E×1,U+004E:N×3,U+004F:O×3,U+0050:P×1,U+0055:U×1,U+00E9:\xe9×1,U+AC80:\uac80×3,U+AC90:\uac90×1,U+ACB0:\uacb0×1,U+ACBD:\uacbd×1,U+ACF5:\uacf5×1,U+ACFC:\uacfc×1,U+AD6D:\uad6d×1,U+ADFC:\uadfc×1,U+AE09:\uae09×4,U+AE30:\uae30×6,U+AE4C:\uae4c×1,U+B098:\ub098×1,U+B0A8:\ub0a8×1,U+B0AB:\ub0ab×1,U+B144:\ub144×4,U+B192:\ub192×5,U+B294:\ub294×1,U+B298:\ub298×2,U+B2CC:\ub2cc×1,U+B2EC:\ub2ec×1,U+B354:\ub354×2,U+B370:\ub370×3,U+B41C:\ub41c×1,U+B530:\ub530×1,U+B808:\ub808×1,U+B839:\ub839×13,U+B860:\ub860×1,U+B960:\ub960×4,U+B978:\ub978×1,U+B97C:\ub97c×2,U+B9BC:\ub9bc×2,U+B9DD:\ub9dd×1,U+BA48:\uba48×1,U+BA70:\uba70×2,U+BB3C:\ubb3c×1,U+BBF8:\ubbf8×3,U+BC14:\ubc14×1,U+BC1D:\ubc1d×1,U+BC30:\ubc30×1,U+BCA0:\ubca0×1,U+BCC4:\ubcc4×3,U+BCD1:\ubcd1×2,U+BD88:\ubd88×1,U+BE44:\ube44×1,U+C0C1:\uc0c1×1,U+C0DD:\uc0dd×4,U+C138:\uc138×11,U+C220:\uc220×3,U+C2A4:\uc2a4×5,U+C2DC:\uc2dc×2,U+C2E0:\uc2e0×2,U+C544:\uc544×2,U+C5B8:\uc5b8×4,U+C5D0:\uc5d0×4,U+C5EC:\uc5ec×1,U+C5F0:\uc5f0×7,U+C600:\uc600×1,U+C601:\uc601×1,U+C694:\uc694×2,U+C6B4:\uc6b4×1,U+C720:\uc720×1,U+C77C:\uc77c×4,U+C784:\uc784×2,U+C790:\uc790×18,U+C7A5:\uc7a5×2,U+C800:\uc800×1,U+C80A:\uc80a×1,U+C810:\uc810×4,U+C838:\uc838×1,U+C874:\uc874×2,U+C99D:\uc99d×15,U+C9C4:\uc9c4×1,U+C9C8:\uc9c8×1,U+CC38:\ucc38×1,U+CC3E:\ucc3e×1,U+CC9C:\ucc9c×1,U+CCA0:\ucca0×1,U+CD94:\ucd94×3,U+CD9C:\ucd9c×1,U+CE58:\uce58×1,U+D07C:\ud07c×1,U+D0C0:\ud0c0×1,U+D130:\ud130×2,U+D14C:\ud14c×1,U+D2B9:\ud2b9×3,U+D310:\ud310×1,U+D328:\ud328×1,U+D398:\ud398×1,U+D3D0:\ud3d0×1,U+D3EC:\ud3ec×1,U+D544:\ud544×1,U+D569:\ud569×1,U+D588:\ud588×1,U+D589:\ud589×2,U+D5A5:\ud5a5×2,U+D5C8:\ud5c8×1,U+D5D8:\ud5d8×2,U+D614:\ud614×1,U+D654:\ud654×1,U+D658:\ud658×4,U+D6A8:\ud6a8×1,U+D6C4:\ud6c4×3,U+D76C:\ud76c×1,U+D788:\ud788×2	U+0025:%×10,U+0029:)×3,U+002C:,×8,U+002D:-×5,U+002E:.×25,U+002F:/×1,U+0030:0×10,U+0031:1×6,U+0032:2×7,U+0033:3×2,U+0034:4×1,U+0037:7×3,U+0038:8×8,U+003A::×2,U+003B:;×3,U+0041:A×1,U+0042:B×7,U+0044:D×5,U+0046:F×1,U+0047:G×8,U+0048:H×3,U+0049:I×2,U+004B:K×1,U+004C:L×3,U+004D:M×4,U+0051:Q×1,U+0052:R×15,U+0053:S×4,U+0056:V×1,U+0057:W×9,U+0059:Y×2,U+0061:a×27,U+0062:b×4,U+0063:c×4,U+0064:d×7,U+0065:e×22,U+0066:f×5,U+0067:g×12,U+0068:h×9,U+0069:i×35,U+006C:l×17,U+006D:m×3,U+006E:n×29,U+006F:o×26,U+0070:p×8,U+0072:r×16,U+0073:s×9,U+0074:t×34,U+0076:v×8,U+0077:w×5,U+0079:y×2,U+AC00:\uac00×6,U+AC04:\uac04×7,U+AC10:\uac10×1,U+AC74:\uac74×1,U+AC83:\uac83×2,U+AC8C:\uac8c×1,U+ACA8:\uaca8×1,U+ACAC:\uacac×1,U+ACC4:\uacc4×5,U+ACE0:\uace0×6,U+AD00:\uad00×6,U+AD1C:\uad1c×1,U+AD6C:\uad6c×3,U+AD8C:\uad8c×4,U+ADDC:\uaddc×1,U+ADF8:\uadf8×1,U+AE08:\uae08×1,U+B0AE:\ub0ae×1,U+B178:\ub178×1,U+B2A5:\ub2a5×4,U+B2E4:\ub2e4×1,U+B2F4:\ub2f4×3,U+B2F9:\ub2f9×1,U+B300:\ub300×1,U+B378:\ub378×2,U+B3C4:\ub3c4×3,U+B418:\ub418×5,U+B420:\ub420×1,U+B428:\ub428×1,U+B4DC:\ub4dc×2,U+B4F1:\ub4f1×1,U+B54C:\ub54c×5,U+B5A4:\ub5a4×1,U+B5BB:\ub5bb×1,U+B610:\ub610×2,U+B798:\ub798×1,U+B7C9:\ub7c9×4,U+B7EC:\ub7ec×1,U+B824:\ub824×2,U+B85C:\ub85c×2,U+B8F9:\ub8f9×1,U+B958:\ub958×1,U+B9C8:\ub9c8×1,U+B9CC:\ub9cc×2,U+B9E5:\ub9e5×6,U+BA74:\uba74×2,U+BAA8:\ubaa8×2,U+BAA9:\ubaa9×2,U+BB38:\ubb38×3,U+BC0F:\ubc0f×1,U+BC1B:\ubc1b×1,U+BC29:\ubc29×2,U+BCC0:\ubcc0×1,U+BCF4:\ubcf4×3,U+BCF5:\ubcf5×2,U+BD80:\ubd80×4,U+BD84:\ubd84×5,U+BE7C:\ube7c×1,U+C0AC:\uc0ac×1,U+C0B0:\uc0b0×2,U+C11C:\uc11c×2,U+C11D:\uc11d×2,U+C120:\uc120×1,U+C131:\uc131×5,U+C18C:\uc18c×9,U+C218:\uc218×6,U+C2DD:\uc2dd×5,U+C2E4:\uc2e4×2,U+C548:\uc548×3,U+C54A:\uc54a×1,U+C54C:\uc54c×1,U+C555:\uc555×2,U+C558:\uc558×1,U+C57C:\uc57c×3,U+C5B4:\uc5b4×3,U+C5C5:\uc5c5×1,U+C5FD:\uc5fd×6,U+C608:\uc608×1,U+C6A9:\uc6a9×11,U+C6B0:\uc6b0×3,U+C6B8:\uc6b8×1,U+C6CC:\uc6cc×2,U+C6E8:\uc6e8×2,U+C704:\uc704×2,U+C728:\uc728×2,U+C744:\uc744×17,U+C74C:\uc74c×1,U+C758:\uc758×11,U+C774:\uc774×2,U+C778:\uc778×1,U+C788:\uc788×4,U+C794:\uc794×2,U+C7A1:\uc7a1×2,U+C7AC:\uc7ac×3,U+C801:\uc801×7,U+C804:\uc804×1,U+C808:\uc808×2,U+C811:\uc811×1,U+C815:\uc815×4,U+C81C:\uc81c×1,U+C88C:\uc88c×3,U+C900:\uc900×5,U+C90C:\uc90c×1,U+C911:\uc911×1,U+C988:\uc988×1,U+C9C0:\uc9c0×2,U+C9C1:\uc9c1×2,U+CC2E:\ucc2e×1,U+CC30:\ucc30×1,U+CD5C:\ucd5c×2,U+CE21:\uce21×3,U+D06C:\ud06c×1,U+D070:\ud070×1,U+D1B5:\ud1b5×4,U+D3B8:\ud3b8×3,U+D45C:\ud45c×2,U+D504:\ud504×1,U+D53C:\ud53c×2,U+D558:\ud558×7,U+D559:\ud559×2,U+D55C:\ud55c×6,U+D560:\ud560×9,U+D568:\ud568×5,U+D56D:\ud56d×1,U+D574:\ud574×8,U+D608:\ud608×5,U+D655:\ud655×2,U+D65C:\ud65c×1,U+D68C:\ud68c×1,U+D68D:\ud68d×3	-
175	1680	380	U+0026:&×1,U+0028:(×5,U+0029:)×20,U+002C:,×8,U+002D:-×5,U+002E:.×37,U+0030:0×27,U+0031:1×20,U+0032:2×49,U+0033:3×12,U+0034:4×14,U+0035:5×22,U+0036:6×18,U+0037:7×7,U+0038:8×2,U+0039:9×10,U+003A::×8,U+003B:;×9,U+003F:?×1,U+0041:A×16,U+0043:C×7,U+0044:D×8,U+0045:E×4,U+0047:G×7,U+0048:H×8,U+0049:I×2,U+004A:J×9,U+004B:K×6,U+004C:L×7,U+004D:M×3,U+004E:N×2,U+004F:O×5,U+0050:P×5,U+0052:R×3,U+0053:S×8,U+0054:T×9,U+0055:U×1,U+0056:V×2,U+0057:W×5,U+0059:Y×6,U+005A:Z×1,U+0061:a×118,U+0062:b×2,U+0063:c×26,U+0064:d×31,U+0065:e×92,U+0066:f×23,U+0067:g×22,U+0068:h×16,U+0069:i×91,U+006A:j×1,U+006C:l×69,U+006D:m×14,U+006E:n×115,U+006F:o×85,U+0070:p×22,U+0072:r×90,U+0073:s×60,U+0074:t×86,U+0075:u×22,U+0076:v×25,U+0077:w×4,U+0078:x×1,U+0079:y×9,U+007A:z×1,U+00C1:\xc1×1,U+00E9:\xe9×2,U+AC01:\uac01×2,U+AC74:\uac74×1,U+AC8C:\uac8c×1,U+ACB0:\uacb0×3,U+AD6D:\uad6d×1,U+ADE0:\uade0×1,U+ADF8:\uadf8×1,U+AE30:\uae30×13,U+AE40:\uae40×1,U+AE4C:\uae4c×1,U+B098:\ub098×3,U+B0AE:\ub0ae×1,U+B192:\ub192×2,U+B2F4:\ub2f4×1,U+B2F9:\ub2f9×1,U+B450:\ub450×1,U+B4DC:\ub4dc×1,U+B4E4:\ub4e4×1,U+B4F1:\ub4f1×2,U+B54C:\ub54c×2,U+B835:\ub835×1,U+B839:\ub839×8,U+B840:\ub840×1,U+B85C:\ub85c×3,U+B86C:\ub86c×2,U+B8F9:\ub8f9×1,U+B960:\ub960×6,U+B97C:\ub97c×4,U+B9AD:\ub9ad×1,U+B9DD:\ub9dd×3,U+B9E5:\ub9e5×1,U+BA70:\uba70×2,U+BB38:\ubb38×1,U+BC1B:\ubc1b×2,U+BC1C:\ubc1c×1,U+BCC4:\ubcc4×1,U+BCD1:\ubcd1×6,U+BCF4:\ubcf4×4,U+BD04:\ubd04×1,U+BD84:\ubd84×1,U+BE44:\ube44×1,U+C0B4:\uc0b4×1,U+C0C1:\uc0c1×1,U+C0DD:\uc0dd×3,U+C11C:\uc11c×5,U+C11D:\uc11d×3,U+C120:\uc120×2,U+C138:\uc138×10,U+C288:\uc288×1,U+C2DD:\uc2dd×7,U+C2EC:\uc2ec×1,U+C558:\uc558×4,U+C5B4:\uc5b4×2,U+C5BB:\uc5bb×1,U+C5C6:\uc5c6×1,U+C5C8:\uc5c8×4,U+C5F0:\uc5f0×8,U+C600:\uc600×1,U+C601:\uc601×1,U+C694:\uc694×5,U+C73C:\uc73c×7,U+C740:\uc740×1,U+C74C:\uc74c×2,U+C774:\uc774×14,U+C778:\uc778×1,U+C788:\uc788×2,U+C790:\uc790×13,U+C7A5:\uc7a5×3,U+C7AC:\uc7ac×1,U+C808:\uc808×2,U+C810:\uc810×2,U+C874:\uc874×4,U+C8FC:\uc8fc×2,U+C911:\uc911×4,U+C999:\uc999×1,U+C99D:\uc99d×14,U+CC28:\ucc28×3,U+D050:\ud050×1,U+D0DD:\ud0dd×2,U+D130:\ud130×4,U+D1A0:\ud1a0×1,U+D1A8:\ud1a8×1,U+D1B5:\ud1b5×1,U+D3B4:\ud3b4×1,U+D3B8:\ud3b8×2,U+D544:\ud544×1,U+D55C:\ud55c×6,U+D569:\ud569×1,U+D588:\ud588×1,U+D5A5:\ud5a5×1,U+D6C4:\ud6c4×2	U+0025:%×6,U+003C:<×2,U+003E:>×2,U+0042:B×1,U+0046:F×1,U+2460:\u2460×1,U+2461:\u2461×1,U+2462:\u2462×1,U+2463:\u2463×1,U+2464:\u2464×1,U+2465:\u2465×1,U+AC04:\uac04×9,U+AC15:\uac15×2,U+AC16:\uac16×1,U+AC19:\uac19×1,U+AC70:\uac70×1,U+AC80:\uac80×9,U+ACAC:\uacac×1,U+ACBD:\uacbd×3,U+ACC4:\uacc4×1,U+ACF5:\uacf5×2,U+AD00:\uad00×5,U+AD6C:\uad6c×1,U+AD8C:\uad8c×1,U+AE00:\uae00×1,U+B099:\ub099×1,U+B0A8:\ub0a8×2,U+B0B4:\ub0b4×1,U+B110:\ub110×1,U+B144:\ub144×7,U+B294:\ub294×6,U+B2A5:\ub2a5×1,U+B2DD:\ub2dd×1,U+B2E8:\ub2e8×5,U+B2EC:\ub2ec×1,U+B3C4:\ub3c4×1,U+B428:\ub428×2,U+B4DD:\ub4dd×1,U+B51C:\ub51c×1,U+B530:\ub530×2,U+B77C:\ub77c×2,U+B78C:\ub78c×1,U+B808:\ub808×1,U+B825:\ub825×4,U+B8F0:\ub8f0×1,U+B974:\ub974×2,U+B9AC:\ub9ac×3,U+B9B0:\ub9b0×1,U+B9BD:\ub9bd×2,U+B9CC:\ub9cc×2,U+B9D0:\ub9d0×1,U+BA74:\uba74×1,U+BA85:\uba85×1,U+BBC0:\ubbc0×1,U+BBF8:\ubbf8×1,U+BBFC:\ubbfc×1,U+BC0F:\ubc0f×3,U+BC16:\ubc16×1,U+BC18:\ubc18×1,U+BC29:\ubc29×2,U+BCA8:\ubca8×1,U+BCC0:\ubcc0×1,U+BCF5:\ubcf5×2,U+BD80:\ubd80×4,U+BD88:\ubd88×1,U+C0AC:\uc0ac×3,U+C131:\uc131×9,U+C18C:\uc18c×1,U+C218:\uc218×14,U+C220:\uc220×6,U+C2A4:\uc2a4×3,U+C2A8:\uc2a8×1,U+C2B5:\uc2b5×1,U+C2B9:\uc2b9×1,U+C2DC:\uc2dc×1,U+C2E0:\uc2e0×2,U+C52C:\uc52c×1,U+C544:\uc544×1,U+C54A:\uc54a×1,U+C54C:\uc54c×2,U+C561:\uc561×4,U+C5D0:\uc5d0×3,U+C5EC:\uc5ec×8,U+C5ED:\uc5ed×2,U+C5FC:\uc5fc×1,U+C5FD:\uc5fd×1,U+C624:\uc624×1,U+C678:\uc678×1,U+C6A9:\uc6a9×3,U+C6B0:\uc6b0×3,U+C6D0:\uc6d0×1,U+C704:\uc704×3,U+C70C:\uc70c×1,U+C720:\uc720×2,U+C724:\uc724×1,U+C744:\uc744×3,U+C751:\uc751×2,U+C758:\uc758×8,U+C775:\uc775×1,U+C77C:\uc77c×4,U+C784:\uc784×1,U+C794:\uc794×1,U+C801:\uc801×15,U+C815:\uc815×2,U+C81C:\uc81c×1,U+C84C:\uc84c×1,U+C870:\uc870×4,U+C871:\uc871×3,U+C88C:\uc88c×1,U+C9C0:\uc9c0×5,U+C9C1:\uc9c1×2,U+C9C8:\uc9c8×4,U+C9D5:\uc9d5×1,U+CABD:\ucabd×1,U+CC30:\ucc30×1,U+CC98:\ucc98×2,U+CCA0:\ucca0×2,U+CCAD:\uccad×1,U+CCB4:\uccb4×1,U+CD9C:\ucd9c×4,U+CDA9:\ucda9×2,U+CDC4:\ucdc4×1,U+CDE8:\ucde8×1,U+CE21:\uce21×6,U+CE58:\uce58×4,U+CE5C:\uce5c×1,U+CE68:\uce68×2,U+CE94:\uce94×1,U+CF58:\ucf58×1,U+D06C:\ud06c×1,U+D07C:\ud07c×1,U+D0C0:\ud0c0×1,U+D0C4:\ud0c4×1,U+D0DC:\ud0dc×1,U+D150:\ud150×1,U+D2B8:\ud2b8×3,U+D2F4:\ud2f4×2,U+D300:\ud300×1,U+D30C:\ud30c×3,U+D310:\ud310×3,U+D328:\ud328×1,U+D398:\ud398×2,U+D3EC:\ud3ec×2,U+D3FC:\ud3fc×1,U+D45C:\ud45c×1,U+D488:\ud488×1,U+D50C:\ud50c×1,U+D558:\ud558×9,U+D559:\ud559×5,U+D560:\ud560×1,U+D568:\ud568×4,U+D56D:\ud56d×3,U+D574:\ud574×2,U+D5D8:\ud5d8×1,U+D604:\ud604×2,U+D608:\ud608×7,U+D615:\ud615×7,U+D639:\ud639×3,U+D655:\ud655×1,U+D658:\ud658×1,U+D68C:\ud68c×3,U+D6A8:\ud6a8×1,U+D6E8:\ud6e8×1	-
176	1062	112	U+0025:%×8,U+0028:(×5,U+0029:)×13,U+002C:,×15,U+002D:-×10,U+002E:.×12,U+002F:/×6,U+0030:0×15,U+0031:1×8,U+0032:2×19,U+0033:3×23,U+0034:4×4,U+0036:6×2,U+0037:7×3,U+0039:9×2,U+003A::×3,U+003B:;×2,U+003C:<×1,U+003E:>×5,U+0041:A×10,U+0042:B×7,U+0043:C×5,U+0044:D×4,U+0045:E×1,U+0047:G×1,U+0048:H×2,U+0049:I×7,U+004A:J×7,U+004C:L×4,U+004D:M×10,U+0050:P×1,U+0052:R×5,U+0053:S×5,U+0054:T×1,U+0057:W×1,U+0058:X×1,U+005A:Z×1,U+0061:a×43,U+0063:c×10,U+0064:d×10,U+0065:e×38,U+0066:f×5,U+0067:g×9,U+0068:h×7,U+0069:i×29,U+006B:k×7,U+006C:l×19,U+006D:m×12,U+006E:n×30,U+006F:o×22,U+0070:p×11,U+0072:r×31,U+0073:s×23,U+0074:t×41,U+0075:u×13,U+0076:v×5,U+0077:w×2,U+0078:x×1,U+0079:y×5,U+201C:\u201c×1,U+201D:\u201d×1,U+AC00:\uac00×4,U+AC04:\uac04×11,U+AC10:\uac10×3,U+AC1C:\uac1c×2,U+AC70:\uac70×3,U+AC74:\uac74×1,U+ACB0:\uacb0×7,U+ACBD:\uacbd×1,U+ACC4:\uacc4×3,U+ACE0:\uace0×8,U+ACFC:\uacfc×10,U+AD00:\uad00×4,U+AD6C:\uad6c×3,U+ADF8:\uadf8×2,U+ADFC:\uadfc×1,U+AE08:\uae08×4,U+AE30:\uae30×9,U+B098:\ub098×2,U+B0A8:\ub0a8×1,U+B0AE:\ub0ae×1,U+B17C:\ub17c×3,U+B192:\ub192×8,U+B294:\ub294×3,U+B2A5:\ub2a5×4,U+B2C8:\ub2c8×2,U+B2E8:\ub2e8×2,U+B2F4:\ub2f4×1,U+B2F9:\ub2f9×3,U+B300:\ub300×7,U+B35C:\ub35c×1,U+B3C4:\ub3c4×7,U+B418:\ub418×3,U+B41C:\ub41c×1,U+B420:\ub420×2,U+B4F1:\ub4f1×5,U+B530:\ub530×2,U+B54C:\ub54c×2,U+B77C:\ub77c×3,U+B77D:\ub77d×1,U+B7C9:\ub7c9×1,U+B7EC:\ub7ec×1,U+B824:\ub824×5,U+B958:\ub958×1,U+B974:\ub974×1,U+B9AC:\ub9ac×3,U+B9CC:\ub9cc×4,U+BA70:\uba70×4,U+BA74:\uba74×3,U+BB38:\ubb38×6,U+BBF8:\ubbf8×1,U+BC0F:\ubc0f×2,U+BC1B:\ubc1b×2,U+BC1C:\ubc1c×5,U+BC29:\ubc29×16,U+BC88:\ubc88×1,U+BCC0:\ubcc0×10,U+BCD1:\ubcd1×4,U+BCF4:\ubcf4×6,U+BD80:\ubd80×5,U+BE44:\ube44×6,U+BE48:\ube48×1,U+BFD0:\ubfd0×1,U+C05C:\uc05c×1,U+C0C1:\uc0c1×9,U+C11C:\uc11c×1,U+C131:\uc131×19,U+C18C:\uc18c×1,U+C190:\uc190×1,U+C218:\uc218×3,U+C27D:\uc27d×1,U+C2DD:\uc2dd×5,U+C2E4:\uc2e4×1,U+C544:\uc544×5,U+C545:\uc545×1,U+C54C:\uc54c×1,U+C57C:\uc57c×1,U+C5B4:\uc5b4×4,U+C5C6:\uc5c6×1,U+C5D0:\uc5d0×9,U+C5FC:\uc5fc×2,U+C601:\uc601×2,U+C624:\uc624×1,U+C628:\uc628×1,U+C634:\uc634×1,U+C678:\uc678×1,U+C694:\uc694×2,U+C6B0:\uc6b0×1,U+C6D0:\uc6d0×4,U+C704:\uc704×7,U+C720:\uc720×2,U+C728:\uc728×1,U+C73C:\uc73c×3,U+C740:\uc740×7,U+C744:\uc744×8,U+C758:\uc758×9,U+C774:\uc774×15,U+C778:\uc778×2,U+C784:\uc784×1,U+C788:\uc788×2,U+C7A5:\uc7a5×4,U+C800:\uc800×1,U+C801:\uc801×2,U+C804:\uc804×6,U+C810:\uc810×1,U+C815:\uc815×1,U+C838:\uc838×1,U+C870:\uc870×2,U+C911:\uc911×6,U+C99D:\uc99d×3,U+C9C0:\uc9c0×15,U+C9C8:\uc9c8×3,U+CC30:\ucc30×2,U+CC98:\ucc98×1,U+CCB4:\uccb4×5,U+CD5C:\ucd5c×1,U+CD95:\ucd95×1,U+CF54:\ucf54×1,U+CF5C:\ucf5c×2,U+D070:\ud070×1,U+D0AC:\ud0ac×1,U+D1B5:\ud1b5×2,U+D30C:\ud30c×1,U+D328:\ud328×1,U+D3B8:\ud3b8×3,U+D3EC:\ud3ec×3,U+D544:\ud544×1,U+D569:\ud569×2,U+D56D:\ud56d×1,U+D574:\ud574×5,U+D5A5:\ud5a5×3,U+D5CC:\ud5cc×1,U+D5D8:\ud5d8×6,U+D608:\ud608×2,U+D655:\ud655×1,U+D6C4:\ud6c4×1	U+AC80:\uac80×2,U+AC83:\uac83×2,U+AC8C:\uac8c×2,U+AC90:\uac90×1,U+ACF5:\uacf5×1,U+AE09:\uae09×3,U+B0AB:\ub0ab×1,U+B144:\ub144×1,U+B2CC:\ub2cc×1,U+B2E4:\ub2e4×1,U+B354:\ub354×1,U+B370:\ub370×1,U+B450:\ub450×1,U+B839:\ub839×8,U+B85D:\ub85d×1,U+B860:\ub860×1,U+B8CC:\ub8cc×2,U+B978:\ub978×1,U+B9DD:\ub9dd×2,U+BA48:\uba48×1,U+BA85:\uba85×1,U+BAA8:\ubaa8×1,U+BB3C:\ubb3c×1,U+BC14:\ubc14×1,U+BC18:\ubc18×1,U+BC30:\ubc30×1,U+BCC4:\ubcc4×2,U+BCF5:\ubcf5×1,U+BD04:\ubd04×1,U+C0AC:\uc0ac×2,U+C0DD:\uc0dd×1,U+C138:\uc138×2,U+C2A4:\uc2a4×1,U+C2DC:\uc2dc×1,U+C2E0:\uc2e0×2,U+C54A:\uc54a×1,U+C57D:\uc57d×1,U+C5B8:\uc5b8×2,U+C5EC:\uc5ec×3,U+C608:\uc608×1,U+C640:\uc640×2,U+C6A9:\uc6a9×1,U+C77C:\uc77c×3,U+C790:\uc790×6,U+C80A:\uc80a×1,U+C81C:\uc81c×2,U+C874:\uc874×1,U+C900:\uc900×2,U+CC3E:\ucc3e×1,U+CC9C:\ucc9c×1,U+CCA0:\ucca0×1,U+CD08:\ucd08×1,U+CD94:\ucd94×2,U+CDA9:\ucda9×1,U+CE21:\uce21×1,U+D07C:\ud07c×1,U+D0DC:\ud0dc×1,U+D130:\ud130×1,U+D14C:\ud14c×1,U+D2B8:\ud2b8×1,U+D2B9:\ud2b9×4,U+D310:\ud310×1,U+D3D0:\ud3d0×1,U+D504:\ud504×1,U+D53C:\ud53c×1,U+D559:\ud559×1,U+D55C:\ud55c×2,U+D560:\ud560×1,U+D568:\ud568×1,U+D589:\ud589×2,U+D658:\ud658×1,U+D76C:\ud76c×1,U+D788:\ud788×3	-
177	695	136	U+0028:(×6,U+0029:)×6,U+002C:,×9,U+002D:-×11,U+002E:.×15,U+0030:0×4,U+0031:1×6,U+0032:2×6,U+0037:7×3,U+0038:8×1,U+003A::×4,U+003B:;×2,U+0041:A×1,U+0042:B×5,U+0043:C×3,U+0047:G×1,U+0048:H×2,U+0049:I×1,U+004A:J×1,U+004C:L×2,U+004D:M×1,U+0050:P×2,U+0053:S×4,U+0054:T×5,U+0059:Y×1,U+0061:a×15,U+0063:c×4,U+0064:d×6,U+0065:e×23,U+0066:f×2,U+0067:g×3,U+0069:i×15,U+006B:k×1,U+006C:l×9,U+006D:m×3,U+006E:n×17,U+006F:o×12,U+0072:r×8,U+0073:s×12,U+0074:t×12,U+0076:v×6,U+0077:w×3,U+0079:y×1,U+AC00:\uac00×7,U+AC01:\uac01×2,U+AC04:\uac04×7,U+AC19:\uac19×2,U+AC1C:\uac1c×1,U+AC70:\uac70×4,U+AC74:\uac74×7,U+AC80:\uac80×3,U+ACAA:\uacaa×1,U+ACAC:\uacac×1,U+ACBD:\uacbd×3,U+ACC4:\uacc4×2,U+ACE0:\uace0×25,U+AD00:\uad00×7,U+AD50:\uad50×1,U+ADF8:\uadf8×3,U+AE08:\uae08×6,U+AE09:\uae09×1,U+AE30:\uae30×14,U+AED8:\uaed8×1,U+B1E8:\ub1e8×4,U+B294:\ub294×10,U+B2A5:\ub2a5×1,U+B2C8:\ub2c8×1,U+B2DD:\ub2dd×1,U+B2E4:\ub2e4×6,U+B2E8:\ub2e8×2,U+B2F9:\ub2f9×6,U+B300:\ub300×6,U+B3C4:\ub3c4×3,U+B3D9:\ub3d9×1,U+B418:\ub418×6,U+B41C:\ub41c×5,U+B420:\ub420×1,U+B428:\ub428×5,U+B450:\ub450×2,U+B4E4:\ub4e4×1,U+B4F1:\ub4f1×1,U+B54C:\ub54c×1,U+B5A0:\ub5a0×1,U+B610:\ub610×3,U+B77C:\ub77c×2,U+B7EC:\ub7ec×1,U+B824:\ub824×1,U+B825:\ub825×4,U+B85C:\ub85c×4,U+B8CC:\ub8cc×1,U+B978:\ub978×1,U+B9AC:\ub9ac×1,U+B9C8:\ub9c8×1,U+B9D0:\ub9d0×1,U+B9E5:\ub9e5×1,U+BA70:\uba70×5,U+BA74:\uba74×1,U+BAA8:\ubaa8×2,U+BAAC:\ubaac×1,U+BB38:\ubb38×1,U+BC14:\ubc14×1,U+BC1B:\ubc1b×1,U+BC1C:\ubc1c×1,U+BC30:\ubc30×1,U+BCD1:\ubcd1×2,U+BCF5:\ubcf5×1,U+BD04:\ubd04×3,U+BD80:\ubd80×5,U+C0AC:\uc0ac×4,U+C0B0:\uc0b0×1,U+C0C1:\uc0c1×2,U+C11C:\uc11c×6,U+C190:\uc190×4,U+C218:\uc218×5,U+C220:\uc220×2,U+C2DC:\uc2dc×3,U+C2EC:\uc2ec×6,U+C544:\uc544×1,U+C555:\uc555×9,U+C560:\uc560×1,U+C561:\uc561×2,U+C57C:\uc57c×2,U+C57D:\uc57d×1,U+C5B8:\uc5b8×1,U+C5C6:\uc5c6×3,U+C5C8:\uc5c8×2,U+C5D0:\uc5d0×5,U+C5EC:\uc5ec×1,U+C5ED:\uc5ed×1,U+C5FD:\uc5fd×4,U+C640:\uc640×1,U+C678:\uc678×9,U+C694:\uc694×3,U+C6B0:\uc6b0×4,U+C6D0:\uc6d0×1,U+C704:\uc704×3,U+C73C:\uc73c×7,U+C740:\uc740×3,U+C744:\uc744×2,U+C74C:\uc74c×3,U+C751:\uc751×1,U+C758:\uc758×2,U+C788:\uc788×10,U+C790:\uc790×2,U+C798:\uc798×2,U+C7A5:\uc7a5×1,U+C800:\uc800×1,U+C801:\uc801×5,U+C808:\uc808×4,U+C815:\uc815×1,U+C81C:\uc81c×8,U+C870:\uc870×2,U+C88C:\uc88c×2,U+C8FC:\uc8fc×3,U+C900:\uc900×2,U+C911:\uc911×2,U+C99D:\uc99d×8,U+C9C8:\uc9c8×6,U+CC9C:\ucc9c×1,U+CD9C:\ucd9c×1,U+CE21:\uce21×5,U+D06C:\ud06c×1,U+D070:\ud070×1,U+D1A0:\ud1a0×1,U+D1B5:\ud1b5×2,U+D544:\ud544×1,U+D558:\ud558×3,U+D559:\ud559×2,U+D55C:\ud55c×7,U+D560:\ud560×3,U+D568:\ud568×2,U+D569:\ud569×2,U+D56D:\ud56d×2,U+D574:\ud574×3,U+D589:\ud589×2,U+D5D8:\ud5d8×2,U+D608:\ud608×18,U+D615:\ud615×2,U+D638:\ud638×1,U+D658:\ud658×6,U+D761:\ud761×1	U+0025:%×3,U+0035:5×4,U+0039:9×2,U+003C:<×1,U+003E:>×1,U+0045:E×3,U+0052:R×3,U+0055:U×2,U+0075:u×1,U+AC8C:\uac8c×2,U+ACB0:\uacb0×3,U+ACFC:\uacfc×1,U+AD6C:\uad6c×2,U+AD6D:\uad6d×1,U+B098:\ub098×3,U+B0A8:\ub0a8×2,U+B0AE:\ub0ae×1,U+B144:\ub144×2,U+B192:\ub192×4,U+B298:\ub298×2,U+B2EC:\ub2ec×1,U+B354:\ub354×1,U+B370:\ub370×3,U+B530:\ub530×1,U+B839:\ub839×5,U+B960:\ub960×3,U+B9BC:\ub9bc×1,U+B9CC:\ub9cc×1,U+BBF8:\ubbf8×6,U+BC1D:\ubc1d×1,U+BCA0:\ubca0×1,U+BCC4:\ubcc4×1,U+BCF4:\ubcf4×3,U+BD88:\ubd88×1,U+BE44:\ube44×1,U+C0DD:\uc0dd×1,U+C11D:\uc11d×1,U+C138:\uc138×10,U+C2DD:\uc2dd×2,U+C2E4:\uc2e4×1,U+C5F0:\uc5f0×6,U+C601:\uc601×1,U+C728:\uc728×2,U+C774:\uc774×9,U+C778:\uc778×1,U+C77C:\uc77c×1,U+C784:\uc784×3,U+C804:\uc804×3,U+C810:\uc810×4,U+C838:\uc838×1,U+C874:\uc874×2,U+C9C0:\uc9c0×1,U+C9C4:\uc9c4×1,U+CC38:\ucc38×1,U+CD94:\ucd94×1,U+D0C0:\ud0c0×1,U+D130:\ud130×1,U+D328:\ud328×1,U+D398:\ud398×1,U+D3B8:\ud3b8×1,U+D588:\ud588×1,U+D5A5:\ud5a5×2,U+D614:\ud614×1,U+D6A8:\ud6a8×1,U+D6C4:\ud6c4×1	-
178	547	1396	U+002F:/×27,U+005F:_×6,U+006A:j×10,U+006B:k×4,U+0077:w×11,U+AC00:\uac00×8,U+AC04:\uac04×5,U+AC10:\uac10×3,U+AC15:\uac15×4,U+AC19:\uac19×1,U+AC70:\uac70×3,U+AC74:\uac74×3,U+AC80:\uac80×2,U+AC83:\uac83×2,U+AC8C:\uac8c×4,U+ACA9:\uaca9×1,U+ACAC:\uacac×2,U+ACB8:\uacb8×5,U+ACBD:\uacbd×7,U+ACE0:\uace0×5,U+AD00:\uad00×3,U+AD50:\uad50×1,U+AD6C:\uad6c×8,U+AD8C:\uad8c×1,U+AE00:\uae00×4,U+AE08:\uae08×3,U+AE30:\uae30×2,U+B0B4:\ub0b4×1,U+B124:\ub124×2,U+B192:\ub192×1,U+B1CC:\ub1cc×1,U+B1E8:\ub1e8×1,U+B294:\ub294×9,U+B2C8:\ub2c8×2,U+B2E4:\ub2e4×1,U+B2F9:\ub2f9×3,U+B300:\ub300×7,U+B370:\ub370×1,U+B3C4:\ub3c4×2,U+B41C:\ub41c×1,U+B420:\ub420×2,U+B428:\ub428×1,U+B51C:\ub51c×2,U+B77C:\ub77c×1,U+B78C:\ub78c×3,U+B824:\ub824×1,U+B825:\ub825×2,U+B828:\ub828×2,U+B85C:\ub85c×5,U+B86F:\ub86f×1,U+B8CC:\ub8cc×1,U+B974:\ub974×1,U+B9C8:\ub9c8×3,U+B9C9:\ub9c9×1,U+B9CC:\ub9cc×3,U+BA85:\uba85×2,U+BA87:\uba87×1,U+BAA8:\ubaa8×5,U+BB38:\ubb38×4,U+BC00:\ubc00×1,U+BC0F:\ubc0f×1,U+BC31:\ubc31×1,U+BC95:\ubc95×1,U+BCF5:\ubcf5×2,U+BCF8:\ubcf8×1,U+BE48:\ube48×8,U+C0AC:\uc0ac×1,U+C0B0:\uc0b0×1,U+C0C1:\uc0c1×14,U+C0C9:\uc0c9×1,U+C131:\uc131×12,U+C18C:\uc18c×7,U+C218:\uc218×5,U+C220:\uc220×5,U+C2A4:\uc2a4×1,U+C2DC:\uc2dc×8,U+C2E0:\uc2e0×5,U+C2E4:\uc2e4×1,U+C544:\uc544×3,U+C54A:\uc54a×3,U+C555:\uc555×2,U+C561:\uc561×1,U+C57C:\uc57c×7,U+C57D:\uc57d×2,U+C591:\uc591×1,U+C5EC:\uc5ec×6,U+C5ED:\uc5ed×1,U+C5F4:\uc5f4×1,U+C5FC:\uc5fc×2,U+C608:\uc608×1,U+C640:\uc640×1,U+C678:\uc678×2,U+C694:\uc694×1,U+C6B0:\uc6b0×7,U+C6CC:\uc6cc×2,U+C6D0:\uc6d0×3,U+C704:\uc704×4,U+C720:\uc720×3,U+C740:\uc740×6,U+C744:\uc744×11,U+C74C:\uc74c×2,U+C758:\uc758×2,U+C77C:\uc77c×5,U+C784:\uc784×2,U+C785:\uc785×1,U+C788:\uc788×2,U+C7A5:\uc7a5×1,U+C800:\uc800×2,U+C801:\uc801×10,U+C804:\uc804×5,U+C808:\uc808×2,U+C80A:\uc80a×1,U+C815:\uc815×4,U+C81C:\uc81c×6,U+C870:\uc870×2,U+C885:\uc885×1,U+C900:\uc900×3,U+C911:\uc911×4,U+C99D:\uc99d×4,U+C9C0:\uc9c0×8,U+C9C4:\uc9c4×1,U+C9C8:\uc9c8×11,U+CC38:\ucc38×1,U+CCAD:\uccad×1,U+CCB4:\uccb4×4,U+CDE8:\ucde8×1,U+CE21:\uce21×1,U+CE58:\uce58×1,U+CE59:\uce59×3,U+CE60:\uce60×1,U+CE68:\uce68×1,U+CF00:\ucf00×1,U+D06C:\ud06c×2,U+D0C0:\ud0c0×3,U+D0DC:\ud0dc×4,U+D1A0:\ud1a0×3,U+D22C:\ud22c×1,U+D2B8:\ud2b8×2,U+D310:\ud310×3,U+D3EC:\ud3ec×1,U+D544:\ud544×4,U+D558:\ud558×20,U+D559:\ud559×2,U+D568:\ud568×7,U+D56D:\ud56d×3,U+D574:\ud574×4,U+D5CC:\ud5cc×1,U+D5D8:\ud5d8×4,U+D5E4:\ud5e4×4,U+D608:\ud608×22,U+D615:\ud615×1,U+D638:\ud638×2,U+D654:\ud654×1,U+D658:\ud658×4,U+D68C:\ud68c×1	U+0025:%×2,U+0028:(×7,U+0029:)×13,U+002C:,×14,U+002D:-×11,U+002E:.×10,U+0030:0×17,U+0031:1×23,U+0032:2×39,U+0033:3×8,U+0034:4×9,U+0035:5×21,U+0036:6×10,U+0037:7×5,U+0038:8×7,U+0039:9×7,U+003A::×1,U+003B:;×9,U+003F:?×1,U+0041:A×15,U+0043:C×7,U+0044:D×7,U+0045:E×3,U+0046:F×1,U+0047:G×7,U+0048:H×8,U+0049:I×2,U+004A:J×9,U+004B:K×6,U+004C:L×7,U+004D:M×4,U+004E:N×3,U+004F:O×6,U+0050:P×7,U+0052:R×4,U+0053:S×8,U+0054:T×12,U+0055:U×1,U+0056:V×2,U+0057:W×5,U+0059:Y×6,U+005A:Z×1,U+0061:a×100,U+0062:b×3,U+0063:c×25,U+0064:d×22,U+0065:e×85,U+0066:f×18,U+0067:g×19,U+0068:h×8,U+0069:i×86,U+006C:l×61,U+006D:m×9,U+006E:n×102,U+006F:o×77,U+0070:p×4,U+0072:r×82,U+0073:s×50,U+0074:t×62,U+0075:u×15,U+0076:v×24,U+0078:x×1,U+0079:y×9,U+00C1:\xc1×1,U+00E9:\xe9×2,U+AC01:\uac01×3,U+AC1C:\uac1c×1,U+ACB0:\uacb0×2,U+ACFC:\uacfc×2,U+AD6D:\uad6d×1,U+ADF8:\uadf8×1,U+AE40:\uae40×1,U+AE4C:\uae4c×1,U+B098:\ub098×1,U+B144:\ub144×2,U+B2F4:\ub2f4×1,U+B450:\ub450×1,U+B4DC:\ub4dc×2,U+B4F1:\ub4f1×4,U+B54C:\ub54c×2,U+B835:\ub835×1,U+B839:\ub839×6,U+B840:\ub840×1,U+B86C:\ub86c×2,U+B8F9:\ub8f9×1,U+B960:\ub960×7,U+B97C:\ub97c×6,U+B9AC:\ub9ac×1,U+B9AD:\ub9ad×1,U+B9DD:\ub9dd×3,U+BC1B:\ubc1b×2,U+BC1C:\ubc1c×3,U+BCC4:\ubcc4×1,U+BCD1:\ubcd1×3,U+BCF4:\ubcf4×3,U+BD04:\ubd04×1,U+BD80:\ubd80×3,U+BD84:\ubd84×3,U+C0B4:\uc0b4×1,U+C0DD:\uc0dd×6,U+C11C:\uc11c×2,U+C11D:\uc11d×3,U+C120:\uc120×2,U+C124:\uc124×1,U+C138:\uc138×4,U+C13C:\uc13c×1,U+C288:\uc288×1,U+C2DD:\uc2dd×1,U+C2EC:\uc2ec×1,U+C548:\uc548×1,U+C558:\uc558×4,U+C5BB:\uc5bb×1,U+C5C6:\uc5c6×3,U+C5C8:\uc5c8×4,U+C5F0:\uc5f0×9,U+C600:\uc600×1,U+C601:\uc601×1,U+C728:\uc728×1,U+C73C:\uc73c×3,U+C774:\uc774×3,U+C778:\uc778×2,U+C790:\uc790×8,U+C7AC:\uc7ac×1,U+C810:\uc810×2,U+C874:\uc874×5,U+C88B:\uc88b×1,U+C8FC:\uc8fc×1,U+C999:\uc999×1,U+CC28:\ucc28×3,U+CD08:\ucd08×1,U+D050:\ud050×1,U+D0DD:\ud0dd×2,U+D130:\ud130×5,U+D1A8:\ud1a8×1,U+D1B5:\ud1b5×1,U+D2B9:\ud2b9×1,U+D3B4:\ud3b4×1,U+D3B8:\ud3b8×3,U+D45C:\ud45c×1,U+D55C:\ud55c×4,U+D560:\ud560×2,U+D569:\ud569×3,U+D588:\ud588×1,U+D5A5:\ud5a5×1,U+D6C4:\ud6c4×6,U+D788:\ud788×1	-
179	269	675	U+0028:(×1,U+002E:.×3,U+002F:/×21,U+0034:4×4,U+0046:F×1,U+004E:N×1,U+0054:T×2,U+0056:V×1,U+005F:_×4,U+0062:b×1,U+0068:h×6,U+006A:j×7,U+0070:p×1,U+0077:w×6,U+007A:z×1,U+007E:~×1,U+AC00:\uac00×8,U+AC04:\uac04×2,U+AC16:\uac16×1,U+AC19:\uac19×1,U+AC80:\uac80×4,U+AC8C:\uac8c×4,U+ACAC:\uacac×3,U+ACBD:\uacbd×5,U+ACF5:\uacf5×1,U+AD34:\uad34×1,U+AD74:\uad74×1,U+AD8C:\uad8c×3,U+AE4C:\uae4c×1,U+B0B4:\ub0b4×2,U+B1E8:\ub1e8×1,U+B2E4:\ub2e4×2,U+B2F9:\ub2f9×3,U+B3C4:\ub3c4×3,U+B418:\ub418×2,U+B41C:\ub41c×1,U+B4E4:\ub4e4×1,U+B51C:\ub51c×1,U+B610:\ub610×3,U+B78C:\ub78c×1,U+B7C9:\ub7c9×1,U+B839:\ub839×2,U+B958:\ub958×1,U+B968:\ub968×1,U+B978:\ub978×1,U+B9C8:\ub9c8×2,U+B9DD:\ub9dd×1,U+B9E5:\ub9e5×3,U+BA74:\uba74×1,U+BAA8:\ubaa8×1,U+BBF8:\ubbf8×1,U+BC0F:\ubc0f×1,U+BC14:\ubc14×1,U+BC18:\ubc18×1,U+BC30:\ubc30×1,U+BC95:\ubc95×1,U+BCC4:\ubcc4×1,U+BCF5:\ubcf5×1,U+BCFC:\ubcfc×1,U+C0AC:\uc0ac×7,U+C0B0:\uc0b0×1,U+C11C:\uc11c×2,U+C12C:\uc12c×1,U+C138:\uc138×2,U+C18D:\uc18d×1,U+C288:\uc288×1,U+C2E0:\uc2e0×4,U+C2EC:\uc2ec×1,U+C555:\uc555×1,U+C560:\uc560×1,U+C57C:\uc57c×5,U+C591:\uc591×1,U+C5D0:\uc5d0×9,U+C5EC:\uc5ec×1,U+C5FD:\uc5fd×1,U+C608:\uc608×1,U+C62C:\uc62c×1,U+C640:\uc640×3,U+C678:\uc678×1,U+C694:\uc694×1,U+C6A9:\uc6a9×1,U+C6B0:\uc6b0×5,U+C720:\uc720×4,U+C74C:\uc74c×3,U+C785:\uc785×1,U+C788:\uc788×2,U+C790:\uc790×6,U+C794:\uc794×1,U+C7A5:\uc7a5×3,U+C7AC:\uc7ac×1,U+C804:\uc804×3,U+C815:\uc815×3,U+C81C:\uc81c×3,U+C870:\uc870×2,U+C871:\uc871×2,U+C8FC:\uc8fc×3,U+C900:\uc900×2,U+C99D:\uc99d×2,U+C9C1:\uc9c1×2,U+C9C4:\uc9c4×1,U+CD94:\ucd94×1,U+CDE8:\ucde8×2,U+CE21:\uce21×1,U+CE58:\uce58×1,U+D06C:\ud06c×1,U+D1A0:\ud1a0×1,U+D2B9:\ud2b9×1,U+D3C9:\ud3c9×1,U+D3D0:\ud3d0×1,U+D55C:\ud55c×1,U+D568:\ud568×8,U+D574:\ud574×3,U+D5C8:\ud5c8×1,U+D608:\ud608×3,U+D638:\ud638×1,U+D639:\ud639×1,U+D654:\ud654×2,U+D658:\ud658×2,U+D788:\ud788×2	U+0025:%×1,U+0029:)×3,U+002C:,×5,U+002D:-×3,U+0030:0×6,U+0031:1×8,U+0032:2×9,U+0033:3×19,U+0035:5×3,U+0036:6×1,U+0037:7×1,U+0038:8×1,U+0039:9×3,U+003A::×3,U+003B:;×3,U+003C:<×1,U+003E:>×4,U+0041:A×10,U+0042:B×7,U+0043:C×7,U+0044:D×4,U+0045:E×1,U+0047:G×1,U+0049:I×6,U+004A:J×7,U+004C:L×2,U+004D:M×11,U+0050:P×1,U+0052:R×5,U+0053:S×2,U+0057:W×1,U+0058:X×1,U+005A:Z×1,U+0061:a×35,U+0063:c×5,U+0064:d×5,U+0065:e×36,U+0066:f×4,U+0067:g×3,U+0069:i×16,U+006B:k×4,U+006C:l×16,U+006D:m×10,U+006E:n×25,U+006F:o×12,U+0072:r×22,U+0073:s×13,U+0074:t×31,U+0075:u×5,U+0076:v×5,U+0079:y×2,U+201C:\u201c×1,U+201D:\u201d×1,U+AC10:\uac10×2,U+AC1C:\uac1c×2,U+AC70:\uac70×3,U+ACB0:\uacb0×5,U+ACC4:\uacc4×1,U+ACFC:\uacfc×5,U+AD6C:\uad6c×2,U+ADF8:\uadf8×2,U+ADFC:\uadfc×1,U+AE08:\uae08×3,U+AE09:\uae09×1,U+AE30:\uae30×5,U+B098:\ub098×3,U+B0A8:\ub0a8×1,U+B0AE:\ub0ae×1,U+B17C:\ub17c×3,U+B192:\ub192×8,U+B294:\ub294×2,U+B2A5:\ub2a5×2,U+B2C8:\ub2c8×2,U+B2E8:\ub2e8×2,U+B2F4:\ub2f4×1,U+B300:\ub300×4,U+B35C:\ub35c×1,U+B3D9:\ub3d9×1,U+B420:\ub420×1,U+B428:\ub428×1,U+B4F1:\ub4f1×3,U+B54C:\ub54c×2,U+B77C:\ub77c×2,U+B77D:\ub77d×1,U+B7EC:\ub7ec×1,U+B824:\ub824×3,U+B960:\ub960×1,U+B974:\ub974×1,U+B9AC:\ub9ac×2,U+B9CC:\ub9cc×3,U+BA70:\uba70×2,U+BB38:\ubb38×1,U+BC1B:\ubc1b×2,U+BC1C:\ubc1c×4,U+BC29:\ubc29×9,U+BC88:\ubc88×1,U+BCC0:\ubcc0×5,U+BCD1:\ubcd1×5,U+BCF4:\ubcf4×3,U+BD80:\ubd80×4,U+BD84:\ubd84×1,U+BE44:\ube44×5,U+BFD0:\ubfd0×1,U+C05C:\uc05c×1,U+C0C1:\uc0c1×4,U+C0DD:\uc0dd×2,U+C131:\uc131×11,U+C218:\uc218×5,U+C220:\uc220×5,U+C27D:\uc27d×1,U+C2A4:\uc2a4×1,U+C2DC:\uc2dc×2,U+C2E4:\uc2e4×2,U+C544:\uc544×4,U+C545:\uc545×1,U+C54A:\uc54a×1,U+C5B4:\uc5b4×3,U+C5B8:\uc5b8×1,U+C5C6:\uc5c6×1,U+C5F0:\uc5f0×1,U+C601:\uc601×1,U+C624:\uc624×1,U+C628:\uc628×1,U+C634:\uc634×1,U+C6B4:\uc6b4×1,U+C6D0:\uc6d0×3,U+C704:\uc704×8,U+C728:\uc728×1,U+C73C:\uc73c×6,U+C740:\uc740×8,U+C744:\uc744×5,U+C758:\uc758×3,U+C774:\uc774×3,U+C778:\uc778×3,U+C784:\uc784×3,U+C800:\uc800×2,U+C801:\uc801×2,U+C810:\uc810×1,U+C838:\uc838×1,U+C88B:\uc88b×1,U+C911:\uc911×3,U+C9C0:\uc9c0×7,U+CC30:\ucc30×1,U+CC98:\ucc98×1,U+CCB4:\uccb4×4,U+CD5C:\ucd5c×1,U+CD95:\ucd95×1,U+CF5C:\ucf5c×2,U+D070:\ud070×1,U+D0AC:\ud0ac×1,U+D0C0:\ud0c0×1,U+D1B5:\ud1b5×2,U+D30C:\ud30c×1,U+D328:\ud328×1,U+D3B8:\ud3b8×3,U+D3EC:\ud3ec×3,U+D45C:\ud45c×1,U+D558:\ud558×5,U+D559:\ud559×1,U+D569:\ud569×3,U+D56D:\ud56d×1,U+D5A5:\ud5a5×2,U+D5CC:\ud5cc×1,U+D5D8:\ud5d8×6,U+D655:\ud655×1,U+D6C4:\ud6c4×1	-
180	530	315	U+0025:%×3,U+002D:-×7,U+002E:.×4,U+0033:3×1,U+003A::×2,U+0041:A×1,U+0043:C×3,U+0045:E×1,U+0046:F×1,U+005A:Z×6,U+0068:h×2,U+006C:l×1,U+0070:p×2,U+0075:u×4,U+0079:y×2,U+007A:z×2,U+AC00:\uac00×15,U+AC04:\uac04×21,U+AC10:\uac10×2,U+AC80:\uac80×8,U+AC83:\uac83×2,U+AC8C:\uac8c×6,U+ACA9:\uaca9×1,U+ACB0:\uacb0×1,U+ACBD:\uacbd×3,U+AD8C:\uad8c×5,U+AE30:\uae30×1,U+AE38:\uae38×1,U+B07C:\ub07c×1,U+B098:\ub098×1,U+B0A8:\ub0a8×3,U+B0AE:\ub0ae×1,U+B124:\ub124×1,U+B192:\ub192×2,U+B290:\ub290×2,U+B2A5:\ub2a5×5,U+B2C8:\ub2c8×1,U+B2E4:\ub2e4×5,U+B2EC:\ub2ec×1,U+B300:\ub300×6,U+B354:\ub354×1,U+B3C4:\ub3c4×3,U+B4F1:\ub4f1×1,U+B530:\ub530×1,U+B610:\ub610×1,U+B77C:\ub77c×3,U+B78C:\ub78c×1,U+B79C:\ub79c×2,U+B7C9:\ub7c9×1,U+B85C:\ub85c×7,U+B960:\ub960×1,U+B978:\ub978×1,U+B97C:\ub97c×2,U+B9B0:\ub9b0×2,U+B9BD:\ub9bd×2,U+BA74:\uba74×9,U+BA85:\uba85×2,U+BC0F:\ubc0f×3,U+BC1D:\ubc1d×1,U+BC29:\ubc29×3,U+BC94:\ubc94×1,U+BCC4:\ubcc4×1,U+BCF4:\ubcf4×2,U+BCF8:\ubcf8×2,U+BD84:\ubd84×5,U+BD88:\ubd88×2,U+C0AC:\uc0ac×4,U+C0C1:\uc0c1×11,U+C0C9:\uc0c9×3,U+C0DD:\uc0dd×4,U+C11D:\uc11d×1,U+C120:\uc120×1,U+C131:\uc131×8,U+C18C:\uc18c×3,U+C218:\uc218×2,U+C288:\uc288×1,U+C2A8:\uc2a8×1,U+C2DD:\uc2dd×8,U+C2E0:\uc2e0×4,U+C545:\uc545×1,U+C548:\uc548×3,U+C54A:\uc54a×1,U+C54C:\uc54c×2,U+C560:\uc560×1,U+C57C:\uc57c×7,U+C57D:\uc57d×1,U+C5B4:\uc5b4×8,U+C5EC:\uc5ec×3,U+C5F4:\uc5f4×1,U+C5FC:\uc5fc×3,U+C608:\uc608×2,U+C640:\uc640×2,U+C694:\uc694×2,U+C6A9:\uc6a9×3,U+C6B0:\uc6b0×1,U+C6C0:\uc6c0×1,U+C6CC:\uc6cc×1,U+C70C:\uc70c×1,U+C720:\uc720×7,U+C721:\uc721×1,U+C744:\uc744×4,U+C74C:\uc74c×4,U+C758:\uc758×17,U+C774:\uc774×39,U+C778:\uc778×3,U+C77C:\uc77c×3,U+C784:\uc784×1,U+C785:\uc785×1,U+C790:\uc790×8,U+C794:\uc794×1,U+C7A0:\uc7a0×1,U+C7AC:\uc7ac×2,U+C801:\uc801×6,U+C804:\uc804×13,U+C811:\uc811×2,U+C815:\uc815×6,U+C84C:\uc84c×1,U+C870:\uc870×1,U+C885:\uc885×1,U+C99D:\uc99d×3,U+C9C0:\uc9c0×4,U+C9C1:\uc9c1×3,U+C9C4:\uc9c4×1,U+C9C8:\uc9c8×5,U+CC30:\ucc30×1,U+CCAD:\uccad×2,U+CCB4:\uccb4×2,U+CD08:\ucd08×1,U+CD5C:\ucd5c×1,U+CD94:\ucd94×5,U+CD9C:\ucd9c×2,U+CDA9:\ucda9×2,U+CE58:\uce58×1,U+CF00:\ucf00×1,U+D06C:\ud06c×4,U+D0DC:\ud0dc×1,U+D1A0:\ud1a0×3,U+D2B8:\ud2b8×4,U+D2B9:\ud2b9×1,U+D2F4:\ud2f4×1,U+D30C:\ud30c×5,U+D310:\ud310×1,U+D398:\ud398×3,U+D3C9:\ud3c9×3,U+D45C:\ud45c×3,U+D544:\ud544×3,U+D54D:\ud54d×1,U+D558:\ud558×11,U+D559:\ud559×4,U+D560:\ud560×1,U+D568:\ud568×6,U+D574:\ud574×1,U+D604:\ud604×3,U+D615:\ud615×7,U+D654:\ud654×3,U+D655:\ud655×3,U+D658:\ud658×4,U+D65C:\ud65c×1,U+D68C:\ud68c×1,U+D6C4:\ud6c4×1,U+D788:\ud788×2,U+D798:\ud798×1	U+0028:(×2,U+0029:)×4,U+002C:,×4,U+0030:0×6,U+0031:1×5,U+0032:2×11,U+0034:4×3,U+0035:5×3,U+0036:6×4,U+0037:7×1,U+0038:8×2,U+0039:9×4,U+003B:;×1,U+003C:<×1,U+003E:>×1,U+0042:B×3,U+0047:G×1,U+0049:I×1,U+004A:J×1,U+004C:L×5,U+004E:N×1,U+004F:O×1,U+0053:S×4,U+0054:T×3,U+0059:Y×1,U+0061:a×8,U+0064:d×3,U+0065:e×10,U+0066:f×1,U+0067:g×3,U+0069:i×5,U+006B:k×1,U+006E:n×10,U+006F:o×6,U+0072:r×5,U+0073:s×4,U+0074:t×4,U+0076:v×4,U+0077:w×2,U+AC01:\uac01×1,U+AC19:\uac19×1,U+AC1C:\uac1c×1,U+AC70:\uac70×3,U+AC74:\uac74×6,U+ACAA:\uacaa×1,U+ACAC:\uacac×1,U+ACC4:\uacc4×2,U+ACE0:\uace0×3,U+ACFC:\uacfc×1,U+AD00:\uad00×5,U+ADF8:\uadf8×3,U+AE08:\uae08×5,U+AE4C:\uae4c×1,U+AED8:\uaed8×1,U+B144:\ub144×2,U+B17C:\ub17c×1,U+B1E8:\ub1e8×4,U+B2DD:\ub2dd×1,U+B2E8:\ub2e8×1,U+B2F9:\ub2f9×5,U+B3D9:\ub3d9×1,U+B41C:\ub41c×2,U+B450:\ub450×2,U+B4E4:\ub4e4×1,U+B5A0:\ub5a0×1,U+B7EC:\ub7ec×1,U+B808:\ub808×1,U+B824:\ub824×1,U+B825:\ub825×3,U+B8CC:\ub8cc×1,U+B9D0:\ub9d0×1,U+B9E5:\ub9e5×1,U+BA70:\uba70×5,U+BAA8:\ubaa8×1,U+BAAC:\ubaac×1,U+BB38:\ubb38×1,U+BC1B:\ubc1b×1,U+BC30:\ubc30×1,U+BCD1:\ubcd1×1,U+BCF5:\ubcf5×1,U+BD04:\ubd04×1,U+BD80:\ubd80×3,U+BE44:\ube44×1,U+C0B0:\uc0b0×1,U+C11C:\uc11c×2,U+C190:\uc190×4,U+C220:\uc220×2,U+C2A4:\uc2a4×1,U+C2DC:\uc2dc×2,U+C2EC:\uc2ec×5,U+C555:\uc555×9,U+C5C8:\uc5c8×2,U+C5D0:\uc5d0×1,U+C5ED:\uc5ed×1,U+C5FD:\uc5fd×4,U+C600:\uc600×1,U+C678:\uc678×8,U+C704:\uc704×2,U+C73C:\uc73c×4,U+C740:\uc740×1,U+C788:\uc788×1,U+C798:\uc798×2,U+C7A5:\uc7a5×2,U+C800:\uc800×1,U+C808:\uc808×1,U+C81C:\uc81c×5,U+C88C:\uc88c×2,U+C8FC:\uc8fc×3,U+CE21:\uce21×4,U+D070:\ud070×1,U+D130:\ud130×1,U+D1B5:\ud1b5×1,U+D55C:\ud55c×3,U+D589:\ud589×2,U+D5D8:\ud5d8×2,U+D608:\ud608×11,U+D638:\ud638×1,U+D761:\ud761×1	-
181	998	10	U+0026:&×2,U+0028:(×4,U+0029:)×4,U+002B:+×2,U+002C:,×3,U+002D:-×9,U+002E:.×19,U+0030:0×1,U+0031:1×2,U+0032:2×1,U+0033:3×2,U+0041:A×16,U+0042:B×14,U+0043:C×9,U+0044:D×5,U+0045:E×9,U+0047:G×1,U+0048:H×25,U+0049:I×5,U+004C:L×5,U+004D:M×5,U+004E:N×6,U+004F:O×3,U+0050:P×6,U+0052:R×6,U+0053:S×2,U+0054:T×6,U+0056:V×30,U+0062:b×1,U+0063:c×5,U+0065:e×1,U+0067:g×5,U+0069:i×7,U+006C:l×1,U+006E:n×4,U+006F:o×1,U+0070:p×1,U+0071:q×1,U+0072:r×4,U+0073:s×5,U+0074:t×7,U+0075:u×2,U+0079:y×2,U+AC00:\uac00×13,U+AC01:\uac01×2,U+AC04:\uac04×6,U+AC10:\uac10×16,U+AC80:\uac80×3,U+AC83:\uac83×3,U+AC8C:\uac8c×6,U+ACB0:\uacb0×2,U+ACBD:\uacbd×4,U+ACC4:\uacc4×1,U+ACE0:\uace0×5,U+ACF5:\uacf5×3,U+ACFC:\uacfc×4,U+AD00:\uad00×2,U+AD50:\uad50×1,U+AD6C:\uad6c×4,U+AD6D:\uad6d×1,U+ADF9:\uadf9×1,U+AE08:\uae08×2,U+AE30:\uae30×18,U+B098:\ub098×10,U+B0B3:\ub0b3×1,U+B144:\ub144×1,U+B192:\ub192×2,U+B294:\ub294×23,U+B2A5:\ub2a5×3,U+B2C8:\ub2c8×3,U+B2DD:\ub2dd×1,U+B2E4:\ub2e4×4,U+B2E8:\ub2e8×1,U+B2F4:\ub2f4×1,U+B2F9:\ub2f9×1,U+B300:\ub300×7,U+B354:\ub354×1,U+B3C4:\ub3c4×2,U+B3D9:\ub3d9×4,U+B418:\ub418×6,U+B450:\ub450×1,U+B4DC:\ub4dc×1,U+B4E4:\ub4e4×1,U+B54C:\ub54c×1,U+B610:\ub610×2,U+B77C:\ub77c×2,U+B7B5:\ub7b5×1,U+B7EC:\ub7ec×3,U+B824:\ub824×3,U+B835:\ub835×1,U+B85C:\ub85c×11,U+B85D:\ub85d×1,U+B8CC:\ub8cc×3,U+B8E8:\ub8e8×1,U+B960:\ub960×2,U+B97C:\ub97c×10,U+B9AC:\ub9ac×2,U+B9BC:\ub9bc×4,U+B9CC:\ub9cc×4,U+B9DD:\ub9dd×1,U+B9DE:\ub9de×1,U+BA70:\uba70×3,U+BA74:\uba74×11,U+BA85:\uba85×1,U+BA87:\uba87×1,U+BAA8:\ubaa8×1,U+BB44:\ubb44×1,U+BBF8:\ubbf8×1,U+BC00:\ubc00×1,U+BC0F:\ubc0f×1,U+BC14:\ubc14×3,U+BC18:\ubc18×3,U+BC1B:\ubc1b×3,U+BC1C:\ubc1c×4,U+BC29:\ubc29×2,U+BC30:\ubc30×1,U+BC31:\ubc31×4,U+BC95:\ubc95×2,U+BCC4:\ubcc4×2,U+BCD1:\ubcd1×1,U+BCF4:\ubcf4×1,U+BCF5:\ubcf5×2,U+BD80:\ubd80×3,U+BD84:\ubd84×1,U+BD88:\ubd88×1,U+BE68:\ube68×1,U+C0AC:\uc0ac×6,U+C0C1:\uc0c1×10,U+C0DD:\uc0dd×3,U+C11C:\uc11c×4,U+C11D:\uc11d×1,U+C120:\uc120×3,U+C131:\uc131×21,U+C138:\uc138×1,U+C18C:\uc18c×1,U+C18D:\uc18d×1,U+C218:\uc218×7,U+C2A4:\uc2a4×4,U+C2DC:\uc2dc×1,U+C2DD:\uc2dd×16,U+C2E0:\uc2e0×4,U+C2EC:\uc2ec×2,U+C368:\uc368×1,U+C544:\uc544×4,U+C548:\uc548×1,U+C54A:\uc54a×1,U+C57C:\uc57c×5,U+C57D:\uc57d×1,U+C591:\uc591×9,U+C5B4:\uc5b4×8,U+C5B5:\uc5b5×2,U+C5D0:\uc5d0×13,U+C5EC:\uc5ec×2,U+C5ED:\uc5ed×5,U+C5F0:\uc5f0×1,U+C5FC:\uc5fc×17,U+C608:\uc608×4,U+C628:\uc628×2,U+C640:\uc640×5,U+C678:\uc678×4,U+C694:\uc694×4,U+C6B0:\uc6b0×3,U+C6B1:\uc6b1×1,U+C6D0:\uc6d0×2,U+C704:\uc704×5,U+C720:\uc720×2,U+C721:\uc721×1,U+C73C:\uc73c×8,U+C740:\uc740×12,U+C744:\uc744×10,U+C74C:\uc74c×9,U+C758:\uc758×13,U+C774:\uc774×33,U+C778:\uc778×7,U+C77C:\uc77c×8,U+C784:\uc784×1,U+C788:\uc788×5,U+C790:\uc790×17,U+C7A0:\uc7a0×1,U+C7A5:\uc7a5×2,U+C7AC:\uc7ac×1,U+C801:\uc801×8,U+C804:\uc804×6,U+C808:\uc808×1,U+C811:\uc811×1,U+C81C:\uc81c×8,U+C885:\uc885×1,U+C8FC:\uc8fc×1,U+C911:\uc911×1,U+C99D:\uc99d×16,U+C9C0:\uc9c0×3,U+C9C4:\uc9c4×1,U+C9DD:\uc9dd×1,U+CC28:\ucc28×3,U+CC30:\ucc30×1,U+CCB4:\uccb4×5,U+CD08:\ucd08×1,U+CD94:\ucd94×2,U+CE58:\uce58×3,U+CE5C:\uce5c×1,U+D06C:\ud06c×2,U+D0A4:\ud0a4×1,U+D0DC:\ud0dc×2,U+D130:\ud130×2,U+D1B5:\ud1b5×1,U+D30C:\ud30c×4,U+D3B8:\ud3b8×1,U+D3C9:\ud3c9×1,U+D3EC:\ud3ec×1,U+D504:\ud504×4,U+D544:\ud544×1,U+D558:\ud558×10,U+D55C:\ud55c×6,U+D560:\ud560×2,U+D568:\ud568×11,U+D56D:\ud56d×7,U+D574:\ud574×7,U+D589:\ud589×2,U+D5D8:\ud5d8×3,U+D604:\ud604×1,U+D654:\ud654×1,U+D655:\ud655×1,U+D658:\ud658×5,U+D65C:\ud65c×3,U+D68C:\ud68c×3,U+D6A8:\ud6a8×2,U+D6C4:\ud6c4×4,U+D754:\ud754×1,U+D788:\ud788×2	U+0064:d×1,U+AC19:\uac19×1,U+C560:\uc560×1,U+C561:\uc561×2,U+CD9C:\ucd9c×1,U+D559:\ud559×2,U+D608:\ud608×2	-
182	49	1191	U+0048:H×3,U+0049:I×2,U+0056:V×3,U+ACF5:\uacf5×1,U+B2DD:\ub2dd×1,U+B2E8:\ub2e8×1,U+B3C5:\ub3c5×4,U+B41C:\ub41c×2,U+B54C:\ub54c×1,U+B824:\ub824×1,U+B840:\ub840×1,U+B9BC:\ub9bc×1,U+B9E4:\ub9e4×4,U+BC1B:\ubc1b×1,U+BC1C:\ubc1c×1,U+BC30:\ubc30×1,U+BD88:\ubd88×1,U+C0C8:\uc0c8×2,U+C21C:\uc21c×1,U+C5C8:\uc5c8×1,U+C5FC:\uc5fc×1,U+C644:\uc644×1,U+C6A9:\uc6a9×1,U+C7A0:\uc7a0×2,U+CD94:\ucd94×1,U+CDA9:\ucda9×3,U+CE58:\uce58×1,U+D30C:\ud30c×3,U+D5C8:\ud5c8×1,U+D65C:\ud65c×1,U+D6C4:\ud6c4×1	U+0026:&×1,U+0028:(×2,U+0029:)×12,U+002C:,×18,U+002D:-×8,U+002E:.×35,U+002F:/×34,U+0030:0×11,U+0031:1×3,U+0032:2×16,U+0033:3×9,U+0034:4×7,U+0035:5×5,U+0036:6×7,U+0037:7×4,U+0038:8×2,U+0039:9×3,U+003A::×8,U+0041:A×1,U+0043:C×1,U+0044:D×1,U+0045:E×1,U+004C:L×1,U+0053:S×1,U+0054:T×1,U+005F:_×7,U+0061:a×24,U+0062:b×1,U+0063:c×4,U+0064:d×11,U+0065:e×13,U+0066:f×5,U+0067:g×5,U+0068:h×13,U+0069:i×11,U+006A:j×13,U+006B:k×6,U+006C:l×9,U+006D:m×6,U+006E:n×14,U+006F:o×13,U+0070:p×23,U+0072:r×15,U+0073:s×16,U+0074:t×31,U+0075:u×9,U+0076:v×2,U+0077:w×18,U+0079:y×1,U+007A:z×1,U+AC00:\uac00×11,U+AC04:\uac04×9,U+AC15:\uac15×4,U+AC19:\uac19×1,U+AC70:\uac70×3,U+AC74:\uac74×7,U+AC80:\uac80×3,U+AC83:\uac83×4,U+AC8C:\uac8c×5,U+ACA9:\uaca9×1,U+ACAC:\uacac×1,U+ACB0:\uacb0×2,U+ACB8:\uacb8×5,U+ACBD:\uacbd×8,U+ACC4:\uacc4×1,U+ACE0:\uace0×8,U+ACFC:\uacfc×3,U+AD00:\uad00×6,U+AD50:\uad50×1,U+AD6C:\uad6c×11,U+AD8C:\uad8c×1,U+ADE0:\uade0×1,U+AE00:\uae00×4,U+AE08:\uae08×3,U+AE30:\uae30×17,U+B098:\ub098×2,U+B0AE:\ub0ae×1,U+B0B4:\ub0b4×1,U+B124:\ub124×2,U+B192:\ub192×4,U+B1CC:\ub1cc×1,U+B294:\ub294×14,U+B2A5:\ub2a5×1,U+B2C8:\ub2c8×2,U+B2E4:\ub2e4×5,U+B2F9:\ub2f9×4,U+B300:\ub300×9,U+B370:\ub370×1,U+B3C4:\ub3c4×6,U+B420:\ub420×2,U+B4E4:\ub4e4×1,U+B4F1:\ub4f1×1,U+B51C:\ub51c×2,U+B530:\ub530×1,U+B77C:\ub77c×1,U+B78C:\ub78c×3,U+B7EC:\ub7ec×1,U+B825:\ub825×2,U+B828:\ub828×2,U+B839:\ub839×3,U+B85C:\ub85c×8,U+B86F:\ub86f×1,U+B974:\ub974×1,U+B978:\ub978×2,U+B97C:\ub97c×1,U+B9C8:\ub9c8×3,U+B9C9:\ub9c9×1,U+B9CC:\ub9cc×2,U+B9E5:\ub9e5×1,U+BA70:\uba70×2,U+BA74:\uba74×3,U+BA85:\uba85×2,U+BA87:\uba87×1,U+BAA8:\ubaa8×5,U+BB38:\ubb38×4,U+BC00:\ubc00×1,U+BC0F:\ubc0f×2,U+BC31:\ubc31×1,U+BC95:\ubc95×1,U+BCC4:\ubcc4×1,U+BCD1:\ubcd1×3,U+BCF4:\ubcf4×1,U+BCF8:\ubcf8×3,U+BD80:\ubd80×2,U+BE44:\ube44×1,U+BE48:\ube48×8,U+C0AC:\uc0ac×5,U+C0B0:\uc0b0×1,U+C0C1:\uc0c1×18,U+C0C9:\uc0c9×1,U+C11C:\uc11c×2,U+C131:\uc131×11,U+C138:\uc138×7,U+C18C:\uc18c×7,U+C218:\uc218×6,U+C220:\uc220×5,U+C2DC:\uc2dc×8,U+C2DD:\uc2dd×10,U+C2E0:\uc2e0×7,U+C2E4:\uc2e4×1,U+C544:\uc544×3,U+C54A:\uc54a×2,U+C555:\uc555×2,U+C561:\uc561×1,U+C57C:\uc57c×6,U+C57D:\uc57d×2,U+C591:\uc591×2,U+C5B4:\uc5b4×3,U+C5C6:\uc5c6×1,U+C5D0:\uc5d0×6,U+C5EC:\uc5ec×6,U+C5ED:\uc5ed×1,U+C5F0:\uc5f0×2,U+C5F4:\uc5f4×1,U+C608:\uc608×2,U+C678:\uc678×1,U+C694:\uc694×6,U+C6B0:\uc6b0×8,U+C6CC:\uc6cc×2,U+C6D0:\uc6d0×4,U+C704:\uc704×3,U+C720:\uc720×3,U+C740:\uc740×12,U+C744:\uc744×13,U+C74C:\uc74c×9,U+C758:\uc758×10,U+C774:\uc774×25,U+C778:\uc778×5,U+C77C:\uc77c×5,U+C784:\uc784×1,U+C785:\uc785×1,U+C788:\uc788×7,U+C790:\uc790×11,U+C7A5:\uc7a5×3,U+C800:\uc800×2,U+C801:\uc801×9,U+C804:\uc804×5,U+C808:\uc808×4,U+C80A:\uc80a×1,U+C815:\uc815×4,U+C81C:\uc81c×6,U+C870:\uc870×3,U+C874:\uc874×3,U+C885:\uc885×1,U+C8FC:\uc8fc×1,U+C900:\uc900×3,U+C911:\uc911×9,U+C99D:\uc99d×21,U+C9C0:\uc9c0×8,U+C9C8:\uc9c8×8,U+CC38:\ucc38×1,U+CCAD:\uccad×1,U+CCB4:\uccb4×4,U+CDE8:\ucde8×1,U+CE21:\uce21×1,U+CE59:\uce59×3,U+CE60:\uce60×1,U+CE68:\uce68×1,U+CF00:\ucf00×1,U+D06C:\ud06c×1,U+D0C0:\ud0c0×3,U+D0DC:\ud0dc×4,U+D1A0:\ud1a0×5,U+D22C:\ud22c×1,U+D2B8:\ud2b8×2,U+D310:\ud310×3,U+D3C9:\ud3c9×1,U+D3EC:\ud3ec×1,U+D544:\ud544×4,U+D558:\ud558×23,U+D559:\ud559×3,U+D55C:\ud55c×7,U+D568:\ud568×7,U+D569:\ud569×3,U+D56D:\ud56d×2,U+D574:\ud574×4,U+D5CC:\ud5cc×1,U+D5D8:\ud5d8×3,U+D5E4:\ud5e4×4,U+D608:\ud608×23,U+D615:\ud615×1,U+D638:\ud638×2,U+D654:\ud654×1,U+D658:\ud658×5,U+D68C:\ud68c×1	-
183	90	811	U+0038:8×1,U+003A::×1,U+0043:C×1,U+0056:V×2,U+0057:W×2,U+005A:Z×2,U+AC01:\uac01×1,U+AC10:\uac10×1,U+AC70:\uac70×1,U+ADF8:\uadf8×1,U+ADF9:\uadf9×1,U+B192:\ub192×1,U+B1CC:\ub1cc×1,U+B2DD:\ub2dd×2,U+B428:\ub428×2,U+B77C:\ub77c×3,U+B7EC:\ub7ec×1,U+B825:\ub825×4,U+B8CC:\ub8cc×1,U+B9AC:\ub9ac×4,U+B9BC:\ub9bc×1,U+B9D0:\ub9d0×3,U+B9E4:\ub9e4×1,U+BCC4:\ubcc4×1,U+BCD1:\ubcd1×4,U+C0DD:\uc0dd×2,U+C120:\uc120×1,U+C21C:\uc21c×1,U+C2A4:\uc2a4×3,U+C2DC:\uc2dc×2,U+C544:\uc544×1,U+C548:\uc548×1,U+C54A:\uc54a×1,U+C57D:\uc57d×1,U+C5C6:\uc5c6×1,U+C5ED:\uc5ed×1,U+C5F4:\uc5f4×1,U+C5FC:\uc5fc×1,U+C6D0:\uc6d0×2,U+C721:\uc721×1,U+C73C:\uc73c×2,U+C740:\uc740×1,U+C778:\uc778×3,U+C791:\uc791×1,U+C885:\uc885×2,U+C988:\uc988×1,U+CCAB:\uccab×1,U+CD9C:\ucd9c×1,U+CDA9:\ucda9×1,U+CE74:\uce74×1,U+D06C:\ud06c×1,U+D130:\ud130×1,U+D1A1:\ud1a1×1,U+D1B5:\ud1b5×1,U+D30C:\ud30c×2,U+D3EC:\ud3ec×1,U+D50C:\ud50c×1,U+D560:\ud560×2,U+D56D:\ud56d×2,U+D655:\ud655×1	U+0025:%×7,U+0028:(×9,U+0029:)×13,U+002C:,×11,U+002D:-×9,U+002E:.×19,U+002F:/×20,U+0030:0×13,U+0031:1×2,U+0032:2×13,U+0033:3×4,U+0034:4×9,U+0035:5×1,U+0036:6×3,U+0037:7×3,U+0039:9×1,U+003E:>×1,U+0041:A×1,U+0042:B×3,U+0046:F×1,U+0049:I×1,U+004C:L×1,U+004F:O×1,U+0050:P×1,U+0053:S×5,U+0054:T×5,U+005F:_×3,U+0061:a×8,U+0063:c×8,U+0064:d×6,U+0065:e×8,U+0066:f×2,U+0067:g×4,U+0068:h×8,U+0069:i×12,U+006A:j×5,U+006C:l×4,U+006D:m×3,U+006E:n×9,U+006F:o×13,U+0070:p×7,U+0072:r×9,U+0073:s×10,U+0074:t×9,U+0075:u×8,U+0076:v×3,U+0077:w×6,U+0078:x×1,U+0079:y×4,U+007A:z×1,U+007E:~×1,U+AC00:\uac00×14,U+AC04:\uac04×16,U+AC15:\uac15×1,U+AC16:\uac16×1,U+AC19:\uac19×1,U+AC74:\uac74×2,U+AC80:\uac80×3,U+AC83:\uac83×1,U+AC8C:\uac8c×4,U+ACAC:\uacac×3,U+ACB0:\uacb0×2,U+ACBD:\uacbd×5,U+ACC4:\uacc4×1,U+ACE0:\uace0×19,U+ACF5:\uacf5×1,U+ACFC:\uacfc×5,U+AD00:\uad00×4,U+AD34:\uad34×1,U+AD6C:\uad6c×1,U+AD74:\uad74×1,U+AD8C:\uad8c×3,U+AE08:\uae08×3,U+AE30:\uae30×15,U+B098:\ub098×1,U+B1E8:\ub1e8×1,U+B294:\ub294×4,U+B2A5:\ub2a5×3,U+B2E4:\ub2e4×7,U+B2F9:\ub2f9×6,U+B300:\ub300×6,U+B3C4:\ub3c4×9,U+B418:\ub418×5,U+B41C:\ub41c×3,U+B4E4:\ub4e4×1,U+B4F1:\ub4f1×2,U+B51C:\ub51c×1,U+B530:\ub530×2,U+B610:\ub610×3,U+B78C:\ub78c×1,U+B7C9:\ub7c9×2,U+B824:\ub824×2,U+B839:\ub839×2,U+B85C:\ub85c×4,U+B958:\ub958×2,U+B968:\ub968×1,U+B978:\ub978×1,U+B97C:\ub97c×3,U+B9C8:\ub9c8×1,U+B9CC:\ub9cc×1,U+B9DD:\ub9dd×1,U+B9E5:\ub9e5×3,U+BA74:\uba74×3,U+BAA8:\ubaa8×1,U+BB38:\ubb38×3,U+BBF8:\ubbf8×2,U+BC0F:\ubc0f×3,U+BC18:\ubc18×2,U+BC29:\ubc29×7,U+BC30:\ubc30×1,U+BC95:\ubc95×1,U+BCC0:\ubcc0×5,U+BCF4:\ubcf4×4,U+BCF5:\ubcf5×1,U+BCFC:\ubcfc×1,U+BE44:\ube44×1,U+BE48:\ube48×1,U+C0AC:\uc0ac×6,U+C0B0:\uc0b0×1,U+C0C1:\uc0c1×9,U+C11C:\uc11c×4,U+C12C:\uc12c×1,U+C131:\uc131×11,U+C138:\uc138×2,U+C18D:\uc18d×1,U+C190:\uc190×1,U+C218:\uc218×1,U+C288:\uc288×1,U+C2DD:\uc2dd×5,U+C2E0:\uc2e0×3,U+C2EC:\uc2ec×2,U+C54C:\uc54c×1,U+C555:\uc555×1,U+C560:\uc560×1,U+C57C:\uc57c×6,U+C5B4:\uc5b4×1,U+C5B8:\uc5b8×1,U+C5D0:\uc5d0×21,U+C5EC:\uc5ec×2,U+C5F0:\uc5f0×4,U+C5FD:\uc5fd×1,U+C601:\uc601×1,U+C608:\uc608×1,U+C62C:\uc62c×1,U+C640:\uc640×3,U+C678:\uc678×2,U+C694:\uc694×2,U+C6B0:\uc6b0×5,U+C704:\uc704×1,U+C720:\uc720×5,U+C744:\uc744×8,U+C74C:\uc74c×5,U+C758:\uc758×8,U+C774:\uc774×15,U+C77C:\uc77c×1,U+C784:\uc784×1,U+C785:\uc785×1,U+C788:\uc788×1,U+C790:\uc790×6,U+C794:\uc794×1,U+C7A5:\uc7a5×7,U+C7AC:\uc7ac×1,U+C801:\uc801×5,U+C804:\uc804×5,U+C808:\uc808×2,U+C815:\uc815×5,U+C81C:\uc81c×3,U+C870:\uc870×4,U+C871:\uc871×2,U+C874:\uc874×1,U+C8FC:\uc8fc×2,U+C900:\uc900×2,U+C911:\uc911×3,U+C99D:\uc99d×13,U+C9C0:\uc9c0×9,U+C9C1:\uc9c1×2,U+C9C4:\uc9c4×1,U+C9C8:\uc9c8×3,U+CC30:\ucc30×1,U+CD94:\ucd94×1,U+CDE8:\ucde8×2,U+CE21:\uce21×1,U+CF54:\ucf54×1,U+D2B9:\ud2b9×1,U+D3B8:\ud3b8×1,U+D3C9:\ud3c9×2,U+D3D0:\ud3d0×1,U+D558:\ud558×4,U+D55C:\ud55c×7,U+D568:\ud568×7,U+D569:\ud569×1,U+D574:\ud574×7,U+D5A5:\ud5a5×1,U+D5C8:\ud5c8×2,U+D5D8:\ud5d8×1,U+D608:\ud608×5,U+D638:\ud638×1,U+D639:\ud639×1,U+D654:\ud654×2,U+D658:\ud658×1,U+D6C4:\ud6c4×3,U+D788:\ud788×2	-
184	175	654	U+0028:(×1,U+0029:)×1,U+002C:,×2,U+0032:2×1,U+0036:6×3,U+0038:8×2,U+0039:9×3,U+0042:B×6,U+0043:C×2,U+0044:D×3,U+0048:H×1,U+004A:J×3,U+0056:V×1,U+0062:b×1,U+0064:d×1,U+AC10:\uac10×1,U+AC19:\uac19×1,U+AC78:\uac78×1,U+ACB0:\uacb0×1,U+ACFC:\uacfc×2,U+AD00:\uad00×1,U+AD6D:\uad6d×3,U+ADF8:\uadf8×1,U+B144:\ub144×2,U+B1CC:\ub1cc×3,U+B2DD:\ub2dd×4,U+B2E4:\ub2e4×1,U+B2EC:\ub2ec×1,U+B4E0:\ub4e0×3,U+B514:\ub514×1,U+B54C:\ub54c×1,U+B610:\ub610×1,U+B78C:\ub78c×1,U+B7EC:\ub7ec×2,U+B824:\ub824×1,U+B828:\ub828×1,U+B8CC:\ub8cc×5,U+B8E8:\ub8e8×2,U+B974:\ub974×3,U+B9AC:\ub9ac×4,U+B9BC:\ub9bc×1,U+B9CE:\ub9ce×1,U+BAA8:\ubaa8×1,U+BAA9:\ubaa9×2,U+BAAC:\ubaac×4,U+BB38:\ubb38×1,U+BBC0:\ubbc0×1,U+BBF8:\ubbf8×2,U+BC88:\ubc88×1,U+BC95:\ubc95×1,U+BCC0:\ubcc0×1,U+BCD1:\ubcd1×3,U+BFD0:\ubfd0×1,U+C11C:\uc11c×12,U+C21C:\uc21c×3,U+C2A4:\uc2a4×3,U+C2DC:\uc2dc×1,U+C4F0:\uc4f0×1,U+C591:\uc591×1,U+C5B8:\uc5b8×1,U+C5BB:\uc5bb×1,U+C5D0:\uc5d0×9,U+C5FC:\uc5fc×2,U+C628:\uc628×1,U+C678:\uc678×2,U+C704:\uc704×1,U+C740:\uc740×1,U+C7A5:\uc7a5×4,U+C9C4:\uc9c4×2,U+CC38:\ucc38×1,U+CE20:\uce20×1,U+CE58:\uce58×3,U+CE90:\uce90×2,U+CF54:\ucf54×1,U+CF65:\ucf65×1,U+D0C0:\ud0c0×1,U+D22C:\ud22c×1,U+D380:\ud380×1,U+D3A0:\ud3a0×1,U+D3D0:\ud3d0×1,U+D3EC:\ud3ec×1,U+D504:\ud504×1,U+D55C:\ud55c×7,U+D574:\ud574×1,U+D589:\ud589×2,U+D5D8:\ud5d8×2,U+D638:\ud638×4	U+0025:%×4,U+002D:-×14,U+002E:.×12,U+0030:0×3,U+0033:3×4,U+0035:5×1,U+0037:7×1,U+003A::×1,U+0045:E×1,U+0046:F×1,U+004E:N×1,U+004F:O×1,U+0050:P×2,U+0053:S×1,U+0054:T×3,U+005A:Z×6,U+0061:a×1,U+0065:e×5,U+0066:f×1,U+0068:h×2,U+0069:i×3,U+006C:l×9,U+006D:m×2,U+006E:n×6,U+006F:o×4,U+0070:p×4,U+0072:r×3,U+0073:s×5,U+0074:t×5,U+0075:u×4,U+0079:y×2,U+007A:z×2,U+AC00:\uac00×12,U+AC01:\uac01×1,U+AC04:\uac04×23,U+AC74:\uac74×1,U+AC80:\uac80×8,U+AC83:\uac83×2,U+AC8C:\uac8c×5,U+ACA9:\uaca9×1,U+ACBD:\uacbd×2,U+ACC4:\uacc4×1,U+ACE0:\uace0×14,U+AD50:\uad50×1,U+AD6C:\uad6c×1,U+AD8C:\uad8c×5,U+AE30:\uae30×10,U+AE38:\uae38×1,U+B07C:\ub07c×1,U+B0A8:\ub0a8×3,U+B0AE:\ub0ae×1,U+B290:\ub290×2,U+B2A5:\ub2a5×3,U+B2C8:\ub2c8×1,U+B2E8:\ub2e8×1,U+B300:\ub300×7,U+B354:\ub354×1,U+B3C4:\ub3c4×1,U+B418:\ub418×1,U+B41C:\ub41c×1,U+B420:\ub420×1,U+B428:\ub428×4,U+B4F1:\ub4f1×2,U+B77C:\ub77c×3,U+B79C:\ub79c×2,U+B7C9:\ub7c9×1,U+B825:\ub825×1,U+B85C:\ub85c×5,U+B960:\ub960×1,U+B97C:\ub97c×1,U+B9B0:\ub9b0×2,U+B9BD:\ub9bd×2,U+B9C8:\ub9c8×1,U+B9CC:\ub9cc×1,U+BA70:\uba70×1,U+BA74:\uba74×11,U+BA85:\uba85×2,U+BC0F:\ubc0f×1,U+BC1C:\ubc1c×1,U+BC1D:\ubc1d×1,U+BC29:\ubc29×2,U+BC94:\ubc94×1,U+BCC4:\ubcc4×1,U+BCF4:\ubcf4×1,U+BCF8:\ubcf8×2,U+BD80:\ubd80×3,U+BD84:\ubd84×6,U+BD88:\ubd88×2,U+C0AC:\uc0ac×4,U+C0C1:\uc0c1×19,U+C0C9:\uc0c9×3,U+C0DD:\uc0dd×6,U+C11D:\uc11d×1,U+C120:\uc120×1,U+C131:\uc131×3,U+C18C:\uc18c×3,U+C218:\uc218×3,U+C288:\uc288×1,U+C2A8:\uc2a8×1,U+C2DD:\uc2dd×8,U+C2E0:\uc2e0×4,U+C2EC:\uc2ec×1,U+C544:\uc544×1,U+C545:\uc545×1,U+C548:\uc548×2,U+C54A:\uc54a×1,U+C54C:\uc54c×2,U+C560:\uc560×1,U+C57C:\uc57c×6,U+C57D:\uc57d×2,U+C5B4:\uc5b4×7,U+C5C6:\uc5c6×3,U+C5F0:\uc5f0×2,U+C5F4:\uc5f4×1,U+C608:\uc608×1,U+C640:\uc640×3,U+C694:\uc694×5,U+C6A9:\uc6a9×2,U+C6B0:\uc6b0×1,U+C6C0:\uc6c0×1,U+C6CC:\uc6cc×1,U+C70C:\uc70c×1,U+C720:\uc720×9,U+C721:\uc721×1,U+C73C:\uc73c×5,U+C744:\uc744×6,U+C74C:\uc74c×5,U+C758:\uc758×22,U+C774:\uc774×34,U+C77C:\uc77c×2,U+C784:\uc784×1,U+C785:\uc785×1,U+C788:\uc788×5,U+C790:\uc790×14,U+C791:\uc791×1,U+C794:\uc794×1,U+C7A0:\uc7a0×1,U+C7AC:\uc7ac×1,U+C801:\uc801×8,U+C804:\uc804×8,U+C808:\uc808×1,U+C811:\uc811×2,U+C815:\uc815×4,U+C81C:\uc81c×1,U+C84C:\uc84c×1,U+C870:\uc870×3,U+C874:\uc874×1,U+C911:\uc911×2,U+C99D:\uc99d×13,U+C9C0:\uc9c0×4,U+C9C1:\uc9c1×2,U+C9C8:\uc9c8×7,U+CC30:\ucc30×1,U+CC9C:\ucc9c×1,U+CCAD:\uccad×2,U+CD5C:\ucd5c×1,U+CD94:\ucd94×3,U+CDA9:\ucda9×2,U+CE21:\uce21×1,U+CF00:\ucf00×1,U+D0DC:\ud0dc×1,U+D1A0:\ud1a0×3,U+D1B5:\ud1b5×1,U+D2B8:\ud2b8×4,U+D2B9:\ud2b9×1,U+D2F4:\ud2f4×1,U+D30C:\ud30c×5,U+D310:\ud310×1,U+D398:\ud398×3,U+D3C9:\ud3c9×3,U+D45C:\ud45c×2,U+D544:\ud544×3,U+D54D:\ud54d×1,U+D558:\ud558×7,U+D559:\ud559×5,U+D560:\ud560×4,U+D568:\ud568×8,U+D569:\ud569×2,U+D604:\ud604×2,U+D608:\ud608×4,U+D615:\ud615×7,U+D654:\ud654×3,U+D655:\ud655×1,U+D658:\ud658×8,U+D65C:\ud65c×1,U+D68C:\ud68c×1,U+D6C4:\ud6c4×2,U+D788:\ud788×2,U+D798:\ud798×1	-
185	491	347	U+0028:(×3,U+0029:)×5,U+002C:,×21,U+002E:.×1,U+002F:/×5,U+0031:1×4,U+0032:2×1,U+0033:3×2,U+0034:4×3,U+0035:5×2,U+0036:6×2,U+003A::×3,U+0042:B×2,U+0046:F×1,U+004A:J×1,U+0051:Q×1,U+005F:_×4,U+0063:c×1,U+0064:d×3,U+0065:e×3,U+0066:f×3,U+0068:h×2,U+006A:j×2,U+006C:l×1,U+006F:o×1,U+0070:p×4,U+0073:s×3,U+0076:v×2,U+0077:w×3,U+AC04:\uac04×2,U+AC1C:\uac1c×1,U+AC70:\uac70×9,U+AC78:\uac78×1,U+AC83:\uac83×3,U+AC8C:\uac8c×2,U+ACAC:\uacac×2,U+ACBD:\uacbd×4,U+ACE0:\uace0×7,U+AD00:\uad00×2,U+AD11:\uad11×2,U+AD50:\uad50×1,U+ADF8:\uadf8×3,U+AE08:\uae08×1,U+AE09:\uae09×2,U+AE30:\uae30×8,U+B098:\ub098×4,U+B09C:\ub09c×1,U+B0A0:\ub0a0×3,U+B0A8:\ub0a8×1,U+B0B4:\ub0b4×1,U+B124:\ub124×1,U+B17C:\ub17c×1,U+B1CC:\ub1cc×4,U+B2E4:\ub2e4×1,U+B300:\ub300×6,U+B3C4:\ub3c4×4,U+B3D9:\ub3d9×2,U+B418:\ub418×4,U+B41C:\ub41c×1,U+B428:\ub428×3,U+B4F1:\ub4f1×4,U+B530:\ub530×1,U+B54C:\ub54c×1,U+B77C:\ub77c×2,U+B78C:\ub78c×5,U+B798:\ub798×1,U+B825:\ub825×5,U+B838:\ub838×1,U+B85C:\ub85c×4,U+B86D:\ub86d×1,U+B8CC:\ub8cc×4,U+B958:\ub958×1,U+B974:\ub974×1,U+B9BD:\ub9bd×1,U+B9C8:\ub9c8×1,U+B9C9:\ub9c9×2,U+B9D0:\ub9d0×1,U+B9E4:\ub9e4×1,U+BA85:\uba85×3,U+BB38:\ubb38×3,U+BB3C:\ubb3c×2,U+BC1B:\ubc1b×1,U+BC1D:\ubc1d×1,U+BC94:\ubc94×1,U+BCD1:\ubcd1×11,U+BCF4:\ubcf4×2,U+BCF8:\ubcf8×3,U+BD80:\ubd80×2,U+BD88:\ubd88×1,U+C0AC:\uc0ac×1,U+C0B0:\uc0b0×3,U+C0C9:\uc0c9×1,U+C11C:\uc11c×4,U+C131:\uc131×12,U+C218:\uc218×2,U+C220:\uc220×2,U+C288:\uc288×1,U+C2A8:\uc2a8×1,U+C2DC:\uc2dc×2,U+C2E0:\uc2e0×3,U+C2E4:\uc2e4×1,U+C544:\uc544×1,U+C545:\uc545×2,U+C54A:\uc54a×2,U+C54C:\uc54c×1,U+C554:\uc554×12,U+C591:\uc591×1,U+C5C6:\uc5c6×3,U+C5C8:\uc5c8×3,U+C5D0:\uc5d0×6,U+C5EC:\uc5ec×2,U+C5F0:\uc5f0×1,U+C600:\uc600×1,U+C644:\uc644×3,U+C655:\uc655×1,U+C6A9:\uc6a9×4,U+C6B0:\uc6b0×2,U+C6CC:\uc6cc×1,U+C6D0:\uc6d0×10,U+C6D4:\uc6d4×1,U+C720:\uc720×4,U+C744:\uc744×1,U+C758:\uc758×3,U+C774:\uc774×20,U+C778:\uc778×5,U+C784:\uc784×2,U+C788:\uc788×8,U+C7A5:\uc7a5×3,U+C7AC:\uc7ac×5,U+C800:\uc800×1,U+C804:\uc804×6,U+C815:\uc815×2,U+C870:\uc870×3,U+C874:\uc874×1,U+C885:\uc885×4,U+C911:\uc911×5,U+C9C0:\uc9c0×7,U+C9C1:\uc9c1×1,U+C9C4:\uc9c4×3,U+CA54:\uca54×1,U+CC30:\ucc30×1,U+CC45:\ucc45×1,U+CCAB:\uccab×1,U+CCAD:\uccad×1,U+CCD0:\uccd0×1,U+CD9C:\ucd9c×2,U+CE20:\uce20×2,U+CE58:\uce58×3,U+CE68:\uce68×1,U+CE90:\uce90×1,U+CF00:\ucf00×1,U+CF65:\ucf65×2,U+D06C:\ud06c×1,U+D0A8:\ud0a8×1,U+D0C0:\ud0c0×1,U+D130:\ud130×3,U+D1A0:\ud1a0×3,U+D1F4:\ud1f4×1,U+D22C:\ud22c×4,U+D2B8:\ud2b8×2,U+D3A0:\ud3a0×2,U+D3D0:\ud3d0×1,U+D488:\ud488×3,U+D558:\ud558×2,U+D559:\ud559×2,U+D560:\ud560×1,U+D569:\ud569×1,U+D56D:\ud56d×8,U+D575:\ud575×3,U+D615:\ud615×2,U+D639:\ud639×1,U+D654:\ud654×6,U+D65C:\ud65c×5,U+D6C4:\ud6c4×1,U+D751:\ud751×1,U+FF65:\uff65×1	U+0026:&×2,U+002B:+×2,U+002D:-×1,U+0041:A×16,U+0043:C×6,U+0044:D×3,U+0045:E×8,U+0048:H×4,U+004C:L×3,U+004D:M×4,U+004E:N×5,U+004F:O×2,U+0050:P×5,U+0052:R×6,U+0054:T×4,U+0056:V×22,U+0061:a×2,U+0062:b×1,U+0067:g×5,U+0069:i×6,U+006E:n×5,U+0071:q×1,U+0072:r×2,U+0074:t×5,U+0075:u×1,U+0079:y×2,U+AC00:\uac00×3,U+AC01:\uac01×2,U+AC10:\uac10×13,U+AC80:\uac80×2,U+ACB0:\uacb0×2,U+ACC4:\uacc4×1,U+ACF5:\uacf5×2,U+ACFC:\uacfc×4,U+AD6C:\uad6c×3,U+ADF9:\uadf9×1,U+B0B3:\ub0b3×1,U+B192:\ub192×1,U+B294:\ub294×4,U+B2A5:\ub2a5×1,U+B2C8:\ub2c8×3,U+B2DD:\ub2dd×1,U+B2E8:\ub2e8×1,U+B2F4:\ub2f4×1,U+B2F9:\ub2f9×1,U+B354:\ub354×1,U+B450:\ub450×1,U+B7B5:\ub7b5×1,U+B7EC:\ub7ec×2,U+B835:\ub835×1,U+B85D:\ub85d×1,U+B960:\ub960×2,U+B97C:\ub97c×6,U+B9AC:\ub9ac×2,U+B9BC:\ub9bc×3,U+B9CC:\ub9cc×2,U+BA70:\uba70×2,U+BA74:\uba74×8,U+BA87:\uba87×1,U+BB44:\ubb44×1,U+BC00:\ubc00×1,U+BC0F:\ubc0f×1,U+BC14:\ubc14×1,U+BC18:\ubc18×3,U+BC1C:\ubc1c×2,U+BC31:\ubc31×4,U+BCC4:\ubcc4×2,U+BCF5:\ubcf5×2,U+BD04:\ubd04×1,U+BE68:\ube68×1,U+C0C1:\uc0c1×4,U+C0DD:\uc0dd×2,U+C11D:\uc11d×1,U+C120:\uc120×1,U+C18C:\uc18c×1,U+C18D:\uc18d×1,U+C2A4:\uc2a4×3,U+C2DD:\uc2dd×1,U+C2EC:\uc2ec×1,U+C368:\uc368×1,U+C57C:\uc57c×4,U+C57D:\uc57d×1,U+C5B4:\uc5b4×4,U+C5B5:\uc5b5×2,U+C5B8:\uc5b8×1,U+C5ED:\uc5ed×5,U+C5FC:\uc5fc×10,U+C608:\uc608×1,U+C628:\uc628×1,U+C640:\uc640×2,U+C678:\uc678×3,U+C694:\uc694×1,U+C6B1:\uc6b1×1,U+C704:\uc704×4,U+C721:\uc721×1,U+C73C:\uc73c×1,U+C740:\uc740×1,U+C74C:\uc74c×2,U+C77C:\uc77c×4,U+C790:\uc790×1,U+C7A0:\uc7a0×1,U+C801:\uc801×5,U+C808:\uc808×1,U+C811:\uc811×1,U+C81C:\uc81c×1,U+C8FC:\uc8fc×1,U+C99D:\uc99d×2,U+C9C8:\uc9c8×1,U+C9DD:\uc9dd×1,U+CC28:\ucc28×3,U+CD08:\ucd08×1,U+CE5C:\uce5c×1,U+D0A4:\ud0a4×1,U+D0DC:\ud0dc×2,U+D1B5:\ud1b5×1,U+D3B8:\ud3b8×1,U+D504:\ud504×3,U+D55C:\ud55c×2,U+D568:\ud568×9,U+D574:\ud574×8,U+D5D8:\ud5d8×2,U+D604:\ud604×1,U+D608:\ud608×1,U+D658:\ud658×5,U+D68C:\ud68c×1,U+D6A8:\ud6a8×2,U+D754:\ud754×1	-
186	671	40	U+0025:%×13,U+0028:(×9,U+0029:)×9,U+002C:,×1,U+002D:-×17,U+002E:.×13,U+002F:/×5,U+0030:0×15,U+0031:1×14,U+0032:2×9,U+0033:3×1,U+0034:4×3,U+0035:5×3,U+0036:6×1,U+0039:9×7,U+003C:<×2,U+003E:>×2,U+0041:A×2,U+0043:C×4,U+0044:D×1,U+0045:E×1,U+0047:G×1,U+004B:K×1,U+004E:N×4,U+004F:O×3,U+0050:P×1,U+0053:S×4,U+0054:T×4,U+0055:U×3,U+0061:a×2,U+0063:c×1,U+0064:d×1,U+0065:e×2,U+0066:f×2,U+0069:i×2,U+006C:l×2,U+006E:n×1,U+006F:o×4,U+0070:p×1,U+0072:r×1,U+0074:t×1,U+0075:u×3,U+0079:y×1,U+AC00:\uac00×11,U+AC01:\uac01×1,U+AC04:\uac04×1,U+AC15:\uac15×1,U+AC1C:\uac1c×2,U+AC70:\uac70×1,U+AC74:\uac74×1,U+AC8C:\uac8c×2,U+ACBD:\uacbd×2,U+ACC4:\uacc4×1,U+ACE0:\uace0×13,U+AD00:\uad00×2,U+AD50:\uad50×1,U+AD6C:\uad6c×2,U+AD6D:\uad6d×1,U+AD8C:\uad8c×1,U+AE08:\uae08×5,U+AE09:\uae09×11,U+AE30:\uae30×11,U+AE34:\uae34×1,U+B0A0:\ub0a0×1,U+B0AE:\ub0ae×1,U+B124:\ub124×1,U+B144:\ub144×1,U+B192:\ub192×1,U+B1CC:\ub1cc×1,U+B294:\ub294×5,U+B2A5:\ub2a5×7,U+B2D8:\ub2d8×1,U+B2E4:\ub2e4×5,U+B2F9:\ub2f9×1,U+B300:\ub300×12,U+B354:\ub354×1,U+B3C4:\ub3c4×3,U+B3D9:\ub3d9×3,U+B418:\ub418×3,U+B420:\ub420×1,U+B450:\ub450×2,U+B4E0:\ub4e0×2,U+B4E4:\ub4e4×2,U+B4F1:\ub4f1×12,U+B530:\ub530×1,U+B54C:\ub54c×1,U+B610:\ub610×1,U+B77C:\ub77c×3,U+B825:\ub825×1,U+B85C:\ub85c×4,U+B8CC:\ub8cc×4,U+B974:\ub974×1,U+B978:\ub978×1,U+B9C8:\ub9c8×1,U+B9CC:\ub9cc×3,U+BA70:\uba70×1,U+BA74:\uba74×4,U+BA85:\uba85×2,U+BAA8:\ubaa8×3,U+BAA9:\ubaa9×1,U+BBC0:\ubbc0×1,U+BBF8:\ubbf8×1,U+BC0F:\ubc0f×1,U+BC1D:\ubc1d×1,U+BC95:\ubc95×1,U+BCC4:\ubcc4×5,U+BCD1:\ubcd1×1,U+BCF8:\ubcf8×2,U+BD04:\ubd04×1,U+BD80:\ubd80×1,U+BD84:\ubd84×1,U+BD88:\ubd88×2,U+C0C1:\uc0c1×11,U+C0DD:\uc0dd×1,U+C11C:\uc11c×1,U+C11D:\uc11d×1,U+C124:\uc124×1,U+C131:\uc131×10,U+C18C:\uc18c×3,U+C218:\uc218×7,U+C288:\uc288×1,U+C2B9:\uc2b9×2,U+C2DD:\uc2dd×8,U+C2E0:\uc2e0×3,U+C2EC:\uc2ec×1,U+C544:\uc544×1,U+C545:\uc545×5,U+C548:\uc548×2,U+C554:\uc554×1,U+C57C:\uc57c×1,U+C591:\uc591×9,U+C5B4:\uc5b4×1,U+C5B5:\uc5b5×1,U+C5C6:\uc5c6×1,U+C5C8:\uc5c8×1,U+C5D0:\uc5d0×5,U+C5EC:\uc5ec×1,U+C5ED:\uc5ed×1,U+C608:\uc608×2,U+C640:\uc640×2,U+C644:\uc644×2,U+C678:\uc678×2,U+C694:\uc694×2,U+C6A9:\uc6a9×5,U+C6B0:\uc6b0×2,U+C6CC:\uc6cc×1,U+C6D0:\uc6d0×1,U+C704:\uc704×25,U+C740:\uc740×2,U+C744:\uc744×4,U+C74C:\uc74c×3,U+C758:\uc758×7,U+C774:\uc774×25,U+C775:\uc775×3,U+C778:\uc778×6,U+C77C:\uc77c×2,U+C784:\uc784×2,U+C788:\uc788×2,U+C790:\uc790×8,U+C791:\uc791×1,U+C798:\uc798×1,U+C7A5:\uc7a5×1,U+C800:\uc800×3,U+C801:\uc801×3,U+C804:\uc804×2,U+C808:\uc808×3,U+C815:\uc815×2,U+C81C:\uc81c×2,U+C874:\uc874×1,U+C885:\uc885×9,U+C900:\uc900×2,U+C911:\uc911×7,U+C99D:\uc99d×3,U+C9C0:\uc9c0×4,U+CC45:\ucc45×1,U+CCD0:\uccd0×1,U+CD5C:\ucd5c×3,U+CD94:\ucd94×1,U+CE58:\uce58×4,U+CE68:\uce68×1,U+CF00:\ucf00×1,U+D0DC:\ud0dc×2,U+D130:\ud130×1,U+D1A0:\ud1a0×2,U+D2B8:\ud2b8×1,U+D310:\ud310×1,U+D3C9:\ud3c9×3,U+D45C:\ud45c×2,U+D558:\ud558×5,U+D559:\ud559×1,U+D55C:\ud55c×8,U+D560:\ud560×1,U+D568:\ud568×2,U+D569:\ud569×1,U+D574:\ud574×2,U+D589:\ud589×1,U+D5D8:\ud5d8×24,U+D654:\ud654×1,U+D658:\ud658×2,U+D65C:\ud65c×1,U+D68C:\ud68c×1,U+D788:\ud788×1	U+0037:7×1,U+0048:H×4,U+0056:V×4,U+AC10:\uac10×2,U+AC80:\uac80×1,U+ACAC:\uacac×1,U+ADF8:\uadf8×1,U+B098:\ub098×1,U+B1E8:\ub1e8×1,U+B2DD:\ub2dd×1,U+B3C5:\ub3c5×4,U+B41C:\ub41c×2,U+B824:\ub824×1,U+B9BC:\ub9bc×1,U+B9E4:\ub9e4×3,U+BC14:\ubc14×1,U+BCF4:\ubcf4×1,U+BCF5:\ubcf5×2,U+C0AC:\uc0ac×1,U+C0C8:\uc0c8×2,U+C21C:\uc21c×1,U+C2A4:\uc2a4×1,U+C5FC:\uc5fc×1,U+C7A0:\uc7a0×2	-
187	739	19	U+0025:%×1,U+0028:(×2,U+0029:)×2,U+002C:,×10,U+002D:-×11,U+002E:.×11,U+002F:/×2,U+0030:0×3,U+0031:1×6,U+0032:2×2,U+0035:5×5,U+003A::×10,U+0047:G×1,U+0049:I×1,U+004E:N×1,U+0050:P×1,U+0053:S×1,U+0054:T×3,U+0063:c×1,U+006D:m×1,U+0070:p×2,U+AC00:\uac00×9,U+AC01:\uac01×2,U+AC04:\uac04×5,U+AC16:\uac16×1,U+AC70:\uac70×2,U+AC74:\uac74×1,U+AC83:\uac83×2,U+AC8C:\uac8c×2,U+ACA9:\uaca9×2,U+ACBD:\uacbd×1,U+ACE0:\uace0×10,U+ACFC:\uacfc×4,U+AD00:\uad00×5,U+AD11:\uad11×2,U+AD81:\uad81×1,U+ADDC:\uaddc×1,U+ADF8:\uadf8×2,U+ADFC:\uadfc×2,U+AE09:\uae09×12,U+AE30:\uae30×11,U+B05D:\ub05d×1,U+B098:\ub098×5,U+B09C:\ub09c×1,U+B0AE:\ub0ae×1,U+B0B4:\ub0b4×8,U+B144:\ub144×4,U+B192:\ub192×7,U+B294:\ub294×14,U+B2A5:\ub2a5×3,U+B2A6:\ub2a6×1,U+B2C8:\ub2c8×1,U+B2E4:\ub2e4×6,U+B2E8:\ub2e8×2,U+B300:\ub300×5,U+B354:\ub354×1,U+B3C4:\ub3c4×2,U+B418:\ub418×2,U+B420:\ub420×1,U+B428:\ub428×2,U+B450:\ub450×3,U+B4F1:\ub4f1×14,U+B530:\ub530×1,U+B54C:\ub54c×2,U+B610:\ub610×2,U+B77C:\ub77c×3,U+B798:\ub798×1,U+B824:\ub824×2,U+B85C:\ub85c×6,U+B85D:\ub85d×1,U+B8CC:\ub8cc×6,U+B958:\ub958×2,U+B960:\ub960×1,U+B974:\ub974×2,U+B978:\ub978×1,U+B97C:\ub97c×2,U+B9AC:\ub9ac×2,U+B9BC:\ub9bc×1,U+B9C8:\ub9c8×1,U+B9C9:\ub9c9×2,U+B9CC:\ub9cc×2,U+B9DD:\ub9dd×1,U+BA70:\uba70×3,U+BA74:\uba74×4,U+BAA8:\ubaa8×2,U+BAAC:\ubaac×1,U+BB38:\ubb38×2,U+BBF8:\ubbf8×2,U+BC1B:\ubc1b×5,U+BC1C:\ubc1c×5,U+BC29:\ubc29×7,U+BC94:\ubc94×3,U+BCD1:\ubcd1×1,U+BCF4:\ubcf4×4,U+BD80:\ubd80×5,U+BD84:\ubd84×2,U+BE44:\ube44×2,U+C0AC:\uc0ac×3,U+C0C1:\uc0c1×14,U+C0C9:\uc0c9×5,U+C0DD:\uc0dd×2,U+C11C:\uc11c×3,U+C131:\uc131×4,U+C18C:\uc18c×4,U+C18D:\uc18d×1,U+C218:\uc218×7,U+C220:\uc220×1,U+C22B:\uc22b×1,U+C2DD:\uc2dd×1,U+C2E0:\uc2e0×1,U+C2ED:\uc2ed×1,U+C544:\uc544×2,U+C545:\uc545×2,U+C54A:\uc54a×2,U+C554:\uc554×17,U+C57C:\uc57c×5,U+C57D:\uc57d×1,U+C591:\uc591×2,U+C5B4:\uc5b4×5,U+C5C4:\uc5c4×1,U+C5C6:\uc5c6×6,U+C5D0:\uc5d0×8,U+C5EC:\uc5ec×2,U+C5F4:\uc5f4×2,U+C640:\uc640×5,U+C644:\uc644×3,U+C6A9:\uc6a9×1,U+C6B8:\uc6b8×1,U+C6D0:\uc6d0×2,U+C704:\uc704×16,U+C720:\uc720×9,U+C721:\uc721×2,U+C735:\uc735×1,U+C73C:\uc73c×6,U+C740:\uc740×18,U+C744:\uc744×10,U+C74C:\uc74c×3,U+C758:\uc758×12,U+C774:\uc774×22,U+C778:\uc778×2,U+C784:\uc784×2,U+C788:\uc788×8,U+C790:\uc790×6,U+C7A5:\uc7a5×8,U+C7AC:\uc7ac×4,U+C800:\uc800×5,U+C801:\uc801×2,U+C804:\uc804×19,U+C808:\uc808×3,U+C810:\uc810×1,U+C815:\uc815×1,U+C870:\uc870×1,U+C874:\uc874×3,U+C885:\uc885×17,U+C8FC:\uc8fc×4,U+C911:\uc911×3,U+C988:\uc988×1,U+C99D:\uc99d×6,U+C9C0:\uc9c0×3,U+C9C4:\uc9c4×1,U+CC30:\ucc30×3,U+CCB4:\uccb4×2,U+CD08:\ucd08×2,U+CD5C:\ucd5c×3,U+CD94:\ucd94×3,U+CDCC:\ucdcc×2,U+CE35:\uce35×1,U+CE58:\uce58×8,U+CE68:\uce68×3,U+D070:\ud070×1,U+D07C:\ud07c×1,U+D2B9:\ud2b9×1,U+D30C:\ud30c×10,U+D310:\ud310×1,U+D3D0:\ud3d0×3,U+D504:\ud504×1,U+D53C:\ud53c×11,U+D558:\ud558×5,U+D55C:\ud55c×7,U+D560:\ud560×1,U+D568:\ud568×5,U+D574:\ud574×1,U+D588:\ud588×1,U+D5D8:\ud5d8×14,U+D638:\ud638×1,U+D6C4:\ud6c4×1,U+D751:\ud751×5,U+D788:\ud788×1	U+AC10:\uac10×1,U+ACF5:\uacf5×1,U+AE08:\uae08×1,U+B3D9:\ub3d9×1,U+BC30:\ubc30×1,U+C5C8:\uc5c8×1,U+C608:\uc608×1,U+C678:\uc678×1,U+C9C8:\uc9c8×3,U+CDA9:\ucda9×3,U+D5C8:\ud5c8×1,U+D658:\ud658×3,U+D65C:\ud65c×1	-
188	645	98	U+0027:'×2,U+0028:(×5,U+0029:)×5,U+002B:+×2,U+002C:,×6,U+002D:-×8,U+002E:.×12,U+002F:/×11,U+0030:0×1,U+0031:1×2,U+0032:2×1,U+0033:3×3,U+0034:4×2,U+0035:5×3,U+0037:7×2,U+003A::×5,U+003C:<×2,U+003E:>×3,U+0043:C×9,U+0049:I×32,U+0050:P×1,U+0052:R×5,U+0054:T×1,U+0063:c×4,U+006D:m×4,U+AC00:\uac00×4,U+AC04:\uac04×7,U+AC10:\uac10×3,U+AC11:\uac11×2,U+AC19:\uac19×1,U+AC1C:\uac1c×1,U+AC74:\uac74×1,U+AC83:\uac83×1,U+ACBD:\uacbd×1,U+ACE0:\uace0×7,U+ACFC:\uacfc×2,U+AD00:\uad00×5,U+ADDC:\uaddc×1,U+AE00:\uae00×5,U+AE09:\uae09×13,U+AE30:\uae30×11,U+AE38:\uae38×5,U+B098:\ub098×3,U+B09C:\ub09c×2,U+B0B4:\ub0b4×2,U+B144:\ub144×3,U+B192:\ub192×1,U+B274:\ub274×5,U+B294:\ub294×3,U+B2A5:\ub2a5×5,U+B2E4:\ub2e4×5,U+B2E8:\ub2e8×3,U+B2EC:\ub2ec×1,U+B2F4:\ub2f4×1,U+B3C4:\ub3c4×2,U+B3D9:\ub3d9×2,U+B418:\ub418×5,U+B41C:\ub41c×2,U+B420:\ub420×3,U+B428:\ub428×2,U+B450:\ub450×1,U+B4F1:\ub4f1×14,U+B530:\ub530×1,U+B610:\ub610×1,U+B77C:\ub77c×1,U+B798:\ub798×1,U+B808:\ub808×5,U+B824:\ub824×1,U+B85C:\ub85c×13,U+B8CC:\ub8cc×7,U+B958:\ub958×4,U+B974:\ub974×1,U+B978:\ub978×1,U+B97C:\ub97c×1,U+B9BD:\ub9bd×4,U+B9CC:\ub9cc×4,U+BA54:\uba54×1,U+BA74:\uba74×5,U+BA85:\uba85×1,U+BAA8:\ubaa8×1,U+BBF8:\ubbf8×1,U+BC00:\ubc00×1,U+BC0F:\ubc0f×1,U+BC1B:\ubc1b×1,U+BC1C:\ubc1c×4,U+BCD1:\ubcd1×2,U+BCF4:\ubcf4×2,U+BD84:\ubd84×9,U+BD88:\ubd88×2,U+BE44:\ube44×3,U+C0C1:\uc0c1×3,U+C0DD:\uc0dd×3,U+C120:\uc120×5,U+C131:\uc131×3,U+C138:\uc138×4,U+C18C:\uc18c×10,U+C218:\uc218×6,U+C2A8:\uc2a8×5,U+C2DC:\uc2dc×1,U+C2E0:\uc2e0×3,U+C554:\uc554×21,U+C558:\uc558×1,U+C5B4:\uc5b4×1,U+C5C6:\uc5c6×4,U+C5EC:\uc5ec×1,U+C5F0:\uc5f0×1,U+C62C:\uc62c×5,U+C640:\uc640×7,U+C644:\uc644×2,U+C6A9:\uc6a9×3,U+C704:\uc704×24,U+C721:\uc721×2,U+C73C:\uc73c×7,U+C740:\uc740×14,U+C744:\uc744×3,U+C74C:\uc74c×9,U+C758:\uc758×2,U+C774:\uc774×14,U+C775:\uc775×1,U+C784:\uc784×2,U+C788:\uc788×3,U+C7AC:\uc7ac×5,U+C800:\uc800×2,U+C801:\uc801×3,U+C804:\uc804×5,U+C811:\uc811×1,U+C870:\uc870×1,U+C874:\uc874×3,U+C885:\uc885×6,U+C8FC:\uc8fc×7,U+C911:\uc911×1,U+C9C4:\uc9c4×4,U+CC30:\ucc30×3,U+CD08:\ucd08×4,U+CD5C:\ucd5c×4,U+CD94:\ucd94×3,U+CDCC:\ucdcc×1,U+CE58:\uce58×9,U+CF08:\ucf08×1,U+D06C:\ud06c×3,U+D30C:\ud30c×2,U+D3B8:\ud3b8×1,U+D3C9:\ud3c9×3,U+D3EC:\ud3ec×5,U+D53C:\ud53c×1,U+D558:\ud558×1,U+D55C:\ud55c×14,U+D568:\ud568×2,U+D588:\ud588×1,U+D5D8:\ud5d8×21,U+D611:\ud611×1,U+D654:\ud654×1,U+D6C4:\ud6c4×11	U+0038:8×1,U+0048:H×1,U+004E:N×2,U+0056:V×1,U+0057:W×2,U+005A:Z×2,U+0061:a×2,U+0069:i×2,U+006B:k×2,U+AC70:\uac70×1,U+AC80:\uac80×1,U+AC8C:\uac8c×1,U+ACC4:\uacc4×1,U+ADF8:\uadf8×1,U+ADF9:\uadf9×1,U+AE08:\uae08×1,U+AE4C:\uae4c×1,U+B1CC:\ub1cc×1,U+B2DD:\ub2dd×2,U+B300:\ub300×2,U+B7EC:\ub7ec×1,U+B825:\ub825×3,U+B960:\ub960×1,U+B9BC:\ub9bc×1,U+B9C8:\ub9c8×1,U+B9D0:\ub9d0×3,U+B9E4:\ub9e4×1,U+BA70:\uba70×1,U+BB38:\ubb38×2,U+BC14:\ubc14×1,U+BD80:\ubd80×1,U+C0AC:\uc0ac×2,U+C11C:\uc11c×2,U+C21C:\uc21c×1,U+C2A4:\uc2a4×3,U+C544:\uc544×2,U+C548:\uc548×1,U+C54A:\uc54a×1,U+C54C:\uc54c×1,U+C57C:\uc57c×2,U+C57D:\uc57d×1,U+C5D0:\uc5d0×1,U+C5ED:\uc5ed×1,U+C5F4:\uc5f4×1,U+C5FC:\uc5fc×3,U+C6B0:\uc6b0×2,U+C6D0:\uc6d0×3,U+C778:\uc778×1,U+C77C:\uc77c×1,U+C790:\uc790×3,U+C791:\uc791×1,U+C808:\uc808×1,U+C81C:\uc81c×2,U+C99D:\uc99d×3,U+C9C0:\uc9c0×2,U+CCAB:\uccab×1,U+CCB4:\uccb4×1,U+CD9C:\ucd9c×1,U+D130:\ud130×1,U+D1A1:\ud1a1×1,U+D50C:\ud50c×1,U+D56D:\ud56d×2,U+D608:\ud608×1,U+D655:\ud655×1,U+D658:\ud658×3	-
189	438	229	U+0029:)×1,U+002D:-×9,U+002E:.×8,U+002F:/×8,U+0030:0×3,U+0031:1×2,U+0032:2×4,U+0034:4×4,U+0035:5×4,U+003C:<×1,U+0049:I×8,U+004F:O×3,U+0057:W×3,U+0063:c×11,U+0064:d×3,U+0065:e×9,U+0066:f×3,U+0068:h×1,U+0069:i×3,U+006C:l×1,U+006D:m×7,U+006E:n×9,U+006F:o×7,U+0070:p×2,U+0072:r×6,U+0073:s×5,U+0074:t×7,U+0075:u×1,U+0076:v×1,U+0077:w×3,U+25CB:\u25cb×4,U+AC00:\uac00×3,U+AC11:\uac11×1,U+AC1C:\uac1c×1,U+AC70:\uac70×2,U+AC83:\uac83×1,U+ACA9:\uaca9×1,U+ACE0:\uace0×2,U+ACF5:\uacf5×2,U+ACFC:\uacfc×2,U+AD00:\uad00×1,U+AD81:\uad81×3,U+AE08:\uae08×1,U+B098:\ub098×1,U+B09C:\ub09c×2,U+B0B4:\ub0b4×3,U+B144:\ub144×2,U+B294:\ub294×4,U+B2A5:\ub2a5×2,U+B2E8:\ub2e8×1,U+B354:\ub354×1,U+B370:\ub370×1,U+B3C4:\ub3c4×2,U+B3D9:\ub3d9×4,U+B428:\ub428×6,U+B450:\ub450×1,U+B4DD:\ub4dd×1,U+B4E4:\ub4e4×1,U+B4F1:\ub4f1×7,U+B5A0:\ub5a0×1,U+B828:\ub828×2,U+B85C:\ub85c×2,U+B958:\ub958×2,U+B97C:\ub97c×4,U+B9BD:\ub9bd×1,U+B9CC:\ub9cc×1,U+B9D0:\ub9d0×1,U+BA74:\uba74×2,U+BA85:\uba85×2,U+BB3C:\ubb3c×1,U+BC18:\ubc18×1,U+BC1B:\ubc1b×2,U+BC1C:\ubc1c×1,U+BC31:\ubc31×1,U+BC94:\ubc94×1,U+BCC4:\ubcc4×1,U+BCD1:\ubcd1×3,U+BCF4:\ubcf4×2,U+BCFC:\ubcfc×1,U+BD80:\ubd80×1,U+BD84:\ubd84×4,U+BD88:\ubd88×3,U+BE44:\ube44×1,U+C0C1:\uc0c1×7,U+C0DD:\uc0dd×2,U+C120:\uc120×2,U+C124:\uc124×2,U+C138:\uc138×1,U+C158:\uc158×1,U+C18C:\uc18c×4,U+C18D:\uc18d×1,U+C218:\uc218×6,U+C219:\uc219×1,U+C220:\uc220×1,U+C2DC:\uc2dc×1,U+C2E0:\uc2e0×1,U+C554:\uc554×7,U+C57C:\uc57c×1,U+C57D:\uc57d×1,U+C591:\uc591×1,U+C5B4:\uc5b4×4,U+C5C4:\uc5c4×1,U+C5C6:\uc5c6×4,U+C5C8:\uc5c8×2,U+C644:\uc644×1,U+C694:\uc694×1,U+C6A9:\uc6a9×5,U+C6B1:\uc6b1×1,U+C6C0:\uc6c0×1,U+C6D0:\uc6d0×1,U+C704:\uc704×14,U+C720:\uc720×1,U+C73C:\uc73c×6,U+C744:\uc744×2,U+C758:\uc758×8,U+C774:\uc774×2,U+C775:\uc775×1,U+C784:\uc784×3,U+C788:\uc788×1,U+C790:\uc790×5,U+C7AC:\uc7ac×1,U+C800:\uc800×4,U+C815:\uc815×6,U+C81C:\uc81c×1,U+C874:\uc874×2,U+C885:\uc885×3,U+C8FC:\uc8fc×6,U+C911:\uc911×5,U+C9C8:\uc9c8×3,U+C9D0:\uc9d0×1,U+CC30:\ucc30×1,U+CC45:\ucc45×1,U+CCD0:\uccd0×1,U+CCE4:\ucce4×1,U+CD5C:\ucd5c×4,U+CDA9:\ucda9×2,U+CDE8:\ucde8×1,U+CE68:\uce68×1,U+D30C:\ud30c×1,U+D3C9:\ud3c9×3,U+D3EC:\ud3ec×2,U+D53C:\ud53c×1,U+D559:\ud559×1,U+D55C:\ud55c×6,U+D560:\ud560×2,U+D568:\ud568×4,U+D5D8:\ud5d8×15,U+D608:\ud608×1,U+D615:\ud615×1,U+D654:\ud654×1,U+D658:\ud658×5,U+D68C:\ud68c×1,U+D6C4:\ud6c4×4,U+D788:\ud788×1	U+0028:(×1,U+0036:6×3,U+0038:8×2,U+0039:9×3,U+003A::×2,U+0041:A×1,U+0042:B×6,U+0043:C×4,U+0044:D×3,U+004A:J×3,U+0053:S×1,U+0054:T×1,U+AC04:\uac04×3,U+AC10:\uac10×3,U+AC19:\uac19×1,U+AC78:\uac78×1,U+AC80:\uac80×2,U+ACBD:\uacbd×5,U+AD6D:\uad6d×3,U+AE30:\uae30×1,U+B124:\ub124×1,U+B192:\ub192×1,U+B1CC:\ub1cc×1,U+B2C8:\ub2c8×1,U+B2DD:\ub2dd×4,U+B2E4:\ub2e4×9,U+B2EC:\ub2ec×1,U+B2F9:\ub2f9×1,U+B300:\ub300×1,U+B418:\ub418×2,U+B41C:\ub41c×1,U+B4E0:\ub4e0×3,U+B514:\ub514×1,U+B54C:\ub54c×2,U+B610:\ub610×2,U+B78C:\ub78c×2,U+B7EC:\ub7ec×1,U+B824:\ub824×1,U+B8CC:\ub8cc×2,U+B8E8:\ub8e8×2,U+B974:\ub974×4,U+B978:\ub978×2,U+B9AC:\ub9ac×5,U+B9CE:\ub9ce×1,U+BAA8:\ubaa8×2,U+BAA9:\ubaa9×2,U+BAAC:\ubaac×4,U+BB38:\ubb38×1,U+BBC0:\ubbc0×1,U+BBF8:\ubbf8×2,U+BC0F:\ubc0f×2,U+BC14:\ubc14×1,U+BC88:\ubc88×1,U+BC95:\ubc95×1,U+BCC0:\ubcc0×1,U+BD04:\ubd04×1,U+BFD0:\ubfd0×1,U+C0AC:\uc0ac×2,U+C11C:\uc11c×13,U+C21C:\uc21c×3,U+C2A4:\uc2a4×5,U+C2DD:\uc2dd×1,U+C4F0:\uc4f0×1,U+C544:\uc544×2,U+C54A:\uc54a×1,U+C5B8:\uc5b8×1,U+C5BB:\uc5bb×1,U+C5D0:\uc5d0×7,U+C5EC:\uc5ec×1,U+C5FC:\uc5fc×5,U+C608:\uc608×1,U+C628:\uc628×1,U+C678:\uc678×3,U+C6B0:\uc6b0×5,U+C74C:\uc74c×1,U+C778:\uc778×3,U+C7A5:\uc7a5×3,U+C804:\uc804×2,U+C870:\uc870×1,U+C99D:\uc99d×2,U+C9C0:\uc9c0×1,U+C9C1:\uc9c1×1,U+C9C4:\uc9c4×2,U+CC38:\ucc38×1,U+CCB4:\uccb4×2,U+CD94:\ucd94×1,U+CE20:\uce20×1,U+CE58:\uce58×2,U+CE90:\uce90×2,U+CF54:\ucf54×1,U+CF65:\ucf65×1,U+D06C:\ud06c×5,U+D0C0:\ud0c0×1,U+D1A0:\ud1a0×1,U+D22C:\ud22c×1,U+D380:\ud380×1,U+D3A0:\ud3a0×1,U+D3D0:\ud3d0×1,U+D45C:\ud45c×1,U+D544:\ud544×1,U+D558:\ud558×4,U+D56D:\ud56d×2,U+D574:\ud574×1,U+D589:\ud589×2,U+D604:\ud604×1,U+D638:\ud638×4,U+D655:\ud655×2	-
190	525	777	U+0026:&×1,U+0029:)×6,U+0030:0×3,U+0032:2×14,U+0034:4×14,U+0036:6×1,U+0037:7×3,U+0038:8×2,U+0039:9×2,U+0041:A×3,U+0043:C×4,U+0044:D×2,U+0045:E×2,U+004A:J×1,U+004C:L×4,U+004D:M×5,U+004F:O×1,U+0052:R×1,U+0053:S×2,U+0057:W×2,U+0061:a×29,U+0062:b×2,U+0063:c×7,U+0064:d×13,U+0065:e×40,U+0066:f×8,U+0067:g×6,U+0068:h×1,U+0069:i×39,U+006B:k×3,U+006C:l×9,U+006D:m×8,U+006E:n×49,U+006F:o×31,U+0070:p×4,U+0072:r×33,U+0073:s×6,U+0074:t×22,U+0075:u×4,U+0076:v×11,U+0079:y×2,U+25CB:\u25cb×5,U+AC00:\uac00×1,U+AC01:\uac01×2,U+AC16:\uac16×1,U+AC80:\uac80×2,U+ACB0:\uacb0×6,U+ACC4:\uacc4×1,U+ACFC:\uacfc×3,U+AD6C:\uad6c×1,U+ADE0:\uade0×1,U+AE38:\uae38×1,U+B2A5:\ub2a5×2,U+B2E8:\ub2e8×2,U+B2EC:\ub2ec×1,U+B3D9:\ub3d9×5,U+B41C:\ub41c×1,U+B450:\ub450×1,U+B4E4:\ub4e4×1,U+B828:\ub828×1,U+B85D:\ub85d×1,U+B860:\ub860×1,U+B8E8:\ub8e8×5,U+B97C:\ub97c×4,U+B9AC:\ub9ac×1,U+BC0F:\ubc0f×1,U+BC18:\ubc18×1,U+BC88:\ubc88×3,U+C124:\uc124×2,U+C18C:\uc18c×1,U+C220:\uc220×1,U+C2DC:\uc2dc×3,U+C57C:\uc57c×3,U+C5B4:\uc5b4×2,U+C5EC:\uc5ec×1,U+C704:\uc704×2,U+C728:\uc728×1,U+C758:\uc758×7,U+C791:\uc791×1,U+C801:\uc801×2,U+C810:\uc810×1,U+C815:\uc815×8,U+C8FC:\uc8fc×2,U+C9D0:\uc9d0×4,U+C9F8:\uc9f8×3,U+CCAB:\uccab×1,U+CD1D:\ucd1d×1,U+CD98:\ucd98×1,U+CD9C:\ucd9c×1,U+D0DC:\ud0dc×1,U+D1B5:\ud1b5×2,U+D310:\ud310×1,U+D398:\ud398×1,U+D3C9:\ud3c9×5,U+D55C:\ud55c×4,U+D568:\ud568×3,U+D569:\ud569×1,U+D574:\ud574×1,U+D588:\ud588×1,U+D5D8:\ud5d8×1,U+D76C:\ud76c×1	U+0028:(×2,U+002C:,×17,U+002D:-×7,U+002E:.×13,U+002F:/×4,U+0031:1×1,U+0033:3×3,U+003A::×1,U+0042:B×18,U+0048:H×20,U+0049:I×2,U+0051:Q×1,U+0056:V×7,U+005F:_×4,U+006A:j×2,U+0077:w×1,U+AC04:\uac04×8,U+AC10:\uac10×3,U+AC1C:\uac1c×1,U+AC70:\uac70×9,U+AC78:\uac78×1,U+AC83:\uac83×5,U+AC8C:\uac8c×8,U+ACAC:\uacac×2,U+ACBD:\uacbd×7,U+ACE0:\uace0×11,U+ACF5:\uacf5×1,U+AD00:\uad00×2,U+AD11:\uad11×2,U+AD50:\uad50×2,U+ADF8:\uadf8×2,U+AE08:\uae08×4,U+AE09:\uae09×3,U+AE30:\uae30×6,U+B098:\ub098×13,U+B09C:\ub09c×1,U+B0A0:\ub0a0×3,U+B0A8:\ub0a8×1,U+B0B4:\ub0b4×1,U+B124:\ub124×1,U+B144:\ub144×1,U+B17C:\ub17c×1,U+B192:\ub192×1,U+B1CC:\ub1cc×4,U+B294:\ub294×12,U+B2E4:\ub2e4×4,U+B300:\ub300×10,U+B3C4:\ub3c4×6,U+B418:\ub418×10,U+B428:\ub428×3,U+B4DC:\ub4dc×1,U+B4F1:\ub4f1×3,U+B54C:\ub54c×1,U+B610:\ub610×3,U+B77C:\ub77c×3,U+B78C:\ub78c×5,U+B798:\ub798×1,U+B7EC:\ub7ec×1,U+B824:\ub824×2,U+B825:\ub825×1,U+B838:\ub838×1,U+B85C:\ub85c×11,U+B86D:\ub86d×1,U+B8CC:\ub8cc×7,U+B958:\ub958×1,U+B974:\ub974×1,U+B9BC:\ub9bc×1,U+B9BD:\ub9bd×1,U+B9C9:\ub9c9×2,U+B9CC:\ub9cc×2,U+B9D0:\ub9d0×1,U+B9DE:\ub9de×1,U+B9E4:\ub9e4×1,U+BA70:\uba70×1,U+BA74:\uba74×2,U+BA85:\uba85×1,U+BAA8:\ubaa8×1,U+BB38:\ubb38×2,U+BB3C:\ubb3c×2,U+BC14:\ubc14×2,U+BC1C:\ubc1c×2,U+BC1D:\ubc1d×1,U+BC30:\ubc30×1,U+BC94:\ubc94×1,U+BC95:\ubc95×1,U+BCD1:\ubcd1×11,U+BCF4:\ubcf4×1,U+BCF8:\ubcf8×1,U+BD80:\ubd80×5,U+BD84:\ubd84×1,U+BD88:\ubd88×2,U+C0AC:\uc0ac×2,U+C0B0:\uc0b0×3,U+C0C1:\uc0c1×5,U+C0C9:\uc0c9×1,U+C11C:\uc11c×5,U+C120:\uc120×2,U+C131:\uc131×31,U+C138:\uc138×1,U+C218:\uc218×5,U+C288:\uc288×1,U+C2A4:\uc2a4×1,U+C2A8:\uc2a8×1,U+C2DD:\uc2dd×15,U+C2E0:\uc2e0×6,U+C2EC:\uc2ec×1,U+C544:\uc544×4,U+C545:\uc545×2,U+C548:\uc548×1,U+C54A:\uc54a×2,U+C54C:\uc54c×1,U+C554:\uc554×12,U+C591:\uc591×10,U+C5C6:\uc5c6×3,U+C5C8:\uc5c8×3,U+C5D0:\uc5d0×1,U+C5FC:\uc5fc×7,U+C600:\uc600×1,U+C608:\uc608×3,U+C628:\uc628×1,U+C640:\uc640×3,U+C644:\uc644×3,U+C655:\uc655×1,U+C678:\uc678×1,U+C694:\uc694×1,U+C6A9:\uc6a9×4,U+C6B0:\uc6b0×4,U+C6CC:\uc6cc×1,U+C6D0:\uc6d0×11,U+C6D4:\uc6d4×1,U+C720:\uc720×6,U+C73C:\uc73c×6,U+C740:\uc740×11,U+C744:\uc744×6,U+C74C:\uc74c×7,U+C751:\uc751×1,U+C774:\uc774×45,U+C778:\uc778×9,U+C77C:\uc77c×4,U+C784:\uc784×1,U+C788:\uc788×11,U+C790:\uc790×9,U+C7A5:\uc7a5×3,U+C7AC:\uc7ac×6,U+C800:\uc800×1,U+C804:\uc804×5,U+C808:\uc808×1,U+C81C:\uc81c×7,U+C870:\uc870×3,U+C885:\uc885×5,U+C900:\uc900×1,U+C911:\uc911×6,U+C9C0:\uc9c0×5,U+C9C1:\uc9c1×1,U+C9C4:\uc9c4×4,U+C9C8:\uc9c8×2,U+CA54:\uca54×1,U+CC30:\ucc30×2,U+CCAD:\uccad×1,U+CCB4:\uccb4×5,U+CCD0:\uccd0×1,U+CD94:\ucd94×2,U+CE20:\uce20×2,U+CE58:\uce58×5,U+CE68:\uce68×1,U+CE90:\uce90×1,U+CF00:\ucf00×1,U+CF65:\ucf65×2,U+D06C:\ud06c×3,U+D0A8:\ud0a8×1,U+D0C0:\ud0c0×1,U+D130:\ud130×5,U+D1A0:\ud1a0×3,U+D1F4:\ud1f4×1,U+D22C:\ud22c×4,U+D2B8:\ud2b8×2,U+D30C:\ud30c×4,U+D3A0:\ud3a0×2,U+D3D0:\ud3d0×1,U+D488:\ud488×3,U+D504:\ud504×1,U+D558:\ud558×2,U+D559:\ud559×2,U+D560:\ud560×1,U+D56D:\ud56d×15,U+D575:\ud575×3,U+D615:\ud615×2,U+D639:\ud639×1,U+D654:\ud654×7,U+D655:\ud655×1,U+D658:\ud658×3,U+D65C:\ud65c×8,U+D68C:\ud68c×2,U+D6C4:\ud6c4×2,U+D751:\ud751×1,U+D788:\ud788×2,U+FF65:\uff65×1	-
191	372	431	U+002C:,×3,U+0044:D×2,U+004A:J×1,U+004C:L×1,U+004D:M×1,U+0056:V×1,U+0061:a×11,U+0063:c×3,U+0064:d×3,U+0065:e×7,U+0067:g×3,U+0068:h×1,U+0069:i×9,U+006B:k×1,U+006C:l×3,U+006D:m×1,U+006E:n×18,U+006F:o×7,U+0070:p×1,U+0072:r×8,U+0073:s×8,U+0074:t×6,U+0075:u×2,U+0076:v×2,U+0079:y×2,U+007A:z×1,U+25CB:\u25cb×7,U+AC00:\uac00×5,U+AC01:\uac01×1,U+AC15:\uac15×1,U+AC16:\uac16×1,U+AC74:\uac74×1,U+AC80:\uac80×1,U+AC83:\uac83×4,U+ACB0:\uacb0×8,U+ACF5:\uacf5×3,U+ACFC:\uacfc×7,U+ADFC:\uadfc×1,U+AE30:\uae30×12,U+B098:\ub098×5,U+B0B4:\ub0b4×3,U+B294:\ub294×5,U+B2E8:\ub2e8×1,U+B3C4:\ub3c4×1,U+B428:\ub428×1,U+B4DD:\ub4dd×1,U+B4E4:\ub4e4×1,U+B4EF:\ub4ef×1,U+B824:\ub824×2,U+B825:\ub825×3,U+B8E8:\ub8e8×1,U+B960:\ub960×1,U+B97C:\ub97c×4,U+BB34:\ubb34×3,U+BC0F:\ubc0f×2,U+BC15:\ubc15×1,U+BC18:\ubc18×1,U+BC1C:\ubc1c×2,U+BC29:\ubc29×2,U+BC30:\ubc30×1,U+BC95:\ubc95×3,U+BCC0:\ubcc0×1,U+BCF4:\ubcf4×7,U+BD80:\ubd80×1,U+C0AC:\uc0ac×10,U+C0DD:\uc0dd×1,U+C11C:\uc11c×5,U+C120:\uc120×2,U+C54A:\uc54a×1,U+C555:\uc555×2,U+C57C:\uc57c×2,U+C5B4:\uc5b4×3,U+C5B8:\uc5b8×3,U+C5C7:\uc5c7×1,U+C5D0:\uc5d0×11,U+C5EC:\uc5ec×1,U+C6C0:\uc6c0×1,U+C720:\uc720×1,U+C728:\uc728×1,U+C740:\uc740×1,U+C744:\uc744×6,U+C758:\uc758×15,U+C784:\uc784×1,U+C790:\uc790×3,U+C7A5:\uc7a5×3,U+C7AC:\uc7ac×1,U+C801:\uc801×2,U+C815:\uc815×19,U+C81C:\uc81c×3,U+C84C:\uc84c×1,U+C870:\uc870×2,U+C874:\uc874×1,U+C99D:\uc99d×13,U+C9C4:\uc9c4×1,U+CCA0:\ucca0×3,U+D0DD:\ud0dd×2,U+D310:\ud310×1,U+D3C9:\ud3c9×6,U+D544:\ud544×2,U+D558:\ud558×5,U+D559:\ud559×1,U+D55C:\ud55c×6,U+D560:\ud560×1,U+D568:\ud568×4,U+D569:\ud569×1,U+D574:\ud574×2,U+D5C8:\ud5c8×1,U+D611:\ud611×2,U+D68C:\ud68c×4,U+D6A8:\ud6a8×1,U+D6C4:\ud6c4×1	U+0025:%×13,U+0028:(×4,U+0029:)×2,U+002D:-×10,U+002E:.×10,U+002F:/×5,U+0030:0×12,U+0031:1×13,U+0032:2×5,U+0033:3×1,U+0034:4×3,U+0035:5×1,U+0036:6×2,U+0039:9×7,U+003C:<×2,U+003E:>×2,U+0041:A×1,U+0042:B×1,U+0043:C×5,U+0045:E×1,U+0047:G×1,U+0049:I×1,U+004B:K×1,U+004E:N×4,U+004F:O×2,U+0053:S×4,U+0054:T×2,U+0055:U×3,U+AC04:\uac04×1,U+ACBD:\uacbd×2,U+ACC4:\uacc4×1,U+ACE0:\uace0×15,U+AD00:\uad00×2,U+AD50:\uad50×1,U+AD6C:\uad6c×1,U+AD6D:\uad6d×1,U+AD8C:\uad8c×1,U+AE08:\uae08×5,U+AE09:\uae09×11,U+AE34:\uae34×1,U+B0A0:\ub0a0×1,U+B0AE:\ub0ae×1,U+B124:\ub124×1,U+B144:\ub144×1,U+B192:\ub192×1,U+B1CC:\ub1cc×1,U+B2E4:\ub2e4×2,U+B2F9:\ub2f9×1,U+B300:\ub300×8,U+B354:\ub354×1,U+B3D9:\ub3d9×1,U+B420:\ub420×1,U+B450:\ub450×2,U+B4E0:\ub4e0×1,U+B4F1:\ub4f1×11,U+B530:\ub530×1,U+B54C:\ub54c×1,U+B610:\ub610×1,U+B77C:\ub77c×1,U+B840:\ub840×1,U+B85C:\ub85c×3,U+B8CC:\ub8cc×1,U+B974:\ub974×1,U+B978:\ub978×1,U+B9AC:\ub9ac×1,U+B9C8:\ub9c8×1,U+B9CC:\ub9cc×1,U+B9E4:\ub9e4×1,U+BA70:\uba70×1,U+BA74:\uba74×3,U+BAA8:\ubaa8×3,U+BAA9:\ubaa9×1,U+BB38:\ubb38×1,U+BBC0:\ubbc0×1,U+BBF8:\ubbf8×1,U+BC1B:\ubc1b×1,U+BC1D:\ubc1d×1,U+BCC4:\ubcc4×5,U+BCD1:\ubcd1×1,U+BCF8:\ubcf8×2,U+BD04:\ubd04×1,U+BD88:\ubd88×1,U+BE44:\ube44×1,U+C0C1:\uc0c1×9,U+C11D:\uc11d×1,U+C124:\uc124×1,U+C131:\uc131×7,U+C18C:\uc18c×3,U+C218:\uc218×6,U+C288:\uc288×1,U+C2B9:\uc2b9×2,U+C2DD:\uc2dd×8,U+C2E0:\uc2e0×1,U+C545:\uc545×4,U+C548:\uc548×2,U+C554:\uc554×1,U+C591:\uc591×8,U+C5B5:\uc5b5×1,U+C5C6:\uc5c6×1,U+C5C8:\uc5c8×1,U+C5ED:\uc5ed×1,U+C5FC:\uc5fc×1,U+C608:\uc608×1,U+C640:\uc640×3,U+C644:\uc644×2,U+C678:\uc678×2,U+C6A9:\uc6a9×3,U+C6B0:\uc6b0×2,U+C6CC:\uc6cc×1,U+C6D0:\uc6d0×1,U+C704:\uc704×18,U+C73C:\uc73c×2,U+C74C:\uc74c×3,U+C774:\uc774×17,U+C775:\uc775×3,U+C778:\uc778×1,U+C788:\uc788×2,U+C791:\uc791×1,U+C798:\uc798×1,U+C800:\uc800×3,U+C804:\uc804×4,U+C808:\uc808×3,U+C885:\uc885×9,U+C900:\uc900×2,U+C911:\uc911×4,U+C9C0:\uc9c0×1,U+CC45:\ucc45×1,U+CCD0:\uccd0×1,U+CD5C:\ucd5c×3,U+CD94:\ucd94×2,U+CE58:\uce58×1,U+CE68:\uce68×1,U+CF00:\ucf00×1,U+D06C:\ud06c×1,U+D0DC:\ud0dc×2,U+D130:\ud130×1,U+D1A0:\ud1a0×2,U+D2B8:\ud2b8×1,U+D30C:\ud30c×2,U+D45C:\ud45c×2,U+D589:\ud589×1,U+D5D8:\ud5d8×23,U+D654:\ud654×1,U+D658:\ud658×2,U+D65C:\ud65c×1,U+D788:\ud788×1	-
192	367	451	U+0028:(×6,U+0029:)×6,U+002D:-×8,U+0042:B×1,U+0043:C×2,U+0045:E×1,U+0048:H×1,U+004F:O×1,U+0052:R×1,U+0055:U×1,U+0061:a×8,U+0064:d×4,U+0065:e×10,U+0066:f×1,U+0067:g×1,U+0068:h×1,U+0069:i×6,U+006B:k×1,U+006C:l×2,U+006E:n×10,U+006F:o×7,U+0070:p×1,U+0072:r×5,U+0073:s×9,U+0074:t×8,U+0075:u×2,U+0076:v×2,U+25CB:\u25cb×3,U+AC15:\uac15×2,U+AC74:\uac74×1,U+ACBD:\uacbd×3,U+ACF5:\uacf5×4,U+ACFC:\uacfc×2,U+AD00:\uad00×4,U+AD6C:\uad6c×1,U+AD6D:\uad6d×3,U+AE30:\uae30×7,U+B2A5:\ub2a5×1,U+B2E4:\ub2e4×2,U+B300:\ub300×3,U+B3C4:\ub3c4×3,U+B3D9:\ub3d9×3,U+B41C:\ub41c×2,U+B4DC:\ub4dc×1,U+B4DD:\ub4dd×1,U+B4E4:\ub4e4×1,U+B78C:\ub78c×2,U+B828:\ub828×3,U+B85D:\ub85d×2,U+B960:\ub960×1,U+B97C:\ub97c×5,U+B9AC:\ub9ac×1,U+BA85:\uba85×7,U+BABB:\ubabb×3,U+BC0F:\ubc0f×3,U+BC18:\ubc18×1,U+BC95:\ubc95×2,U+BCC0:\ubcc0×1,U+BCD1:\ubcd1×1,U+BCF4:\ubcf4×2,U+BCFC:\ubcfc×2,U+BD84:\ubd84×3,U+BD88:\ubd88×1,U+BE44:\ube44×1,U+C0AC:\uc0ac×1,U+C0DD:\uc0dd×1,U+C124:\uc124×7,U+C138:\uc138×1,U+C218:\uc218×7,U+C220:\uc220×8,U+C2DC:\uc2dc×3,U+C2DD:\uc2dd×2,U+C2E0:\uc2e0×2,U+C2E4:\uc2e4×1,U+C548:\uc548×1,U+C57C:\uc57c×1,U+C5B8:\uc5b8×3,U+C5BB:\uc5bb×1,U+C5C8:\uc5c8×1,U+C5EC:\uc5ec×5,U+C5ED:\uc5ed×1,U+C678:\uc678×1,U+C694:\uc694×1,U+C6A9:\uc6a9×6,U+C6B0:\uc6b0×3,U+C6C0:\uc6c0×1,U+C758:\uc758×8,U+C778:\uc778×3,U+C790:\uc790×7,U+C791:\uc791×2,U+C801:\uc801×5,U+C815:\uc815×8,U+C81C:\uc81c×1,U+C900:\uc900×1,U+C99D:\uc99d×8,U+C9C0:\uc9c0×6,U+C9C8:\uc9c8×1,U+CC45:\ucc45×1,U+CC98:\ucc98×2,U+CCB4:\uccb4×2,U+CD95:\ucd95×1,U+CD9C:\ucd9c×3,U+CDA9:\ucda9×5,U+D1B5:\ud1b5×3,U+D328:\ud328×1,U+D3C9:\ud3c9×2,U+D544:\ud544×1,U+D558:\ud558×11,U+D55C:\ud55c×7,U+D560:\ud560×2,U+D569:\ud569×1,U+D574:\ud574×9,U+D588:\ud588×2,U+D589:\ud589×1,U+D654:\ud654×1,U+D655:\ud655×1,U+D658:\ud658×1,U+D68C:\ud68c×1,U+D6A8:\ud6a8×1,U+D6C4:\ud6c4×3,U+D788:\ud788×3	U+0025:%×1,U+002C:,×10,U+002E:.×8,U+002F:/×2,U+0030:0×3,U+0031:1×6,U+0032:2×2,U+0035:5×5,U+003A::×11,U+0047:G×1,U+0049:I×1,U+004E:N×1,U+0053:S×1,U+0054:T×3,U+006D:m×1,U+AC01:\uac01×2,U+AC04:\uac04×3,U+AC16:\uac16×1,U+AC70:\uac70×2,U+AC83:\uac83×2,U+AC8C:\uac8c×2,U+ACA9:\uaca9×2,U+ACE0:\uace0×7,U+AD11:\uad11×2,U+AD81:\uad81×1,U+ADDC:\uaddc×1,U+ADFC:\uadfc×2,U+AE09:\uae09×12,U+B05D:\ub05d×1,U+B098:\ub098×5,U+B09C:\ub09c×1,U+B0AE:\ub0ae×1,U+B0B4:\ub0b4×5,U+B144:\ub144×4,U+B192:\ub192×7,U+B294:\ub294×3,U+B2A6:\ub2a6×1,U+B2C8:\ub2c8×1,U+B418:\ub418×1,U+B420:\ub420×1,U+B428:\ub428×3,U+B450:\ub450×3,U+B4F1:\ub4f1×11,U+B530:\ub530×1,U+B54C:\ub54c×3,U+B77C:\ub77c×1,U+B798:\ub798×1,U+B824:\ub824×3,U+B85C:\ub85c×1,U+B8CC:\ub8cc×5,U+B958:\ub958×2,U+B974:\ub974×2,U+B9BC:\ub9bc×1,U+B9C9:\ub9c9×2,U+B9CC:\ub9cc×4,U+BA70:\uba70×3,U+BA74:\uba74×2,U+BAA8:\ubaa8×2,U+BAAC:\ubaac×1,U+BB38:\ubb38×2,U+BBF8:\ubbf8×2,U+BC1B:\ubc1b×4,U+BC29:\ubc29×5,U+BC94:\ubc94×3,U+BD80:\ubd80×3,U+C0C1:\uc0c1×13,U+C0C9:\uc0c9×5,U+C11C:\uc11c×3,U+C18C:\uc18c×2,U+C18D:\uc18d×1,U+C22B:\uc22b×1,U+C2ED:\uc2ed×1,U+C544:\uc544×2,U+C545:\uc545×2,U+C54A:\uc54a×1,U+C554:\uc554×17,U+C57D:\uc57d×1,U+C591:\uc591×1,U+C5B4:\uc5b4×1,U+C5C4:\uc5c4×1,U+C5C6:\uc5c6×4,U+C5D0:\uc5d0×4,U+C5F4:\uc5f4×2,U+C5FC:\uc5fc×1,U+C640:\uc640×4,U+C644:\uc644×4,U+C6B8:\uc6b8×1,U+C6D0:\uc6d0×2,U+C704:\uc704×10,U+C720:\uc720×6,U+C721:\uc721×2,U+C735:\uc735×1,U+C73C:\uc73c×6,U+C740:\uc740×15,U+C744:\uc744×1,U+C74C:\uc74c×1,U+C774:\uc774×7,U+C784:\uc784×2,U+C788:\uc788×3,U+C7A5:\uc7a5×1,U+C7AC:\uc7ac×3,U+C800:\uc800×5,U+C804:\uc804×20,U+C808:\uc808×2,U+C870:\uc870×1,U+C874:\uc874×1,U+C885:\uc885×17,U+C8FC:\uc8fc×1,U+C911:\uc911×3,U+C988:\uc988×1,U+C9C4:\uc9c4×1,U+CC30:\ucc30×1,U+CD08:\ucd08×2,U+CD5C:\ucd5c×3,U+CD94:\ucd94×2,U+CDCC:\ucdcc×2,U+CE35:\uce35×1,U+CE58:\uce58×9,U+CE68:\uce68×3,U+D070:\ud070×1,U+D07C:\ud07c×1,U+D2B9:\ud2b9×1,U+D30C:\ud30c×10,U+D3D0:\ud3d0×3,U+D504:\ud504×1,U+D53C:\ud53c×11,U+D56D:\ud56d×1,U+D5D8:\ud5d8×13,U+D638:\ud638×1,U+D751:\ud751×5	-
193	313	546	U+0031:1×1,U+0032:2×1,U+004E:N×1,U+004F:O×1,U+2460:\u2460×1,U+2461:\u2461×1,U+25CB:\u25cb×10,U+AC00:\uac00×5,U+AC15:\uac15×1,U+AC70:\uac70×1,U+AC83:\uac83×10,U+AC8C:\uac8c×1,U+ACF5:\uacf5×1,U+ACFC:\uacfc×3,U+AD50:\uad50×2,U+AD6C:\uad6c×3,U+AD6D:\uad6d×1,U+ADF8:\uadf8×3,U+ADF9:\uadf9×1,U+AE30:\uae30×5,U+B294:\ub294×16,U+B2C8:\ub2c8×1,U+B2F9:\ub2f9×1,U+B300:\ub300×1,U+B370:\ub370×1,U+B3C4:\ub3c4×1,U+B3C5:\ub3c5×1,U+B3CC:\ub3cc×1,U+B3D9:\ub3d9×9,U+B4DC:\ub4dc×1,U+B4DD:\ub4dd×1,U+B4E0:\ub4e0×2,U+B4E4:\ub4e4×4,U+B610:\ub610×3,U+B78C:\ub78c×1,U+B828:\ub828×1,U+B8E8:\ub8e8×1,U+B8F9:\ub8f9×1,U+B960:\ub960×1,U+B97C:\ub97c×5,U+B9CE:\ub9ce×1,U+BA85:\uba85×10,U+BB34:\ubb34×1,U+BB38:\ubb38×1,U+BB3C:\ubb3c×1,U+BC18:\ubc18×1,U+BC1B:\ubc1b×5,U+BC29:\ubc29×2,U+BC95:\ubc95×2,U+BCF4:\ubcf4×1,U+BD04:\ubd04×1,U+BD80:\ubd80×2,U+C0AC:\uc0ac×3,U+C0B0:\uc0b0×1,U+C11C:\uc11c×10,U+C124:\uc124×7,U+C1A1:\uc1a1×1,U+C220:\uc220×3,U+C2EC:\uc2ec×1,U+C544:\uc544×2,U+C555:\uc555×1,U+C57C:\uc57c×5,U+C5B4:\uc5b4×2,U+C5B8:\uc5b8×2,U+C5D0:\uc5d0×7,U+C694:\uc694×2,U+C6C0:\uc6c0×1,U+C6D0:\uc6d0×2,U+C720:\uc720×2,U+C744:\uc744×8,U+C758:\uc758×13,U+C77C:\uc77c×2,U+C784:\uc784×1,U+C790:\uc790×13,U+C7A5:\uc7a5×6,U+C801:\uc801×7,U+C815:\uc815×9,U+C81C:\uc81c×3,U+C838:\uc838×1,U+C874:\uc874×1,U+C904:\uc904×1,U+C911:\uc911×1,U+C99D:\uc99d×13,U+C9C0:\uc9c0×4,U+CCA0:\ucca0×2,U+CD9C:\ucd9c×2,U+CDA9:\ucda9×1,U+D0A4:\ud0a4×1,U+D0DC:\ud0dc×1,U+D0DD:\ud0dd×3,U+D130:\ud130×3,U+D300:\ud300×1,U+D558:\ud558×10,U+D559:\ud559×2,U+D560:\ud560×1,U+D568:\ud568×3,U+D569:\ud569×1,U+D56D:\ud56d×2,U+D574:\ud574×2,U+D638:\ud638×1,U+D655:\ud655×1,U+D658:\ud658×1,U+D65C:\ud65c×1,U+D68C:\ud68c×4,U+D788:\ud788×1	U+0027:'×2,U+0028:(×2,U+002B:+×2,U+002C:,×7,U+002D:-×4,U+002E:.×11,U+002F:/×11,U+0030:0×1,U+0033:3×4,U+0034:4×2,U+0036:6×1,U+0037:7×2,U+003A::×7,U+003C:<×2,U+003E:>×3,U+0043:C×10,U+0049:I×32,U+0052:R×5,U+0056:V×2,U+0063:c×4,U+006D:m×4,U+AC04:\uac04×8,U+AC10:\uac10×5,U+AC11:\uac11×2,U+AC1C:\uac1c×1,U+AC74:\uac74×1,U+ACBD:\uacbd×3,U+ACE0:\uace0×2,U+AD00:\uad00×2,U+ADDC:\uaddc×1,U+AE00:\uae00×5,U+AE09:\uae09×13,U+AE38:\uae38×5,U+B098:\ub098×2,U+B09C:\ub09c×2,U+B0B4:\ub0b4×2,U+B144:\ub144×3,U+B192:\ub192×3,U+B274:\ub274×5,U+B2A5:\ub2a5×3,U+B2E8:\ub2e8×2,U+B2EC:\ub2ec×1,U+B418:\ub418×2,U+B41C:\ub41c×1,U+B420:\ub420×4,U+B428:\ub428×4,U+B450:\ub450×1,U+B4F1:\ub4f1×14,U+B77C:\ub77c×3,U+B798:\ub798×1,U+B808:\ub808×5,U+B824:\ub824×1,U+B825:\ub825×1,U+B85C:\ub85c×5,U+B8CC:\ub8cc×6,U+B958:\ub958×1,U+B974:\ub974×1,U+B978:\ub978×1,U+B9AC:\ub9ac×1,U+B9BD:\ub9bd×3,U+B9CC:\ub9cc×5,U+BA54:\uba54×1,U+BA70:\uba70×2,U+BA74:\uba74×5,U+BC0F:\ubc0f×1,U+BC1C:\ubc1c×3,U+BCC4:\ubcc4×1,U+BCD1:\ubcd1×6,U+BD84:\ubd84×7,U+BD88:\ubd88×2,U+BE44:\ube44×3,U+C0C1:\uc0c1×4,U+C120:\uc120×3,U+C131:\uc131×3,U+C138:\uc138×5,U+C18C:\uc18c×10,U+C218:\uc218×2,U+C2A8:\uc2a8×5,U+C2DC:\uc2dc×2,U+C2DD:\uc2dd×2,U+C2E0:\uc2e0×2,U+C554:\uc554×21,U+C558:\uc558×1,U+C5C6:\uc5c6×5,U+C5F0:\uc5f0×1,U+C62C:\uc62c×5,U+C640:\uc640×6,U+C644:\uc644×2,U+C6A9:\uc6a9×2,U+C704:\uc704×24,U+C721:\uc721×1,U+C73C:\uc73c×4,U+C740:\uc740×13,U+C74C:\uc74c×6,U+C774:\uc774×12,U+C775:\uc775×1,U+C788:\uc788×5,U+C7AC:\uc7ac×5,U+C800:\uc800×2,U+C804:\uc804×6,U+C811:\uc811×1,U+C885:\uc885×8,U+C8FC:\uc8fc×8,U+C988:\uc988×1,U+C9C4:\uc9c4×4,U+C9C8:\uc9c8×1,U+CC30:\ucc30×2,U+CD08:\ucd08×4,U+CD5C:\ucd5c×4,U+CD94:\ucd94×2,U+CDCC:\ucdcc×1,U+CE58:\uce58×9,U+CE74:\uce74×1,U+CF08:\ucf08×1,U+D06C:\ud06c×5,U+D1B5:\ud1b5×1,U+D30C:\ud30c×4,U+D3B8:\ud3b8×1,U+D3C9:\ud3c9×1,U+D3EC:\ud3ec×5,U+D53C:\ud53c×1,U+D544:\ud544×1,U+D55C:\ud55c×7,U+D588:\ud588×1,U+D5D8:\ud5d8×22,U+D611:\ud611×1,U+D6C4:\ud6c4×9	-
194	346	371	U+002C:,×1,U+002E:.×7,U+0038:8×1,U+004E:N×3,U+0050:P×5,U+0053:S×1,U+0054:T×3,U+0061:a×3,U+0062:b×3,U+0079:y×1,U+2462:\u2462×1,U+25CB:\u25cb×8,U+AC10:\uac10×1,U+AC15:\uac15×2,U+AC19:\uac19×2,U+AC74:\uac74×3,U+AC8C:\uac8c×5,U+ACAC:\uacac×1,U+AD6C:\uad6c×4,U+AD6D:\uad6d×1,U+ADDC:\uaddc×2,U+ADE0:\uade0×1,U+ADFC:\uadfc×1,U+AE08:\uae08×2,U+AE09:\uae09×1,U+AE30:\uae30×9,U+B192:\ub192×1,U+B2E4:\ub2e4×14,U+B2F9:\ub2f9×1,U+B300:\ub300×4,U+B3C5:\ub3c5×1,U+B3CC:\ub3cc×1,U+B418:\ub418×1,U+B41C:\ub41c×4,U+B420:\ub420×1,U+B4DC:\ub4dc×1,U+B4DD:\ub4dd×1,U+B4E0:\ub4e0×3,U+B530:\ub530×1,U+B5A4:\ub5a4×1,U+B610:\ub610×2,U+B77D:\ub77d×1,U+B78C:\ub78c×1,U+B824:\ub824×2,U+B85D:\ub85d×1,U+B960:\ub960×1,U+B978:\ub978×1,U+B97C:\ub97c×4,U+B9C8:\ub9c8×1,U+B9DD:\ub9dd×1,U+BAA8:\ubaa8×2,U+BB34:\ubb34×2,U+BC00:\ubc00×2,U+BC1D:\ubc1d×3,U+BC29:\ubc29×1,U+BC95:\ubc95×3,U+BCC0:\ubcc0×1,U+BCD1:\ubcd1×1,U+BCF4:\ubcf4×7,U+BD04:\ubd04×1,U+BD80:\ubd80×1,U+C0AC:\uc0ac×6,U+C0DD:\uc0dd×10,U+C1A1:\uc1a1×1,U+C220:\uc220×1,U+C2DC:\uc2dc×1,U+C2DD:\uc2dd×9,U+C2E4:\uc2e4×3,U+C544:\uc544×1,U+C545:\uc545×1,U+C548:\uc548×3,U+C54A:\uc54a×2,U+C54C:\uc54c×2,U+C57C:\uc57c×6,U+C5BB:\uc5bb×1,U+C5D0:\uc5d0×9,U+C5EC:\uc5ec×4,U+C5ED:\uc5ed×2,U+C5F0:\uc5f0×2,U+C5FC:\uc5fc×1,U+C640:\uc640×2,U+C694:\uc694×1,U+C6D0:\uc6d0×5,U+C720:\uc720×1,U+C740:\uc740×1,U+C744:\uc744×5,U+C74C:\uc74c×5,U+C758:\uc758×8,U+C778:\uc778×3,U+C788:\uc788×1,U+C790:\uc790×15,U+C791:\uc791×2,U+C801:\uc801×12,U+C874:\uc874×9,U+C8C4:\uc8c4×1,U+C99D:\uc99d×11,U+C9C0:\uc9c0×5,U+C9C4:\uc9c4×2,U+C9D1:\uc9d1×1,U+CCB4:\uccb4×2,U+CD94:\ucd94×2,U+CD9C:\ucd9c×4,U+D2B9:\ud2b9×2,U+D310:\ud310×1,U+D328:\ud328×1,U+D3C9:\ud3c9×2,U+D488:\ud488×1,U+D544:\ud544×1,U+D558:\ud558×8,U+D568:\ud568×1,U+D569:\ud569×1,U+D574:\ud574×3,U+D589:\ud589×2,U+D5C8:\ud5c8×1,U+D600:\ud600×1,U+D604:\ud604×1,U+D638:\ud638×2,U+D658:\ud658×6,U+D65C:\ud65c×1,U+D734:\ud734×1,U+D790:\ud790×1	U+0028:(×4,U+0029:)×6,U+002D:-×12,U+002F:/×8,U+0030:0×3,U+0031:1×3,U+0032:2×4,U+0034:4×2,U+0035:5×3,U+003C:<×1,U+0043:C×1,U+0048:H×3,U+0049:I×7,U+0056:V×1,U+0057:W×3,U+0063:c×10,U+0064:d×4,U+0065:e×7,U+0066:f×2,U+0068:h×1,U+0069:i×4,U+006D:m×6,U+006E:n×8,U+006F:o×5,U+0070:p×1,U+0072:r×4,U+0073:s×5,U+0074:t×3,U+0075:u×1,U+0077:w×3,U+AC04:\uac04×1,U+AC11:\uac11×1,U+AC70:\uac70×3,U+ACA9:\uaca9×1,U+ACBD:\uacbd×1,U+ACE0:\uace0×3,U+AD00:\uad00×1,U+AD81:\uad81×3,U+ADF8:\uadf8×2,U+B098:\ub098×4,U+B09C:\ub09c×2,U+B0B4:\ub0b4×3,U+B144:\ub144×3,U+B1CC:\ub1cc×2,U+B294:\ub294×6,U+B2A5:\ub2a5×2,U+B2EC:\ub2ec×1,U+B354:\ub354×1,U+B3C4:\ub3c4×6,U+B428:\ub428×7,U+B450:\ub450×1,U+B4F1:\ub4f1×5,U+B5A0:\ub5a0×1,U+B7EC:\ub7ec×1,U+B828:\ub828×1,U+B85C:\ub85c×8,U+B958:\ub958×2,U+B9BC:\ub9bc×1,U+B9CC:\ub9cc×2,U+B9D0:\ub9d0×1,U+BA74:\uba74×3,U+BA85:\uba85×2,U+BB3C:\ubb3c×1,U+BC1B:\ubc1b×1,U+BC31:\ubc31×1,U+BC94:\ubc94×1,U+BCFC:\ubcfc×1,U+BD84:\ubd84×4,U+BD88:\ubd88×3,U+BE44:\ube44×1,U+C0C1:\uc0c1×5,U+C11C:\uc11c×2,U+C120:\uc120×2,U+C124:\uc124×2,U+C138:\uc138×1,U+C158:\uc158×1,U+C18C:\uc18c×4,U+C18D:\uc18d×1,U+C218:\uc218×7,U+C219:\uc219×1,U+C2E0:\uc2e0×1,U+C554:\uc554×7,U+C57D:\uc57d×1,U+C591:\uc591×1,U+C5B4:\uc5b4×2,U+C5C4:\uc5c4×1,U+C5C6:\uc5c6×4,U+C5C8:\uc5c8×2,U+C6A9:\uc6a9×5,U+C6B1:\uc6b1×1,U+C6C0:\uc6c0×1,U+C704:\uc704×14,U+C73C:\uc73c×7,U+C775:\uc775×1,U+C784:\uc784×2,U+C7A5:\uc7a5×1,U+C7AC:\uc7ac×2,U+C800:\uc800×4,U+C804:\uc804×2,U+C808:\uc808×1,U+C81C:\uc81c×1,U+C885:\uc885×3,U+C8FC:\uc8fc×4,U+C900:\uc900×1,U+C911:\uc911×4,U+C9C8:\uc9c8×4,U+C9D0:\uc9d0×1,U+CC45:\ucc45×1,U+CCD0:\uccd0×1,U+CCE4:\ucce4×1,U+CD08:\ucd08×1,U+CD5C:\ucd5c×4,U+CDA9:\ucda9×2,U+CDE8:\ucde8×1,U+CE58:\uce58×1,U+D2B8:\ud2b8×1,U+D30C:\ud30c×1,U+D504:\ud504×1,U+D53C:\ud53c×1,U+D55C:\ud55c×3,U+D560:\ud560×1,U+D5D8:\ud5d8×19,U+D608:\ud608×1,U+D615:\ud615×3,U+D654:\ud654×1,U+D68C:\ud68c×1,U+D6C4:\ud6c4×3	-
195	369	641	U+002C:,×16,U+002E:.×5,U+AC00:\uac00×6,U+AC10:\uac10×3,U+AC15:\uac15×2,U+AC19:\uac19×4,U+AC70:\uac70×3,U+AC74:\uac74×2,U+AC8C:\uac8c×2,U+ACAC:\uacac×5,U+ACBD:\uacbd×4,U+ACFC:\uacfc×2,U+AD00:\uad00×4,U+AD6C:\uad6c×3,U+ADDC:\uaddc×1,U+ADF8:\uadf8×2,U+B098:\ub098×3,U+B0B4:\ub0b4×1,U+B2A5:\ub2a5×2,U+B2E4:\ub2e4×8,U+B354:\ub354×1,U+B358:\ub358×1,U+B369:\ub369×1,U+B3C4:\ub3c4×1,U+B418:\ub418×6,U+B4F1:\ub4f1×1,U+B530:\ub530×1,U+B610:\ub610×3,U+B798:\ub798×2,U+B7EC:\ub7ec×2,U+B828:\ub828×4,U+B834:\ub834×1,U+B8CC:\ub8cc×3,U+B960:\ub960×2,U+B974:\ub974×1,U+B978:\ub978×5,U+B9AC:\ub9ac×1,U+B9B0:\ub9b0×1,U+B9CC:\ub9cc×2,U+B9CE:\ub9ce×1,U+B9DD:\ub9dd×2,U+BAA8:\ubaa8×1,U+BABB:\ubabb×1,U+BB34:\ubb34×3,U+BB38:\ubb38×1,U+BBF8:\ubbf8×2,U+BC1C:\ubc1c×7,U+BCC0:\ubcc0×1,U+BCD1:\ubcd1×3,U+BCF4:\ubcf4×6,U+BCF5:\ubcf5×2,U+BD80:\ubd80×7,U+BD84:\ubd84×1,U+BD88:\ubd88×2,U+BE44:\ube44×3,U+C0AC:\uc0ac×3,U+C0C1:\uc0c1×9,U+C0C9:\uc0c9×1,U+C0DD:\uc0dd×16,U+C120:\uc120×1,U+C18C:\uc18c×1,U+C190:\uc190×2,U+C218:\uc218×6,U+C219:\uc219×1,U+C220:\uc220×1,U+C2AC:\uc2ac×1,U+C2DD:\uc2dd×3,U+C2E0:\uc2e0×4,U+C2E4:\uc2e4×1,U+C548:\uc548×1,U+C54C:\uc54c×1,U+C555:\uc555×1,U+C560:\uc560×1,U+C561:\uc561×1,U+C5ED:\uc5ed×1,U+C5FC:\uc5fc×2,U+C601:\uc601×5,U+C608:\uc608×1,U+C640:\uc640×1,U+C694:\uc694×2,U+C6A9:\uc6a9×4,U+C6B0:\uc6b0×2,U+C6B8:\uc6b8×1,U+C6D0:\uc6d0×3,U+C704:\uc704×1,U+C720:\uc720×2,U+C721:\uc721×1,U+C73C:\uc73c×1,U+C740:\uc740×7,U+C74C:\uc74c×2,U+C751:\uc751×1,U+C758:\uc758×4,U+C774:\uc774×3,U+C778:\uc778×2,U+C77C:\uc77c×1,U+C785:\uc785×3,U+C788:\uc788×5,U+C790:\uc790×6,U+C7A0:\uc7a0×1,U+C7A5:\uc7a5×1,U+C7AC:\uc7ac×4,U+C801:\uc801×8,U+C808:\uc808×1,U+C815:\uc815×1,U+C81C:\uc81c×5,U+C870:\uc870×1,U+C874:\uc874×11,U+C900:\uc900×1,U+C911:\uc911×1,U+C99D:\uc99d×6,U+C9C0:\uc9c0×3,U+C9C1:\uc9c1×2,U+CC30:\ucc30×1,U+CC98:\ucc98×2,U+CCB4:\uccb4×1,U+CD94:\ucd94×1,U+D0C0:\ud0c0×1,U+D0C8:\ud0c8×1,U+D0DC:\ud0dc×1,U+D0DD:\ud0dd×1,U+D2B9:\ud2b9×1,U+D300:\ud300×1,U+D33D:\ud33d×1,U+D3D0:\ud3d0×2,U+D514:\ud514×1,U+D53C:\ud53c×1,U+D559:\ud559×2,U+D55C:\ud55c×5,U+D560:\ud560×3,U+D574:\ud574×1,U+D5A5:\ud5a5×4,U+D5D8:\ud5d8×6,U+D608:\ud608×2,U+D654:\ud654×1,U+D658:\ud658×2,U+D65C:\ud65c×1,U+D68C:\ud68c×3,U+D76C:\ud76c×1	U+0026:&×1,U+0028:(×6,U+0029:)×16,U+002D:-×3,U+002F:/×1,U+0030:0×4,U+0031:1×3,U+0032:2×16,U+0033:3×1,U+0034:4×16,U+0035:5×2,U+0036:6×3,U+0037:7×3,U+0038:8×2,U+0039:9×2,U+003A::×1,U+0041:A×3,U+0043:C×10,U+0044:D×4,U+0045:E×3,U+0046:F×1,U+0047:G×1,U+0048:H×1,U+0049:I×3,U+004A:J×2,U+004C:L×6,U+004D:M×6,U+004E:N×1,U+004F:O×2,U+0050:P×1,U+0052:R×1,U+0053:S×4,U+0054:T×3,U+0056:V×1,U+0057:W×2,U+0061:a×28,U+0063:c×11,U+0064:d×15,U+0065:e×43,U+0066:f×11,U+0067:g×6,U+0068:h×3,U+0069:i×40,U+006B:k×3,U+006C:l×11,U+006D:m×8,U+006E:n×49,U+006F:o×33,U+0070:p×9,U+0072:r×35,U+0073:s×14,U+0074:t×24,U+0075:u×5,U+0076:v×13,U+0077:w×2,U+0079:y×2,U+25CB:\u25cb×2,U+AC01:\uac01×2,U+AC16:\uac16×1,U+AC80:\uac80×2,U+ACB0:\uacb0×5,U+ACC4:\uacc4×1,U+AD6D:\uad6d×1,U+ADE0:\uade0×1,U+AE30:\uae30×1,U+AE38:\uae38×1,U+B2E8:\ub2e8×2,U+B2EC:\ub2ec×1,U+B300:\ub300×1,U+B3D9:\ub3d9×11,U+B450:\ub450×1,U+B4E4:\ub4e4×1,U+B54C:\ub54c×1,U+B77C:\ub77c×1,U+B824:\ub824×1,U+B825:\ub825×2,U+B85D:\ub85d×1,U+B860:\ub860×1,U+B8E8:\ub8e8×6,U+B97C:\ub97c×5,U+B9C8:\ub9c8×1,U+BA74:\uba74×1,U+BA85:\uba85×2,U+BC1B:\ubc1b×3,U+BC29:\ubc29×2,U+BC88:\ubc88×3,U+BC95:\ubc95×1,U+BCF8:\ubcf8×2,U+C11C:\uc11c×4,U+C124:\uc124×2,U+C131:\uc131×1,U+C2DC:\uc2dc×6,U+C57C:\uc57c×3,U+C5B4:\uc5b4×1,U+C5D0:\uc5d0×5,U+C5EC:\uc5ec×2,U+C5F0:\uc5f0×2,U+C728:\uc728×1,U+C744:\uc744×1,U+C784:\uc784×2,U+C804:\uc804×6,U+C810:\uc810×1,U+C8FC:\uc8fc×1,U+C9D0:\uc9d0×3,U+C9F8:\uc9f8×3,U+CC45:\ucc45×1,U+CCAB:\uccab×2,U+CD1D:\ucd1d×1,U+CD98:\ucd98×1,U+CD9C:\ucd9c×1,U+CE58:\uce58×1,U+D1B5:\ud1b5×1,U+D310:\ud310×1,U+D398:\ud398×1,U+D3C9:\ud3c9×1,U+D3EC:\ud3ec×1,U+D558:\ud558×7,U+D568:\ud568×5,U+D569:\ud569×2,U+D588:\ud588×1,U+D589:\ud589×1,U+D6C4:\ud6c4×2	-
196	256	345	U+002E:.×11,U+0031:1×3,U+003A::×1,U+0043:C×1,U+0052:R×6,U+0053:S×4,U+0054:T×1,U+0062:b×2,U+0063:c×3,U+0066:f×2,U+0069:i×1,U+0070:p×2,U+0074:t×1,U+AC04:\uac04×7,U+AC19:\uac19×2,U+AC80:\uac80×2,U+AC8C:\uac8c×2,U+ACE0:\uace0×3,U+AD00:\uad00×2,U+AD6C:\uad6c×3,U+AD6D:\uad6d×4,U+ADF8:\uadf8×4,U+ADFC:\uadfc×1,U+AE09:\uae09×1,U+B144:\ub144×4,U+B294:\ub294×1,U+B2E4:\ub2e4×7,U+B370:\ub370×1,U+B41C:\ub41c×1,U+B450:\ub450×2,U+B4E0:\ub4e0×1,U+B530:\ub530×1,U+B610:\ub610×2,U+B7A8:\ub7a8×3,U+B7EC:\ub7ec×1,U+B828:\ub828×2,U+B978:\ub978×2,U+B9BC:\ub9bc×1,U+BA70:\uba70×1,U+BAA8:\ubaa8×4,U+BC0F:\ubc0f×2,U+BCC4:\ubcc4×2,U+BCD1:\ubcd1×12,U+BCF5:\ubcf5×1,U+BD80:\ubd80×3,U+BE44:\ube44×1,U+C0DD:\uc0dd×6,U+C131:\uc131×1,U+C218:\uc218×5,U+C220:\uc220×1,U+C2DC:\uc2dc×3,U+C2DD:\uc2dd×8,U+C2E4:\uc2e4×1,U+C54A:\uc54a×2,U+C54C:\uc54c×2,U+C560:\uc560×2,U+C561:\uc561×1,U+C5EC:\uc5ec×4,U+C601:\uc601×1,U+C640:\uc640×2,U+C694:\uc694×1,U+C6D0:\uc6d0×12,U+C73C:\uc73c×1,U+C740:\uc740×1,U+C74C:\uc74c×3,U+C774:\uc774×2,U+C77C:\uc77c×3,U+C788:\uc788×3,U+C790:\uc790×3,U+C791:\uc791×1,U+C7A5:\uc7a5×9,U+C801:\uc801×6,U+C804:\uc804×3,U+C874:\uc874×6,U+CC29:\ucc29×1,U+CCB4:\uccb4×1,U+CD5C:\ucd5c×2,U+CD9C:\ucd9c×5,U+D06C:\ud06c×1,U+D130:\ud130×1,U+D1B5:\ud1b5×1,U+D2B9:\ud2b9×2,U+D3EC:\ud3ec×4,U+D504:\ud504×3,U+D558:\ud558×1,U+D56D:\ud56d×2,U+D5D8:\ud5d8×1,U+D608:\ud608×3,U+D658:\ud658×11	U+0028:(×3,U+0029:)×3,U+002C:,×6,U+002D:-×6,U+0030:0×3,U+0041:A×1,U+0044:D×3,U+0049:I×1,U+004A:J×1,U+004C:L×1,U+004F:O×1,U+0050:P×1,U+0056:V×1,U+0061:a×7,U+0064:d×4,U+0065:e×1,U+0067:g×1,U+0068:h×1,U+006B:k×1,U+006C:l×3,U+006D:m×1,U+006E:n×11,U+006F:o×9,U+0072:r×5,U+0073:s×2,U+0075:u×5,U+0076:v×2,U+0079:y×1,U+007A:z×1,U+25CB:\u25cb×4,U+AC00:\uac00×9,U+AC01:\uac01×2,U+AC15:\uac15×2,U+AC16:\uac16×1,U+AC1C:\uac1c×2,U+AC74:\uac74×2,U+AC83:\uac83×3,U+ACB0:\uacb0×3,U+ACF5:\uacf5×1,U+AE30:\uae30×13,U+B098:\ub098×3,U+B0B4:\ub0b4×3,U+B2A5:\ub2a5×3,U+B2D8:\ub2d8×1,U+B2E8:\ub2e8×2,U+B300:\ub300×4,U+B3C4:\ub3c4×1,U+B3D9:\ub3d9×2,U+B418:\ub418×2,U+B428:\ub428×1,U+B4DD:\ub4dd×1,U+B4E4:\ub4e4×2,U+B4EF:\ub4ef×1,U+B77C:\ub77c×2,U+B824:\ub824×1,U+B825:\ub825×4,U+B8CC:\ub8cc×2,U+B8E8:\ub8e8×1,U+B960:\ub960×1,U+B9CC:\ub9cc×2,U+BA74:\uba74×1,U+BA85:\uba85×2,U+BB34:\ubb34×3,U+BC15:\ubc15×1,U+BC18:\ubc18×2,U+BC1C:\ubc1c×3,U+BC29:\ubc29×2,U+BC30:\ubc30×1,U+BC95:\ubc95×4,U+BCC0:\ubcc0×1,U+BCF4:\ubcf4×4,U+BD84:\ubd84×1,U+BD88:\ubd88×1,U+C0AC:\uc0ac×6,U+C0C1:\uc0c1×2,U+C11C:\uc11c×4,U+C120:\uc120×2,U+C2E0:\uc2e0×2,U+C2EC:\uc2ec×1,U+C545:\uc545×1,U+C555:\uc555×2,U+C5B4:\uc5b4×4,U+C5B8:\uc5b8×3,U+C5C7:\uc5c7×1,U+C5D0:\uc5d0×10,U+C608:\uc608×1,U+C6A9:\uc6a9×1,U+C6C0:\uc6c0×1,U+C704:\uc704×3,U+C728:\uc728×1,U+C744:\uc744×5,U+C758:\uc758×10,U+C778:\uc778×1,U+C784:\uc784×3,U+C7AC:\uc7ac×1,U+C815:\uc815×17,U+C84C:\uc84c×1,U+C870:\uc870×2,U+C911:\uc911×3,U+C99D:\uc99d×12,U+C9C0:\uc9c0×1,U+C9C4:\uc9c4×2,U+CCA0:\ucca0×3,U+CE58:\uce58×2,U+D0DD:\ud0dd×2,U+D30C:\ud30c×1,U+D310:\ud310×2,U+D3C9:\ud3c9×9,U+D544:\ud544×1,U+D559:\ud559×2,U+D55C:\ud55c×10,U+D560:\ud560×2,U+D568:\ud568×3,U+D569:\ud569×1,U+D574:\ud574×4,U+D5C8:\ud5c8×1,U+D611:\ud611×1,U+D68C:\ud68c×4,U+D6A8:\ud6a8×1	-
197	433	253	U+0029:)×3,U+002C:,×6,U+002E:.×7,U+0031:1×9,U+0032:2×11,U+0033:3×3,U+0034:4×3,U+0035:5×8,U+0036:6×2,U+0037:7×2,U+003A::×2,U+0044:D×1,U+0049:I×1,U+004C:L×2,U+004D:M×1,U+0053:S×3,U+0054:T×1,U+0057:W×1,U+0066:f×1,U+006D:m×1,U+0076:v×1,U+00B7:\xb7×2,U+2460:\u2460×1,U+25CB:\u25cb×1,U+300C:\u300c×1,U+300D:\u300d×1,U+AC00:\uac00×3,U+AC01:\uac01×2,U+AC19:\uac19×1,U+AC70:\uac70×1,U+AC83:\uac83×2,U+AC8C:\uac8c×3,U+ACB0:\uacb0×2,U+ACC4:\uacc4×1,U+ACE0:\uace0×2,U+ACFC:\uacfc×1,U+AD00:\uad00×6,U+AD6D:\uad6d×1,U+AD8C:\uad8c×1,U+ADDC:\uaddc×1,U+ADE0:\uade0×1,U+ADF8:\uadf8×4,U+ADFC:\uadfc×1,U+AE30:\uae30×13,U+AED8:\uaed8×1,U+B098:\ub098×3,U+B0B4:\ub0b4×4,U+B144:\ub144×4,U+B294:\ub294×3,U+B2CC:\ub2cc×1,U+B2F4:\ub2f4×2,U+B3D9:\ub3d9×16,U+B428:\ub428×1,U+B450:\ub450×1,U+B4E0:\ub4e0×1,U+B4F1:\ub4f1×14,U+B530:\ub530×5,U+B610:\ub610×2,U+B824:\ub824×2,U+B839:\ub839×2,U+B840:\ub840×3,U+B960:\ub960×3,U+B978:\ub978×4,U+B9BC:\ub9bc×1,U+B9CC:\ub9cc×1,U+BA70:\uba70×1,U+BA74:\uba74×1,U+BAA8:\ubaa8×2,U+BAA9:\ubaa9×2,U+BB34:\ubb34×1,U+BBF8:\ubbf8×6,U+BBFC:\ubbfc×1,U+BC16:\ubc16×2,U+BC1B:\ubc1b×1,U+BC29:\ubc29×1,U+BC95:\ubc95×6,U+BCD1:\ubcd1×4,U+BCF8:\ubcf8×6,U+BD80:\ubd80×4,U+C0AC:\uc0ac×1,U+C11C:\uc11c×10,U+C120:\uc120×3,U+C13C:\uc13c×1,U+C21C:\uc21c×7,U+C2DD:\uc2dd×6,U+C544:\uc544×2,U+C545:\uc545×1,U+C54A:\uc54a×1,U+C54C:\uc54c×4,U+C560:\uc560×1,U+C5D0:\uc5d0×23,U+C601:\uc601×1,U+C6D0:\uc6d0×5,U+C720:\uc720×4,U+C73C:\uc73c×3,U+C74C:\uc74c×6,U+C758:\uc758×22,U+C774:\uc774×4,U+C778:\uc778×3,U+C790:\uc790×8,U+C7A5:\uc7a5×17,U+C804:\uc804×3,U+C81C:\uc81c×6,U+C870:\uc870×6,U+C871:\uc871×10,U+C874:\uc874×3,U+C99D:\uc99d×1,U+C9C8:\uc9c8×1,U+CC28:\ucc28×1,U+CCA8:\ucca8×1,U+CD5C:\ucd5c×1,U+CD9C:\ucd9c×3,U+CE58:\uce58×1,U+D0DC:\ud0dc×1,U+D130:\ud130×1,U+D30C:\ud30c×1,U+D3EC:\ud3ec×1,U+D55C:\ud55c×7,U+D56D:\ud56d×3,U+D589:\ud589×1,U+D5A5:\ud5a5×1,U+D604:\ud604×2,U+D638:\ud638×2,U+D655:\ud655×2,U+D658:\ud658×5,U+D669:\ud669×1,U+D68D:\ud68d×1,U+D76C:\ud76c×1	U+0028:(×4,U+002D:-×16,U+0042:B×1,U+0048:H×1,U+004F:O×1,U+0050:P×1,U+0055:U×1,U+0061:a×6,U+0064:d×3,U+0065:e×6,U+0068:h×1,U+0069:i×1,U+006B:k×1,U+006C:l×1,U+006E:n×3,U+006F:o×1,U+0070:p×3,U+0073:s×8,U+0074:t×4,U+0075:u×1,U+AC04:\uac04×2,U+ACBD:\uacbd×1,U+ACF5:\uacf5×2,U+B2A5:\ub2a5×5,U+B2E4:\ub2e4×1,U+B2E8:\ub2e8×2,U+B354:\ub354×1,U+B3C4:\ub3c4×4,U+B418:\ub418×2,U+B41C:\ub41c×3,U+B4DC:\ub4dc×1,U+B4E4:\ub4e4×1,U+B77C:\ub77c×2,U+B78C:\ub78c×2,U+B85C:\ub85c×2,U+B85D:\ub85d×2,U+B8CC:\ub8cc×1,U+B9C8:\ub9c8×1,U+BABB:\ubabb×2,U+BC0F:\ubc0f×1,U+BC18:\ubc18×1,U+BC1C:\ubc1c×4,U+BCC0:\ubcc0×1,U+BCF4:\ubcf4×5,U+BCFC:\ubcfc×2,U+BD84:\ubd84×5,U+BD88:\ubd88×1,U+BE44:\ube44×3,U+C0DD:\uc0dd×1,U+C124:\uc124×6,U+C131:\uc131×3,U+C138:\uc138×1,U+C18C:\uc18c×2,U+C218:\uc218×11,U+C220:\uc220×8,U+C2DC:\uc2dc×2,U+C2E0:\uc2e0×2,U+C2E4:\uc2e4×1,U+C548:\uc548×1,U+C57C:\uc57c×2,U+C591:\uc591×1,U+C5B4:\uc5b4×2,U+C5B8:\uc5b8×1,U+C5BB:\uc5bb×1,U+C5ED:\uc5ed×1,U+C678:\uc678×1,U+C6A9:\uc6a9×3,U+C6C0:\uc6c0×1,U+C704:\uc704×3,U+C744:\uc744×6,U+C791:\uc791×2,U+C7AC:\uc7ac×1,U+C810:\uc810×1,U+C815:\uc815×6,U+C8FC:\uc8fc×1,U+C900:\uc900×1,U+C9C0:\uc9c0×5,U+CC30:\ucc30×2,U+CC45:\ucc45×1,U+CC98:\ucc98×2,U+CCB4:\uccb4×4,U+CD94:\ucd94×1,U+CD95:\ucd95×1,U+CDA9:\ucda9×5,U+D1B5:\ud1b5×1,U+D310:\ud310×1,U+D328:\ud328×1,U+D3C9:\ud3c9×1,U+D544:\ud544×1,U+D558:\ud558×2,U+D560:\ud560×1,U+D568:\ud568×2,U+D574:\ud574×10,U+D588:\ud588×3,U+D5D8:\ud5d8×2,U+D654:\ud654×1,U+D68C:\ud68c×1,U+D6A8:\ud6a8×1,U+D6C4:\ud6c4×4,U+D788:\ud788×4	-
198	395	185	U+0029:)×1,U+002C:,×4,U+002D:-×4,U+002E:.×6,U+0031:1×1,U+0032:2×5,U+0033:3×3,U+0036:6×2,U+0037:7×2,U+AC74:\uac74×1,U+AC8C:\uac8c×4,U+ACA9:\uaca9×1,U+ACBD:\uacbd×4,U+ACC4:\uacc4×1,U+ACE0:\uace0×3,U+ACF5:\uacf5×3,U+ACFC:\uacfc×1,U+AD00:\uad00×15,U+AD6C:\uad6c×1,U+ADE0:\uade0×1,U+AE09:\uae09×3,U+AE30:\uae30×10,U+B098:\ub098×2,U+B0A8:\ub0a8×1,U+B0B4:\ub0b4×4,U+B124:\ub124×1,U+B204:\ub204×5,U+B2A5:\ub2a5×3,U+B300:\ub300×11,U+B3D9:\ub3d9×2,U+B418:\ub418×1,U+B41C:\ub41c×1,U+B420:\ub420×1,U+B428:\ub428×1,U+B450:\ub450×1,U+B4F1:\ub4f1×5,U+B514:\ub514×1,U+B5A4:\ub5a4×1,U+B5BB:\ub5bb×1,U+B7C9:\ub7c9×1,U+B7EC:\ub7ec×1,U+B824:\ub824×1,U+B825:\ub825×2,U+B828:\ub828×8,U+B840:\ub840×5,U+B85D:\ub85d×2,U+B960:\ub960×3,U+B978:\ub978×1,U+B97C:\ub97c×4,U+B9E4:\ub9e4×4,U+BA85:\uba85×2,U+BB34:\ubb34×2,U+BB38:\ubb38×4,U+BBFC:\ubbfc×1,U+BC0F:\ubc0f×3,U+BC1B:\ubc1b×1,U+BC1C:\ubc1c×4,U+BC8C:\ubc8c×1,U+BC95:\ubc95×3,U+BCD1:\ubcd1×1,U+BCF8:\ubcf8×1,U+BD80:\ubd80×2,U+C0AC:\uc0ac×4,U+C0C1:\uc0c1×1,U+C124:\uc124×1,U+C131:\uc131×5,U+C13C:\uc13c×1,U+C21C:\uc21c×1,U+C2DC:\uc2dc×4,U+C2DD:\uc2dd×8,U+C2E4:\uc2e4×1,U+C54A:\uc54a×3,U+C54C:\uc54c×1,U+C5B4:\uc5b4×4,U+C5B8:\uc5b8×3,U+C5C6:\uc5c6×6,U+C5C8:\uc5c8×1,U+C5D0:\uc5d0×18,U+C5EC:\uc5ec×5,U+C640:\uc640×1,U+C6A9:\uc6a9×4,U+C6B0:\uc6b0×5,U+C6D0:\uc6d0×1,U+C720:\uc720×1,U+C74C:\uc74c×10,U+C758:\uc758×19,U+C774:\uc774×14,U+C778:\uc778×8,U+C788:\uc788×11,U+C7A5:\uc7a5×11,U+C810:\uc810×1,U+C81C:\uc81c×8,U+C870:\uc870×3,U+C8FC:\uc8fc×2,U+C99D:\uc99d×5,U+C9C0:\uc9c0×7,U+C9C1:\uc9c1×2,U+C9C4:\uc9c4×1,U+C9C8:\uc9c8×1,U+CC98:\ucc98×1,U+CCB4:\uccb4×1,U+CD9C:\ucd9c×4,U+CF54:\ucf54×1,U+D0C0:\ud0c0×1,U+D1F4:\ud1f4×1,U+D398:\ud398×1,U+D558:\ud558×3,U+D55C:\ud55c×13,U+D600:\ud600×2,U+D655:\ud655×4,U+D669:\ud669×1,U+D68D:\ud68d×1,U+D6C4:\ud6c4×4	U+0028:(×1,U+0035:5×1,U+003A::×1,U+004E:N×1,U+004F:O×1,U+0050:P×1,U+0054:T×1,U+2460:\u2460×1,U+2461:\u2461×1,U+25CB:\u25cb×8,U+AC00:\uac00×2,U+AC01:\uac01×1,U+AC19:\uac19×1,U+AC70:\uac70×1,U+AC83:\uac83×11,U+AD50:\uad50×2,U+ADF8:\uadf8×1,U+ADF9:\uadf9×1,U+B294:\ub294×8,U+B2C8:\ub2c8×1,U+B2E4:\ub2e4×2,U+B2E8:\ub2e8×1,U+B2F4:\ub2f4×1,U+B2F9:\ub2f9×1,U+B370:\ub370×1,U+B3C4:\ub3c4×3,U+B3C5:\ub3c5×1,U+B3CC:\ub3cc×1,U+B4DC:\ub4dc×1,U+B4DD:\ub4dd×1,U+B4E0:\ub4e0×2,U+B4E4:\ub4e4×2,U+B610:\ub610×3,U+B77C:\ub77c×1,U+B85C:\ub85c×3,U+B8CC:\ub8cc×1,U+B8E8:\ub8e8×1,U+B8F9:\ub8f9×1,U+B958:\ub958×3,U+B9BD:\ub9bd×1,U+B9CE:\ub9ce×1,U+BA74:\uba74×1,U+BB3C:\ubb3c×1,U+BC00:\ubc00×1,U+BC18:\ubc18×1,U+BC29:\ubc29×1,U+BCF4:\ubcf4×1,U+BD04:\ubd04×1,U+C0B0:\uc0b0×1,U+C0DD:\uc0dd×2,U+C11C:\uc11c×2,U+C120:\uc120×3,U+C18C:\uc18c×1,U+C1A1:\uc1a1×1,U+C218:\uc218×2,U+C2E0:\uc2e0×2,U+C2EC:\uc2ec×1,U+C544:\uc544×1,U+C555:\uc555×1,U+C57C:\uc57c×2,U+C694:\uc694×4,U+C721:\uc721×2,U+C73C:\uc73c×6,U+C744:\uc744×10,U+C77C:\uc77c×2,U+C784:\uc784×2,U+C790:\uc790×2,U+C801:\uc801×1,U+C815:\uc815×8,U+C838:\uc838×1,U+C874:\uc874×3,U+C904:\uc904×1,U+C911:\uc911×2,U+CC30:\ucc30×1,U+CCA0:\ucca0×2,U+CD94:\ucd94×1,U+CDA9:\ucda9×1,U+CE58:\uce58×1,U+D0A4:\ud0a4×1,U+D0DC:\ud0dc×1,U+D0DD:\ud0dd×3,U+D300:\ud300×1,U+D3C9:\ud3c9×1,U+D3EC:\ud3ec×1,U+D544:\ud544×1,U+D559:\ud559×2,U+D560:\ud560×1,U+D568:\ud568×6,U+D56D:\ud56d×2,U+D574:\ud574×2,U+D638:\ud638×1,U+D654:\ud654×1,U+D658:\ud658×1,U+D65C:\ud65c×1,U+D68C:\ud68c×4,U+D788:\ud788×1	-
199	409	264	U+0027:'×2,U+0028:(×2,U+0029:)×4,U+002D:-×3,U+0032:2×1,U+0033:3×2,U+0035:5×1,U+0037:7×1,U+0041:A×1,U+0044:D×1,U+004C:L×1,U+0064:d×3,U+0065:e×2,U+006E:n×3,U+006F:o×1,U+0076:v×1,U+00B7:\xb7×2,U+2018:\u2018×2,U+2019:\u2019×2,U+AC1C:\uac1c×1,U+AC8C:\uac8c×4,U+ACBD:\uacbd×4,U+ACC4:\uacc4×2,U+ACE0:\uace0×6,U+AD00:\uad00×5,U+ADF8:\uadf8×7,U+AE30:\uae30×9,U+B098:\ub098×1,U+B0B4:\ub0b4×2,U+B124:\ub124×1,U+B144:\ub144×2,U+B204:\ub204×3,U+B294:\ub294×17,U+B2F4:\ub2f4×5,U+B2F9:\ub2f9×6,U+B300:\ub300×2,U+B3C4:\ub3c4×10,U+B3C5:\ub3c5×1,U+B3D9:\ub3d9×8,U+B4DD:\ub4dd×2,U+B4F1:\ub4f1×10,U+B514:\ub514×1,U+B5BB:\ub5bb×1,U+B78C:\ub78c×2,U+B7EC:\ub7ec×3,U+B828:\ub828×1,U+B85C:\ub85c×6,U+B85D:\ub85d×6,U+B8E8:\ub8e8×1,U+B960:\ub960×5,U+B97C:\ub97c×1,U+B9BD:\ub9bd×1,U+B9E4:\ub9e4×1,U+BA74:\uba74×3,U+BA85:\uba85×14,U+BABB:\ubabb×1,U+BB34:\ubb34×5,U+BBC0:\ubbc0×2,U+BBF8:\ubbf8×5,U+BC16:\ubc16×1,U+BC1B:\ubc1b×2,U+BC29:\ubc29×1,U+BC30:\ubc30×1,U+BC95:\ubc95×5,U+BCF8:\ubcf8×3,U+BD80:\ubd80×2,U+BD84:\ubd84×1,U+BE44:\ube44×1,U+C0AC:\uc0ac×5,U+C0B4:\uc0b4×1,U+C0C1:\uc0c1×6,U+C11C:\uc11c×4,U+C120:\uc120×1,U+C124:\uc124×12,U+C13C:\uc13c×1,U+C18D:\uc18d×1,U+C218:\uc218×3,U+C220:\uc220×1,U+C544:\uc544×1,U+C5C6:\uc5c6×4,U+C5D0:\uc5d0×7,U+C5EC:\uc5ec×2,U+C600:\uc600×2,U+C601:\uc601×1,U+C639:\uc639×1,U+C6B0:\uc6b0×5,U+C6C0:\uc6c0×1,U+C73C:\uc73c×4,U+C744:\uc744×2,U+C758:\uc758×20,U+C774:\uc774×5,U+C775:\uc775×1,U+C778:\uc778×7,U+C784:\uc784×2,U+C788:\uc788×2,U+C7A5:\uc7a5×14,U+C7AC:\uc7ac×2,U+C808:\uc808×2,U+C811:\uc811×2,U+C81C:\uc81c×3,U+C871:\uc871×3,U+C9C0:\uc9c0×4,U+C9C1:\uc9c1×3,U+CC28:\ucc28×1,U+CC45:\ucc45×2,U+CD0C:\ucd0c×1,U+CD5C:\ucd5c×1,U+CD9C:\ucd9c×2,U+CDA9:\ucda9×4,U+CDE8:\ucde8×1,U+CE5C:\uce5c×1,U+CF54:\ucf54×1,U+D0DC:\ud0dc×1,U+D130:\ud130×1,U+D558:\ud558×19,U+D560:\ud560×2,U+D56D:\ud56d×1,U+D588:\ud588×1,U+D589:\ud589×1,U+D5A5:\ud5a5×1,U+D604:\ud604×1,U+D615:\ud615×1,U+D654:\ud654×6,U+D655:\ud655×4,U+D68D:\ud68d×1,U+D788:\ud788×1	U+002C:,×4,U+002E:.×11,U+0034:4×1,U+003A::×1,U+004E:N×3,U+004F:O×3,U+0050:P×5,U+0053:S×1,U+0054:T×3,U+0061:a×6,U+0062:b×4,U+0063:c×1,U+0066:f×1,U+006C:l×1,U+006D:m×1,U+0072:r×1,U+0074:t×2,U+0079:y×1,U+2462:\u2462×1,U+25CB:\u25cb×6,U+AC00:\uac00×2,U+AC04:\uac04×2,U+AC10:\uac10×1,U+AC19:\uac19×2,U+AC70:\uac70×1,U+AC74:\uac74×1,U+AC80:\uac80×1,U+ACAC:\uacac×1,U+ACB0:\uacb0×2,U+ACF5:\uacf5×2,U+ACFC:\uacfc×2,U+AD6D:\uad6d×1,U+ADDC:\uaddc×1,U+ADE0:\uade0×1,U+ADFC:\uadfc×1,U+AE08:\uae08×3,U+AE09:\uae09×1,U+B192:\ub192×2,U+B2A5:\ub2a5×3,U+B2E4:\ub2e4×17,U+B2E8:\ub2e8×1,U+B370:\ub370×1,U+B3CC:\ub3cc×1,U+B41C:\ub41c×4,U+B420:\ub420×1,U+B4E0:\ub4e0×3,U+B530:\ub530×1,U+B610:\ub610×2,U+B77D:\ub77d×1,U+B824:\ub824×1,U+B8CC:\ub8cc×2,U+B978:\ub978×1,U+B9C8:\ub9c8×1,U+B9DD:\ub9dd×1,U+BC00:\ubc00×2,U+BC1C:\ubc1c×1,U+BC1D:\ubc1d×3,U+BCC4:\ubcc4×1,U+BCD1:\ubcd1×8,U+BCF4:\ubcf4×10,U+BD04:\ubd04×1,U+C0DD:\uc0dd×7,U+C131:\uc131×1,U+C1A1:\uc1a1×1,U+C2DC:\uc2dc×1,U+C2DD:\uc2dd×1,U+C2E4:\uc2e4×3,U+C545:\uc545×1,U+C548:\uc548×3,U+C54A:\uc54a×1,U+C57C:\uc57c×6,U+C591:\uc591×1,U+C5BB:\uc5bb×1,U+C5ED:\uc5ed×2,U+C5F0:\uc5f0×2,U+C5FC:\uc5fc×1,U+C640:\uc640×1,U+C644:\uc644×1,U+C694:\uc694×2,U+C6A9:\uc6a9×1,U+C6D0:\uc6d0×7,U+C704:\uc704×3,U+C720:\uc720×2,U+C740:\uc740×1,U+C77C:\uc77c×1,U+C790:\uc790×5,U+C791:\uc791×1,U+C801:\uc801×2,U+C804:\uc804×1,U+C815:\uc815×8,U+C874:\uc874×4,U+C8C4:\uc8c4×1,U+C8FC:\uc8fc×1,U+C911:\uc911×1,U+C99D:\uc99d×1,U+C9C4:\uc9c4×3,U+C9D1:\uc9d1×1,U+CC30:\ucc30×1,U+CCB4:\uccb4×1,U+CD94:\ucd94×3,U+CE68:\uce68×1,U+D2B9:\ud2b9×1,U+D310:\ud310×1,U+D328:\ud328×1,U+D3C9:\ud3c9×5,U+D3EC:\ud3ec×3,U+D488:\ud488×1,U+D559:\ud559×1,U+D55C:\ud55c×1,U+D569:\ud569×1,U+D5C8:\ud5c8×1,U+D600:\ud600×1,U+D658:\ud658×7,U+D65C:\ud65c×1,U+D734:\ud734×1,U+D790:\ud790×1	-
200	412	262	U+0028:(×1,U+0029:)×2,U+002D:-×8,U+002E:.×2,U+0031:1×1,U+0032:2×3,U+0033:3×1,U+0034:4×1,U+0035:5×1,U+0038:8×3,U+0041:A×5,U+0044:D×5,U+0049:I×5,U+004C:L×5,U+004E:N×3,U+004F:O×3,U+0050:P×3,U+0052:R×1,U+0054:T×3,U+0061:a×1,U+0063:c×2,U+0064:d×5,U+0065:e×11,U+0067:g×2,U+0069:i×7,U+006C:l×1,U+006D:m×2,U+006E:n×11,U+006F:o×7,U+0070:p×4,U+0071:q×1,U+0072:r×3,U+0073:s×2,U+0074:t×5,U+0075:u×1,U+0076:v×4,U+0079:y×1,U+AC01:\uac01×4,U+AC1C:\uac1c×2,U+AC83:\uac83×2,U+ACB0:\uacb0×2,U+ACF5:\uacf5×1,U+ACFC:\uacfc×2,U+AD00:\uad00×1,U+AD6D:\uad6d×2,U+AD8C:\uad8c×2,U+ADDC:\uaddc×5,U+AE30:\uae30×21,U+B144:\ub144×2,U+B294:\ub294×7,U+B2CC:\ub2cc×1,U+B2F4:\ub2f4×2,U+B2F9:\ub2f9×1,U+B300:\ub300×2,U+B370:\ub370×1,U+B3C4:\ub3c4×8,U+B3C5:\ub3c5×5,U+B3D9:\ub3d9×3,U+B4DC:\ub4dc×1,U+B4E4:\ub4e4×2,U+B4F1:\ub4f1×1,U+B78C:\ub78c×1,U+B85C:\ub85c×7,U+B85D:\ub85d×2,U+B8CC:\ub8cc×2,U+B97C:\ub97c×10,U+B984:\ub984×1,U+B9AC:\ub9ac×5,U+B9BD:\ub9bd×5,U+B9C8:\ub9c8×1,U+BA74:\uba74×2,U+BA85:\uba85×2,U+BB38:\ubb38×2,U+BBF8:\ubbf8×3,U+BC1B:\ubc1b×1,U+BC95:\ubc95×1,U+C11C:\uc11c×4,U+C124:\uc124×3,U+C131:\uc131×2,U+C2DC:\uc2dc×1,U+C2DD:\uc2dd×3,U+C544:\uc544×1,U+C558:\uc558×1,U+C57C:\uc57c×8,U+C5BB:\uc5bb×1,U+C5D0:\uc5d0×3,U+C5EC:\uc5ec×4,U+C600:\uc600×1,U+C639:\uc639×4,U+C640:\uc640×2,U+C6B4:\uc6b4×3,U+C6C0:\uc6c0×1,U+C724:\uc724×2,U+C73C:\uc73c×6,U+C744:\uc744×8,U+C784:\uc784×1,U+C790:\uc790×11,U+C7A5:\uc7a5×9,U+C804:\uc804×1,U+C815:\uc815×7,U+C871:\uc871×6,U+C874:\uc874×5,U+C99D:\uc99d×3,U+C9C4:\uc9c4×1,U+C9C8:\uc9c8×3,U+CD5C:\ucd5c×1,U+CD9C:\ucd9c×2,U+CDA9:\ucda9×3,U+CE58:\uce58×2,U+D130:\ud130×3,U+D1A0:\ud1a0×1,U+D300:\ud300×4,U+D558:\ud558×16,U+D568:\ud568×10,U+D574:\ud574×3,U+D638:\ud638×5,U+D654:\ud654×3,U+D655:\ud655×1,U+D6C8:\ud6c8×2	U+002C:,×11,U+003A::×1,U+0062:b×2,U+25CB:\u25cb×2,U+AC00:\uac00×6,U+AC10:\uac10×3,U+AC15:\uac15×1,U+AC19:\uac19×4,U+AC70:\uac70×3,U+AC8C:\uac8c×1,U+ACAC:\uacac×5,U+ACBD:\uacbd×3,U+ACE0:\uace0×2,U+AD6C:\uad6c×3,U+ADF8:\uadf8×2,U+B098:\ub098×3,U+B2A5:\ub2a5×5,U+B2E4:\ub2e4×9,U+B354:\ub354×1,U+B358:\ub358×1,U+B369:\ub369×1,U+B418:\ub418×4,U+B41C:\ub41c×2,U+B530:\ub530×1,U+B610:\ub610×1,U+B798:\ub798×2,U+B7EC:\ub7ec×2,U+B825:\ub825×2,U+B834:\ub834×1,U+B960:\ub960×1,U+B978:\ub978×5,U+B9B0:\ub9b0×1,U+B9CC:\ub9cc×1,U+B9CE:\ub9ce×1,U+B9DD:\ub9dd×3,U+BAA8:\ubaa8×1,U+BABB:\ubabb×1,U+BB34:\ubb34×1,U+BC1C:\ubc1c×7,U+BCC0:\ubcc0×1,U+BCD1:\ubcd1×2,U+BCF4:\ubcf4×4,U+BCF5:\ubcf5×1,U+BD80:\ubd80×1,U+BD84:\ubd84×1,U+BD88:\ubd88×1,U+BE44:\ube44×3,U+C0AC:\uc0ac×8,U+C0C1:\uc0c1×10,U+C0C9:\uc0c9×1,U+C120:\uc120×1,U+C18C:\uc18c×1,U+C190:\uc190×2,U+C218:\uc218×8,U+C219:\uc219×1,U+C220:\uc220×3,U+C2AC:\uc2ac×1,U+C2E0:\uc2e0×5,U+C2E4:\uc2e4×2,U+C54A:\uc54a×1,U+C54C:\uc54c×1,U+C555:\uc555×1,U+C560:\uc560×1,U+C561:\uc561×1,U+C5B4:\uc5b4×1,U+C5ED:\uc5ed×1,U+C5FC:\uc5fc×2,U+C608:\uc608×1,U+C694:\uc694×2,U+C6A9:\uc6a9×3,U+C6B8:\uc6b8×1,U+C720:\uc720×2,U+C721:\uc721×1,U+C740:\uc740×2,U+C74C:\uc74c×1,U+C751:\uc751×1,U+C758:\uc758×4,U+C774:\uc774×1,U+C778:\uc778×2,U+C785:\uc785×2,U+C788:\uc788×5,U+C791:\uc791×1,U+C7A0:\uc7a0×1,U+C7AC:\uc7ac×4,U+C801:\uc801×5,U+C808:\uc808×1,U+C81C:\uc81c×1,U+C9C0:\uc9c0×4,U+C9D0:\uc9d0×1,U+CC30:\ucc30×1,U+CC98:\ucc98×2,U+CCB4:\uccb4×1,U+CD94:\ucd94×1,U+D0C0:\ud0c0×1,U+D0C8:\ud0c8×1,U+D0DC:\ud0dc×2,U+D0DD:\ud0dd×1,U+D1B5:\ud1b5×1,U+D2B9:\ud2b9×1,U+D33D:\ud33d×1,U+D3C9:\ud3c9×2,U+D3D0:\ud3d0×2,U+D514:\ud514×1,U+D53C:\ud53c×1,U+D544:\ud544×1,U+D559:\ud559×2,U+D560:\ud560×3,U+D589:\ud589×1,U+D5A5:\ud5a5×2,U+D5D8:\ud5d8×8,U+D608:\ud608×2,U+D658:\ud658×1,U+D68C:\ud68c×2,U+D6C4:\ud6c4×1,U+D76C:\ud76c×2	-
201	357	258	U+0028:(×11,U+0029:)×9,U+002C:,×10,U+002F:/×5,U+0030:0×6,U+0031:1×1,U+0033:3×4,U+0034:4×1,U+0035:5×4,U+0036:6×2,U+0037:7×1,U+0038:8×1,U+0039:9×2,U+0044:D×1,U+0045:E×1,U+0046:F×1,U+004C:L×6,U+004D:M×2,U+0055:U×1,U+0061:a×3,U+0063:c×2,U+0064:d×4,U+0067:g×3,U+0068:h×1,U+0069:i×1,U+006C:l×5,U+006D:m×13,U+006F:o×5,U+0072:r×4,U+0075:u×2,U+0077:w×1,U+007E:~×1,U+03BC:\u03bc×2,U+2022:\u2022×3,U+2460:\u2460×3,U+2461:\u2461×3,U+2462:\u2462×3,U+326E:\u326e×1,U+326F:\u326f×1,U+AC00:\uac00×1,U+AC04:\uac04×9,U+AC10:\uac10×2,U+AC15:\uac15×1,U+AC1C:\uac1c×2,U+ACA9:\uaca9×3,U+ACB0:\uacb0×1,U+ACBD:\uacbd×2,U+ACE0:\uace0×1,U+ACE8:\uace8×1,U+AD00:\uad00×1,U+AD70:\uad70×1,U+ADE0:\uade0×1,U+AE08:\uae08×1,U+B098:\ub098×2,U+B09C:\ub09c×1,U+B0B4:\ub0b4×1,U+B1CC:\ub1cc×1,U+B2E8:\ub2e8×2,U+B300:\ub300×5,U+B354:\ub354×1,U+B3C5:\ub3c5×2,U+B3D9:\ub3d9×2,U+B4DD:\ub4dd×1,U+B4E4:\ub4e4×1,U+B4F1:\ub4f1×1,U+B54C:\ub54c×2,U+B610:\ub610×2,U+B77C:\ub77c×2,U+B85D:\ub85d×2,U+B8E8:\ub8e8×3,U+B958:\ub958×1,U+B984:\ub984×1,U+B9AC:\ub9ac×3,U+B9C9:\ub9c9×1,U+B9CC:\ub9cc×2,U+B9E5:\ub9e5×1,U+BA74:\uba74×2,U+BA85:\uba85×1,U+BB38:\ubb38×1,U+BBC0:\ubbc0×1,U+BBF8:\ubbf8×2,U+BBFC:\ubbfc×1,U+BC18:\ubc18×2,U+BC1B:\ubc1b×2,U+BC1C:\ubc1c×3,U+BC94:\ubc94×2,U+BCC0:\ubcc0×1,U+BCF5:\ubcf5×2,U+BCFC:\ubcfc×1,U+BD84:\ubd84×1,U+BE48:\ube48×2,U+BE4C:\ube4c×2,U+C060:\uc060×1,U+C0B6:\uc0b6×1,U+C0C1:\uc0c1×6,U+C11C:\uc11c×4,U+C124:\uc124×1,U+C131:\uc131×4,U+C138:\uc138×4,U+C18C:\uc18c×2,U+C1E0:\uc1e0×1,U+C218:\uc218×1,U+C220:\uc220×1,U+C545:\uc545×1,U+C554:\uc554×2,U+C57D:\uc57d×1,U+C5B4:\uc5b4×2,U+C5C4:\uc5c4×1,U+C5C6:\uc5c6×4,U+C5FC:\uc5fc×1,U+C608:\uc608×1,U+C628:\uc628×1,U+C644:\uc644×1,U+C678:\uc678×2,U+C6B0:\uc6b0×1,U+C6B8:\uc6b8×3,U+C724:\uc724×1,U+C73C:\uc73c×1,U+C751:\uc751×3,U+C758:\uc758×4,U+C774:\uc774×19,U+C778:\uc778×3,U+C804:\uc804×2,U+C808:\uc808×6,U+C810:\uc810×1,U+C871:\uc871×3,U+C900:\uc900×3,U+C999:\uc999×1,U+C99D:\uc99d×8,U+C9C8:\uc9c8×4,U+CC28:\ucc28×1,U+CC99:\ucc99×2,U+CCAD:\uccad×3,U+CCB4:\uccb4×1,U+CDE8:\ucde8×1,U+CE21:\uce21×1,U+CE5C:\uce5c×1,U+CE68:\uce68×2,U+D070:\ud070×1,U+D07C:\ud07c×1,U+D3C9:\ud3c9×1,U+D3D0:\ud3d0×1,U+D558:\ud558×1,U+D569:\ud569×1,U+D574:\ud574×1,U+D608:\ud608×3,U+D654:\ud654×1,U+D788:\ud788×2,U+FF1C:\uff1c×1,U+FF1E:\uff1e×2	U+002D:-×2,U+002E:.×9,U+0032:2×1,U+003A::×1,U+0052:R×6,U+0053:S×3,U+0054:T×3,U+0062:b×2,U+0066:f×4,U+006E:n×1,U+0070:p×1,U+0073:s×1,U+0074:t×1,U+25CB:\u25cb×3,U+AC19:\uac19×2,U+AC80:\uac80×1,U+AC8C:\uac8c×4,U+ACF5:\uacf5×2,U+ACFC:\uacfc×5,U+AD6C:\uad6c×4,U+AD6D:\uad6d×3,U+ADF8:\uadf8×3,U+ADFC:\uadfc×1,U+AE09:\uae09×1,U+AE30:\uae30×4,U+B144:\ub144×2,U+B294:\ub294×3,U+B2A5:\ub2a5×3,U+B2E4:\ub2e4×10,U+B370:\ub370×1,U+B41C:\ub41c×1,U+B450:\ub450×1,U+B4E0:\ub4e0×2,U+B530:\ub530×1,U+B7A8:\ub7a8×3,U+B828:\ub828×2,U+B85C:\ub85c×1,U+B8CC:\ub8cc×1,U+B978:\ub978×2,U+B97C:\ub97c×4,U+BA70:\uba70×1,U+BAA8:\ubaa8×2,U+BC0F:\ubc0f×3,U+BCC4:\ubcc4×2,U+BCD1:\ubcd1×11,U+BCF4:\ubcf4×2,U+C0AC:\uc0ac×1,U+C0DD:\uc0dd×6,U+C2DC:\uc2dc×3,U+C2E4:\uc2e4×1,U+C54A:\uc54a×3,U+C54C:\uc54c×1,U+C560:\uc560×2,U+C561:\uc561×1,U+C57C:\uc57c×3,U+C5D0:\uc5d0×1,U+C5EC:\uc5ec×3,U+C601:\uc601×1,U+C640:\uc640×1,U+C694:\uc694×3,U+C6A9:\uc6a9×1,U+C6D0:\uc6d0×12,U+C704:\uc704×5,U+C740:\uc740×4,U+C744:\uc744×5,U+C74C:\uc74c×2,U+C77C:\uc77c×3,U+C788:\uc788×3,U+C790:\uc790×4,U+C791:\uc791×1,U+C7A5:\uc7a5×11,U+C801:\uc801×5,U+C81C:\uc81c×4,U+C874:\uc874×7,U+CC29:\ucc29×1,U+CD5C:\ucd5c×2,U+CD9C:\ucd9c×4,U+D06C:\ud06c×1,U+D1B5:\ud1b5×1,U+D2B9:\ud2b9×1,U+D3EC:\ud3ec×3,U+D504:\ud504×2,U+D544:\ud544×2,U+D55C:\ud55c×3,U+D568:\ud568×3,U+D56D:\ud56d×2,U+D5D8:\ud5d8×3,U+D611:\ud611×1,U+D658:\ud658×5,U+D68C:\ud68c×1	-
202	699	604	U+0027:'×1,U+0028:(×21,U+0029:)×13,U+002A:*×3,U+002B:+×6,U+002C:,×10,U+002F:/×4,U+0030:0×14,U+0034:4×2,U+0036:6×3,U+0037:7×4,U+0038:8×4,U+0039:9×1,U+003A::×4,U+003C:<×1,U+003D:=×2,U+0042:B×2,U+0044:D×1,U+0045:E×1,U+0049:I×2,U+004C:L×10,U+004E:N×3,U+0050:P×1,U+0052:R×3,U+005B:[×2,U+005D:]×2,U+0061:a×33,U+0062:b×9,U+0063:c×20,U+0064:d×16,U+0065:e×35,U+0067:g×14,U+0068:h×11,U+0069:i×45,U+006C:l×24,U+006D:m×12,U+006E:n×11,U+006F:o×24,U+0070:p×7,U+0072:r×24,U+0073:s×24,U+0074:t×13,U+0075:u×7,U+0076:v×1,U+0077:w×1,U+0078:x×3,U+0079:y×10,U+201C:\u201c×1,U+201D:\u201d×1,U+203B:\u203b×5,U+2179:\u2179×3,U+2461:\u2461×1,U+2462:\u2462×1,U+2463:\u2463×1,U+326E:\u326e×3,U+326F:\u326f×3,U+3270:\u3270×3,U+AC04:\uac04×25,U+AC1C:\uac1c×1,U+AC80:\uac80×1,U+ACA9:\uaca9×1,U+ACBD:\uacbd×1,U+AD70:\uad70×3,U+AE4C:\uae4c×1,U+B0AD:\ub0ad×1,U+B0AE:\ub0ae×1,U+B1E8:\ub1e8×1,U+B2A5:\ub2a5×1,U+B2CC:\ub2cc×1,U+B2F4:\ub2f4×4,U+B3C4:\ub3c4×2,U+B418:\ub418×1,U+B7EC:\ub7ec×2,U+B808:\ub808×2,U+B825:\ub825×1,U+B85D:\ub85d×2,U+B8E8:\ub8e8×1,U+B9CC:\ub9cc×3,U+B9E5:\ub9e5×1,U+BB3C:\ubb3c×3,U+BC14:\ubc14×2,U+BC1C:\ubc1c×2,U+BC94:\ubc94×2,U+BCC0:\ubcc0×2,U+BCC4:\ubcc4×2,U+BE48:\ube48×1,U+BE4C:\ube4c×1,U+C0B0:\uc0b0×1,U+C0C1:\uc0c1×3,U+C11D:\uc11d×3,U+C131:\uc131×25,U+C138:\uc138×3,U+C18C:\uc18c×1,U+C1C4:\uc1c4×2,U+C22B:\uc22b×1,U+C2A4:\uc2a4×2,U+C2A8:\uc2a8×1,U+C2DC:\uc2dc×1,U+C554:\uc554×4,U+C561:\uc561×3,U+C57D:\uc57d×2,U+C591:\uc591×4,U+C5ED:\uc5ed×1,U+C5FC:\uc5fc×3,U+C608:\uc608×1,U+C62C:\uc62c×1,U+C678:\uc678×3,U+C6B8:\uc6b8×2,U+C70C:\uc70c×1,U+C77C:\uc77c×3,U+C785:\uc785×1,U+C804:\uc804×1,U+C810:\uc810×3,U+C885:\uc885×7,U+C8FC:\uc8fc×1,U+C900:\uc900×1,U+C911:\uc911×1,U+C999:\uc999×4,U+C9C8:\uc9c8×8,U+CCB4:\uccb4×4,U+CDCC:\ucdcc×1,U+CE68:\uce68×2,U+CF54:\ucf54×1,U+D06C:\ud06c×3,U+D0C0:\ud0c0×1,U+D22C:\ud22c×3,U+D2B9:\ud2b9×1,U+D2F0:\ud2f0×2,U+D3D0:\ud3d0×2,U+D3EC:\ud3ec×3,U+D53C:\ud53c×2,U+D559:\ud559×1,U+D608:\ud608×6,U+D615:\ud615×2,U+D654:\ud654×1,U+D658:\ud658×5,U+D68C:\ud68c×1,U+D6C4:\ud6c4×2	U+0031:1×2,U+0032:2×6,U+0035:5×6,U+0053:S×3,U+0054:T×1,U+00B7:\xb7×2,U+25CB:\u25cb×4,U+300C:\u300c×1,U+300D:\u300d×1,U+AC00:\uac00×9,U+AC01:\uac01×1,U+AC15:\uac15×2,U+AC19:\uac19×1,U+AC74:\uac74×2,U+AC83:\uac83×2,U+AC8C:\uac8c×2,U+ACB0:\uacb0×1,U+ACC4:\uacc4×1,U+ACE0:\uace0×6,U+ACFC:\uacfc×6,U+AD00:\uad00×10,U+AD6C:\uad6c×1,U+AD6D:\uad6d×4,U+AD8C:\uad8c×1,U+ADDC:\uaddc×1,U+ADE0:\uade0×1,U+ADF8:\uadf8×4,U+ADFC:\uadfc×1,U+AE30:\uae30×34,U+AED8:\uaed8×1,U+B098:\ub098×3,U+B0B4:\ub0b4×6,U+B144:\ub144×4,U+B294:\ub294×10,U+B2E4:\ub2e4×4,U+B300:\ub300×2,U+B3D9:\ub3d9×17,U+B428:\ub428×1,U+B450:\ub450×1,U+B4DD:\ub4dd×1,U+B4E0:\ub4e0×1,U+B4F1:\ub4f1×15,U+B530:\ub530×5,U+B610:\ub610×1,U+B824:\ub824×1,U+B828:\ub828×3,U+B839:\ub839×2,U+B840:\ub840×3,U+B85C:\ub85c×1,U+B8CC:\ub8cc×1,U+B960:\ub960×5,U+B978:\ub978×5,U+B97C:\ub97c×7,U+B9AC:\ub9ac×1,U+B9BC:\ub9bc×1,U+B9DD:\ub9dd×1,U+BA85:\uba85×7,U+BAA9:\ubaa9×2,U+BABB:\ubabb×1,U+BB38:\ubb38×1,U+BBF8:\ubbf8×6,U+BBFC:\ubbfc×1,U+BC0F:\ubc0f×2,U+BC16:\ubc16×2,U+BC1B:\ubc1b×2,U+BC29:\ubc29×3,U+BC95:\ubc95×8,U+BCD1:\ubcd1×5,U+BCF8:\ubcf8×6,U+BD80:\ubd80×3,U+BD88:\ubd88×1,U+C0AC:\uc0ac×3,U+C0DD:\uc0dd×2,U+C11C:\uc11c×8,U+C120:\uc120×2,U+C124:\uc124×1,U+C13C:\uc13c×1,U+C218:\uc218×2,U+C21C:\uc21c×7,U+C220:\uc220×1,U+C2DD:\uc2dd×4,U+C2E0:\uc2e0×1,U+C545:\uc545×1,U+C54A:\uc54a×2,U+C54C:\uc54c×3,U+C560:\uc560×1,U+C57C:\uc57c×4,U+C5B4:\uc5b4×2,U+C5B8:\uc5b8×2,U+C5C6:\uc5c6×1,U+C5C8:\uc5c8×1,U+C5D0:\uc5d0×27,U+C5EC:\uc5ec×4,U+C601:\uc601×1,U+C640:\uc640×1,U+C6A9:\uc6a9×6,U+C6B0:\uc6b0×2,U+C6D0:\uc6d0×2,U+C704:\uc704×4,U+C720:\uc720×5,U+C740:\uc740×3,U+C744:\uc744×4,U+C74C:\uc74c×9,U+C758:\uc758×38,U+C774:\uc774×10,U+C778:\uc778×8,U+C784:\uc784×1,U+C788:\uc788×6,U+C790:\uc790×16,U+C7A5:\uc7a5×24,U+C801:\uc801×8,U+C808:\uc808×1,U+C815:\uc815×2,U+C81C:\uc81c×8,U+C870:\uc870×6,U+C871:\uc871×9,U+C874:\uc874×5,U+C99D:\uc99d×8,U+C9C0:\uc9c0×2,U+CCA8:\ucca8×1,U+CD5C:\ucd5c×1,U+CD9C:\ucd9c×6,U+D0DC:\ud0dc×1,U+D1B5:\ud1b5×2,U+D30C:\ud30c×1,U+D3C9:\ud3c9×1,U+D558:\ud558×11,U+D55C:\ud55c×21,U+D560:\ud560×3,U+D568:\ud568×1,U+D569:\ud569×1,U+D56D:\ud56d×3,U+D574:\ud574×1,U+D589:\ud589×1,U+D5A5:\ud5a5×1,U+D604:\ud604×2,U+D638:\ud638×2,U+D655:\ud655×3,U+D669:\ud669×1,U+D68D:\ud68d×1,U+D76C:\ud76c×1	-
203	718	354	U+0028:(×6,U+0029:)×3,U+002C:,×35,U+002E:.×5,U+0030:0×7,U+0031:1×6,U+0034:4×3,U+0035:5×1,U+0039:9×1,U+003A::×1,U+003D:=×1,U+0042:B×4,U+0043:C×3,U+0044:D×3,U+0045:E×3,U+0046:F×2,U+0047:G×1,U+004C:L×3,U+004D:M×1,U+0050:P×2,U+0061:a×7,U+0062:b×1,U+0063:c×5,U+0064:d×5,U+0065:e×5,U+0066:f×1,U+0067:g×2,U+0068:h×3,U+0069:i×6,U+006B:k×1,U+006C:l×2,U+006D:m×3,U+006E:n×2,U+006F:o×5,U+0072:r×6,U+0073:s×3,U+0074:t×3,U+0075:u×4,U+0077:w×1,U+007E:~×1,U+2022:\u2022×1,U+203B:\u203b×3,U+AC00:\uac00×4,U+AC01:\uac01×1,U+AC04:\uac04×44,U+AC10:\uac10×1,U+AC1C:\uac1c×5,U+AC70:\uac70×1,U+AC80:\uac80×2,U+AC83:\uac83×1,U+ACA9:\uaca9×8,U+ACB0:\uacb0×1,U+ACBD:\uacbd×18,U+ACC4:\uacc4×1,U+AD70:\uad70×2,U+AE08:\uae08×1,U+AE09:\uae09×2,U+AE34:\uae34×1,U+AE4C:\uae4c×3,U+B0A0:\ub0a0×1,U+B0AD:\ub0ad×1,U+B144:\ub144×3,U+B192:\ub192×1,U+B1CC:\ub1cc×1,U+B294:\ub294×4,U+B2E4:\ub2e4×3,U+B2E8:\ub2e8×1,U+B2F4:\ub2f4×11,U+B2F9:\ub2f9×1,U+B300:\ub300×2,U+B3C4:\ub3c4×5,U+B418:\ub418×1,U+B428:\ub428×2,U+B4DC:\ub4dc×3,U+B4E0:\ub4e0×2,U+B4F1:\ub4f1×2,U+B530:\ub530×5,U+B610:\ub610×1,U+B77C:\ub77c×2,U+B798:\ub798×1,U+B7B5:\ub7b5×1,U+B7EC:\ub7ec×2,U+B824:\ub824×1,U+B839:\ub839×1,U+B85C:\ub85c×5,U+B85D:\ub85d×1,U+B8CC:\ub8cc×12,U+B974:\ub974×5,U+B984:\ub984×1,U+B9BD:\ub9bd×1,U+B9CC:\ub9cc×3,U+B9D0:\ub9d0×1,U+B9DD:\ub9dd×2,U+B9E5:\ub9e5×1,U+BA70:\uba70×5,U+BA74:\uba74×6,U+BAA8:\ubaa8×1,U+BBC0:\ubbc0×1,U+BBF8:\ubbf8×2,U+BC14:\ubc14×3,U+BC18:\ubc18×1,U+BC1C:\ubc1c×1,U+BC29:\ubc29×1,U+BC31:\ubc31×1,U+BC88:\ubc88×1,U+BC95:\ubc95×1,U+BCC4:\ubcc4×3,U+BCD1:\ubcd1×2,U+BCF8:\ubcf8×2,U+BD80:\ubd80×1,U+BD88:\ubd88×1,U+BE44:\ube44×2,U+C0AC:\uc0ac×3,U+C0B0:\uc0b0×3,U+C0C1:\uc0c1×10,U+C120:\uc120×6,U+C131:\uc131×33,U+C138:\uc138×8,U+C18C:\uc18c×3,U+C18D:\uc18d×1,U+C1C4:\uc1c4×1,U+C2A4:\uc2a4×2,U+C2B5:\uc2b5×1,U+C2DD:\uc2dd×12,U+C2E0:\uc2e0×2,U+C2EC:\uc2ec×1,U+C544:\uc544×4,U+C545:\uc545×1,U+C548:\uc548×1,U+C54C:\uc54c×1,U+C554:\uc554×3,U+C591:\uc591×2,U+C5F0:\uc5f0×2,U+C5FC:\uc5fc×9,U+C608:\uc608×1,U+C62C:\uc62c×1,U+C640:\uc640×1,U+C678:\uc678×5,U+C694:\uc694×6,U+C6B0:\uc6b0×6,U+C6B8:\uc6b8×1,U+C6D0:\uc6d0×4,U+C6D4:\uc6d4×3,U+C704:\uc704×3,U+C724:\uc724×1,U+C73C:\uc73c×7,U+C740:\uc740×3,U+C744:\uc744×6,U+C751:\uc751×1,U+C774:\uc774×22,U+C77C:\uc77c×2,U+C784:\uc784×4,U+C804:\uc804×10,U+C810:\uc810×3,U+C815:\uc815×2,U+C838:\uc838×1,U+C871:\uc871×2,U+C874:\uc874×1,U+C885:\uc885×4,U+C900:\uc900×9,U+C911:\uc911×2,U+C999:\uc999×5,U+C9C1:\uc9c1×1,U+C9C4:\uc9c4×3,U+C9C8:\uc9c8×7,U+C9F8:\uc9f8×1,U+CC28:\ucc28×2,U+CC9C:\ucc9c×6,U+CCB4:\uccb4×2,U+CD94:\ucd94×1,U+CDA9:\ucda9×1,U+CE58:\uce58×10,U+CE68:\uce68×3,U+D0C0:\ud0c0×2,U+D0DC:\ud0dc×2,U+D1A0:\ud1a0×2,U+D3D0:\ud3d0×1,U+D3EC:\ud3ec×6,U+D45C:\ud45c×1,U+D544:\ud544×4,U+D559:\ud559×3,U+D560:\ud560×1,U+D568:\ud568×10,U+D574:\ud574×1,U+D575:\ud575×1,U+D589:\ud589×3,U+D5D8:\ud5d8×1,U+D604:\ud604×1,U+D608:\ud608×1,U+D615:\ud615×4,U+D639:\ud639×1,U+D654:\ud654×10,U+D658:\ud658×8,U+D68C:\ud68c×4,U+D6A8:\ud6a8×4,U+FF65:\uff65×3	U+002D:-×2,U+0032:2×2,U+0036:6×1,U+25CB:\u25cb×2,U+AC15:\uac15×1,U+AC74:\uac74×1,U+AC8C:\uac8c×6,U+ACE0:\uace0×6,U+ACF5:\uacf5×4,U+ACFC:\uacfc×4,U+AD00:\uad00×13,U+AD6C:\uad6c×2,U+AD6D:\uad6d×1,U+ADE0:\uade0×1,U+AE30:\uae30×15,U+B098:\ub098×3,U+B0A8:\ub0a8×1,U+B0B4:\ub0b4×1,U+B124:\ub124×1,U+B204:\ub204×5,U+B2A5:\ub2a5×5,U+B3D9:\ub3d9×12,U+B41C:\ub41c×2,U+B420:\ub420×1,U+B450:\ub450×1,U+B4E4:\ub4e4×2,U+B514:\ub514×1,U+B5A4:\ub5a4×1,U+B5BB:\ub5bb×1,U+B825:\ub825×2,U+B828:\ub828×9,U+B840:\ub840×2,U+B960:\ub960×4,U+B97C:\ub97c×11,U+B9AC:\ub9ac×2,U+B9E4:\ub9e4×4,U+BA85:\uba85×10,U+BB34:\ubb34×3,U+BB38:\ubb38×4,U+BBFC:\ubbfc×1,U+BC0F:\ubc0f×2,U+BC1B:\ubc1b×7,U+BC8C:\ubc8c×1,U+C0DD:\uc0dd×2,U+C11C:\uc11c×5,U+C124:\uc124×7,U+C13C:\uc13c×1,U+C218:\uc218×2,U+C21C:\uc21c×1,U+C220:\uc220×3,U+C54A:\uc54a×2,U+C57C:\uc57c×2,U+C5B4:\uc5b4×7,U+C5B8:\uc5b8×5,U+C5C6:\uc5c6×2,U+C5C8:\uc5c8×1,U+C5D0:\uc5d0×5,U+C5EC:\uc5ec×1,U+C6A9:\uc6a9×4,U+C6C0:\uc6c0×1,U+C720:\uc720×3,U+C74C:\uc74c×12,U+C758:\uc758×21,U+C778:\uc778×2,U+C788:\uc788×11,U+C790:\uc790×12,U+C7A5:\uc7a5×12,U+C801:\uc801×1,U+C81C:\uc81c×9,U+C870:\uc870×4,U+C8FC:\uc8fc×1,U+C99D:\uc99d×7,U+C9C0:\uc9c0×2,U+CC98:\ucc98×1,U+CD9C:\ucd9c×6,U+D130:\ud130×3,U+D1F4:\ud1f4×1,U+D398:\ud398×1,U+D3C9:\ud3c9×1,U+D558:\ud558×9,U+D55C:\ud55c×12,U+D600:\ud600×2,U+D655:\ud655×5,U+D669:\ud669×1,U+D68D:\ud68d×1,U+D6C4:\ud6c4×3	-
204	875	412	U+0025:%×7,U+0028:(×4,U+0029:)×11,U+002B:+×1,U+002C:,×7,U+002D:-×5,U+002E:.×23,U+002F:/×18,U+0030:0×14,U+0031:1×5,U+0032:2×15,U+0033:3×8,U+0034:4×3,U+0035:5×5,U+0036:6×17,U+0037:7×7,U+0039:9×4,U+003A::×3,U+0041:A×3,U+0042:B×3,U+0043:C×18,U+0045:E×1,U+0046:F×3,U+0047:G×1,U+0048:H×3,U+0049:I×2,U+004B:K×1,U+004D:M×1,U+004E:N×2,U+0050:P×6,U+0052:R×1,U+0053:S×2,U+0056:V×6,U+005F:_×6,U+0061:a×10,U+0062:b×1,U+0063:c×3,U+0064:d×5,U+0065:e×9,U+0066:f×6,U+0067:g×11,U+0068:h×15,U+0069:i×12,U+006A:j×7,U+006C:l×14,U+006D:m×8,U+0070:p×6,U+0072:r×11,U+0073:s×10,U+0074:t×8,U+0075:u×7,U+0077:w×6,U+0078:x×1,U+0079:y×1,U+2161:\u2161×1,U+304C:\u304c×1,U+3093:\u3093×1,U+30B9:\u30b9×1,U+30D7:\u30d7×1,U+30E9:\u30e9×1,U+AC01:\uac01×6,U+AC04:\uac04×37,U+AC10:\uac10×4,U+AC70:\uac70×1,U+AC74:\uac74×6,U+AC80:\uac80×1,U+AC83:\uac83×1,U+ACBD:\uacbd×6,U+ACE0:\uace0×3,U+ACF5:\uacf5×2,U+AD50:\uad50×1,U+AD6C:\uad6c×4,U+AD6D:\uad6d×2,U+AD8C:\uad8c×2,U+ADF9:\uadf9×1,U+AE09:\uae09×1,U+AE34:\uae34×1,U+AE4C:\uae4c×1,U+AF2D:\uaf2d×1,U+B098:\ub098×1,U+B144:\ub144×2,U+B178:\ub178×5,U+B192:\ub192×2,U+B290:\ub290×1,U+B2E4:\ub2e4×2,U+B2E8:\ub2e8×2,U+B300:\ub300×9,U+B370:\ub370×1,U+B418:\ub418×5,U+B41C:\ub41c×1,U+B428:\ub428×1,U+B450:\ub450×1,U+B4DC:\ub4dc×3,U+B4E6:\ub4e6×1,U+B530:\ub530×1,U+B54C:\ub54c×1,U+B77C:\ub77c×5,U+B7EC:\ub7ec×3,U+B807:\ub807×1,U+B840:\ub840×7,U+B85C:\ub85c×4,U+B8CC:\ub8cc×11,U+B958:\ub958×4,U+B974:\ub974×3,U+B9AC:\ub9ac×1,U+B9BC:\ub9bc×1,U+B9CC:\ub9cc×4,U+B9CE:\ub9ce×1,U+B9DE:\ub9de×1,U+B9E5:\ub9e5×1,U+BA70:\uba70×5,U+BA87:\uba87×2,U+BAA9:\ubaa9×1,U+BB38:\ubb38×1,U+BC00:\ubc00×4,U+BC0F:\ubc0f×6,U+BC14:\ubc14×5,U+BC18:\ubc18×1,U+BC1C:\ubc1c×6,U+BC88:\ubc88×2,U+BCD1:\ubcd1×6,U+BCF4:\ubcf4×8,U+BCF5:\ubcf5×1,U+BD84:\ubd84×4,U+BE44:\ube44×5,U+BE48:\ube48×1,U+BE60:\ube60×1,U+C0C1:\uc0c1×2,U+C0C9:\uc0c9×1,U+C0DD:\uc0dd×4,U+C11C:\uc11c×9,U+C131:\uc131×8,U+C138:\uc138×2,U+C18C:\uc18c×3,U+C1C4:\uc1c4×1,U+C1E0:\uc1e0×1,U+C220:\uc220×2,U+C2A4:\uc2a4×6,U+C2B5:\uc2b5×1,U+C2DC:\uc2dc×3,U+C2DD:\uc2dd×9,U+C2E0:\uc2e0×1,U+C2E4:\uc2e4×2,U+C548:\uc548×1,U+C54A:\uc54a×3,U+C554:\uc554×5,U+C560:\uc560×1,U+C591:\uc591×3,U+C5B4:\uc5b4×2,U+C5B5:\uc5b5×1,U+C5BB:\uc5bb×2,U+C5C5:\uc5c5×2,U+C5C8:\uc5c8×3,U+C5D0:\uc5d0×13,U+C5EC:\uc5ec×2,U+C5ED:\uc5ed×1,U+C5F0:\uc5f0×6,U+C5F4:\uc5f4×1,U+C5FC:\uc5fc×11,U+C62C:\uc62c×1,U+C654:\uc654×1,U+C678:\uc678×3,U+C694:\uc694×2,U+C6A9:\uc6a9×3,U+C704:\uc704×1,U+C720:\uc720×2,U+C728:\uc728×4,U+C73C:\uc73c×6,U+C740:\uc740×5,U+C74C:\uc74c×5,U+C751:\uc751×2,U+C774:\uc774×28,U+C77C:\uc77c×2,U+C785:\uc785×1,U+C804:\uc804×8,U+C810:\uc810×1,U+C815:\uc815×1,U+C838:\uc838×1,U+C874:\uc874×1,U+C885:\uc885×1,U+C8FC:\uc8fc×1,U+C900:\uc900×7,U+C911:\uc911×7,U+C989:\uc989×1,U+C9C4:\uc9c4×3,U+C9F8:\uc9f8×1,U+CCB4:\uccb4×2,U+CD94:\ucd94×1,U+CDCC:\ucdcc×1,U+CE58:\uce58×9,U+CE68:\uce68×1,U+D0A4:\ud0a4×2,U+D0C4:\ud0c4×1,U+D0E0:\ud0e0×1,U+D1A0:\ud1a0×1,U+D22C:\ud22c×1,U+D310:\ud310×2,U+D3B8:\ud3b8×1,U+D3D0:\ud3d0×1,U+D3EC:\ud3ec×4,U+D45C:\ud45c×1,U+D53C:\ud53c×2,U+D559:\ud559×1,U+D568:\ud568×2,U+D569:\ud569×3,U+D56D:\ud56d×3,U+D5A5:\ud5a5×2,U+D5D8:\ud5d8×5,U+D608:\ud608×3,U+D615:\ud615×6,U+D639:\ud639×1,U+D68C:\ud68c×2,U+D6A8:\ud6a8×1,U+D6C4:\ud6c4×5	U+0027:'×2,U+0044:D×2,U+004C:L×2,U+004F:O×1,U+0054:T×1,U+006E:n×3,U+006F:o×1,U+0076:v×1,U+00B7:\xb7×5,U+2018:\u2018×1,U+2019:\u2019×1,U+2463:\u2463×1,U+25CB:\u25cb×6,U+AC00:\uac00×5,U+AC8C:\uac8c×10,U+ACC4:\uacc4×3,U+ACFC:\uacfc×1,U+AD00:\uad00×4,U+ADF8:\uadf8×3,U+AE08:\uae08×1,U+AE30:\uae30×25,U+B124:\ub124×1,U+B204:\ub204×3,U+B294:\ub294×6,U+B2C8:\ub2c8×1,U+B2F4:\ub2f4×4,U+B2F9:\ub2f9×6,U+B3C4:\ub3c4×6,U+B3C5:\ub3c5×1,U+B3D9:\ub3d9×8,U+B4DD:\ub4dd×4,U+B4F1:\ub4f1×12,U+B514:\ub514×1,U+B5A4:\ub5a4×1,U+B5BB:\ub5bb×1,U+B610:\ub610×1,U+B78C:\ub78c×4,U+B824:\ub824×1,U+B828:\ub828×3,U+B85D:\ub85d×6,U+B8E8:\ub8e8×1,U+B960:\ub960×6,U+B97C:\ub97c×7,U+B9BD:\ub9bd×1,U+B9E4:\ub9e4×2,U+BA85:\uba85×14,U+BAA8:\ubaa8×2,U+BABB:\ubabb×1,U+BB34:\ubb34×7,U+BBC0:\ubbc0×2,U+BBF8:\ubbf8×5,U+BC16:\ubc16×1,U+BC1B:\ubc1b×2,U+BC29:\ubc29×3,U+BC30:\ubc30×2,U+BC95:\ubc95×7,U+BCC0:\ubcc0×1,U+BCF8:\ubcf8×1,U+BD80:\ubd80×2,U+C0AC:\uc0ac×2,U+C0B4:\uc0b4×2,U+C120:\uc120×1,U+C124:\uc124×11,U+C13C:\uc13c×1,U+C18D:\uc18d×2,U+C218:\uc218×3,U+C544:\uc544×3,U+C54C:\uc54c×2,U+C57C:\uc57c×3,U+C5C6:\uc5c6×2,U+C600:\uc600×1,U+C601:\uc601×1,U+C639:\uc639×1,U+C6B0:\uc6b0×3,U+C6C0:\uc6c0×1,U+C744:\uc744×6,U+C758:\uc758×15,U+C775:\uc775×1,U+C778:\uc778×8,U+C784:\uc784×1,U+C788:\uc788×2,U+C790:\uc790×20,U+C791:\uc791×1,U+C7A5:\uc7a5×15,U+C801:\uc801×4,U+C808:\uc808×1,U+C811:\uc811×2,U+C81C:\uc81c×4,U+C870:\uc870×1,U+C871:\uc871×4,U+C99D:\uc99d×8,U+C9C0:\uc9c0×3,U+C9C1:\uc9c1×2,U+CC28:\ucc28×1,U+CC45:\ucc45×1,U+CD0C:\ucd0c×2,U+CD5C:\ucd5c×1,U+CD9C:\ucd9c×10,U+CDA9:\ucda9×4,U+CDE8:\ucde8×1,U+CE5C:\uce5c×2,U+CF54:\ucf54×1,U+D0DC:\ud0dc×1,U+D130:\ud130×2,U+D2B9:\ud2b9×1,U+D544:\ud544×1,U+D558:\ud558×12,U+D55C:\ud55c×1,U+D560:\ud560×4,U+D574:\ud574×2,U+D588:\ud588×1,U+D589:\ud589×3,U+D638:\ud638×1,U+D655:\ud655×1,U+D658:\ud658×3,U+D68D:\ud68d×1,U+D788:\ud788×2	-
205	768	392	U+0028:(×2,U+0029:)×6,U+002C:,×8,U+002D:-×2,U+002E:.×6,U+002F:/×13,U+0030:0×3,U+0032:2×7,U+0035:5×3,U+0036:6×7,U+003A::×7,U+0041:A×2,U+0042:B×2,U+0043:C×5,U+0046:F×4,U+004B:K×2,U+0050:P×3,U+0053:S×1,U+0055:U×1,U+0056:V×2,U+005F:_×3,U+0061:a×21,U+0062:b×1,U+0063:c×3,U+0064:d×5,U+0065:e×10,U+0066:f×2,U+0067:g×11,U+0068:h×11,U+0069:i×18,U+006A:j×3,U+006B:k×3,U+006C:l×12,U+006D:m×4,U+006E:n×10,U+006F:o×10,U+0070:p×11,U+0072:r×13,U+0073:s×17,U+0074:t×22,U+0075:u×8,U+0076:v×2,U+0077:w×10,U+0079:y×1,U+2161:\u2161×2,U+AC04:\uac04×29,U+AC10:\uac10×1,U+AC19:\uac19×1,U+AC70:\uac70×3,U+AC83:\uac83×3,U+ACA9:\uaca9×1,U+ACAC:\uacac×1,U+ACB0:\uacb0×2,U+ACBD:\uacbd×11,U+ACE0:\uace0×7,U+AD50:\uad50×2,U+AD6C:\uad6c×1,U+AD70:\uad70×3,U+ADC0:\uadc0×1,U+ADFC:\uadfc×2,U+AE09:\uae09×2,U+AE4C:\uae4c×2,U+B098:\ub098×5,U+B0B4:\ub0b4×6,U+B118:\ub118×1,U+B178:\ub178×4,U+B204:\ub204×1,U+B290:\ub290×1,U+B298:\ub298×1,U+B2A5:\ub2a5×4,U+B2E4:\ub2e4×4,U+B2EC:\ub2ec×2,U+B2F4:\ub2f4×5,U+B300:\ub300×4,U+B418:\ub418×4,U+B41C:\ub41c×3,U+B420:\ub420×1,U+B428:\ub428×3,U+B450:\ub450×1,U+B4F1:\ub4f1×2,U+B54C:\ub54c×2,U+B77C:\ub77c×3,U+B780:\ub780×1,U+B798:\ub798×2,U+B7EC:\ub7ec×3,U+B824:\ub824×2,U+B825:\ub825×1,U+B840:\ub840×5,U+B85C:\ub85c×2,U+B860:\ub860×2,U+B978:\ub978×1,U+B9B4:\ub9b4×1,U+B9BC:\ub9bc×1,U+B9C8:\ub9c8×2,U+B9CC:\ub9cc×2,U+BA70:\uba70×4,U+BAA8:\ubaa8×1,U+BC00:\ubc00×4,U+BC14:\ubc14×1,U+BC1B:\ubc1b×2,U+BC1C:\ubc1c×2,U+BC29:\ubc29×2,U+BC95:\ubc95×3,U+BCF8:\ubcf8×3,U+BD84:\ubd84×2,U+BD88:\ubd88×1,U+BE44:\ube44×1,U+BE60:\ube60×1,U+C0AC:\uc0ac×7,U+C0C1:\uc0c1×13,U+C0C8:\uc0c8×1,U+C120:\uc120×3,U+C131:\uc131×15,U+C138:\uc138×2,U+C18C:\uc18c×1,U+C1C4:\uc1c4×2,U+C218:\uc218×2,U+C2A4:\uc2a4×1,U+C2DD:\uc2dd×10,U+C2E0:\uc2e0×1,U+C2EC:\uc2ec×3,U+C529:\uc529×1,U+C544:\uc544×1,U+C545:\uc545×3,U+C54A:\uc54a×4,U+C54C:\uc54c×1,U+C554:\uc554×4,U+C591:\uc591×4,U+C5B4:\uc5b4×1,U+C5C5:\uc5c5×1,U+C5C6:\uc5c6×2,U+C5C8:\uc5c8×2,U+C5F0:\uc5f0×1,U+C5FC:\uc5fc×4,U+C608:\uc608×3,U+C624:\uc624×1,U+C62C:\uc62c×1,U+C654:\uc654×1,U+C678:\uc678×5,U+C6B0:\uc6b0×3,U+C6D0:\uc6d0×3,U+C704:\uc704×1,U+C720:\uc720×1,U+C73C:\uc73c×3,U+C740:\uc740×4,U+C744:\uc744×7,U+C74C:\uc74c×3,U+C751:\uc751×5,U+C774:\uc774×32,U+C778:\uc778×6,U+C77C:\uc77c×3,U+C788:\uc788×4,U+C7AC:\uc7ac×1,U+C801:\uc801×2,U+C804:\uc804×5,U+C808:\uc808×1,U+C838:\uc838×2,U+C870:\uc870×2,U+C885:\uc885×4,U+C900:\uc900×7,U+C904:\uc904×1,U+C911:\uc911×2,U+C999:\uc999×3,U+C9C0:\uc9c0×5,U+C9C4:\uc9c4×2,U+C9C8:\uc9c8×2,U+CC9C:\ucc9c×2,U+CD08:\ucd08×2,U+CE21:\uce21×1,U+CE58:\uce58×7,U+CF00:\ucf00×1,U+CF54:\ucf54×1,U+CFC4:\ucfc4×1,U+D070:\ud070×1,U+D0C0:\ud0c0×1,U+D0DC:\ud0dc×5,U+D1A0:\ud1a0×1,U+D1B5:\ud1b5×1,U+D37C:\ud37c×1,U+D3B8:\ud3b8×1,U+D3D0:\ud3d0×2,U+D3EC:\ud3ec×2,U+D45C:\ud45c×1,U+D559:\ud559×2,U+D55C:\ud55c×2,U+D569:\ud569×1,U+D589:\ud589×3,U+D5D8:\ud5d8×1,U+D608:\ud608×2,U+D611:\ud611×1,U+D615:\ud615×2,U+D639:\ud639×1,U+D654:\ud654×3,U+D655:\ud655×1,U+D658:\ud658×4,U+D669:\ud669×2,U+D6A8:\ud6a8×1,U+D6C4:\ud6c4×5,U+D76C:\ud76c×1,U+FFFD:\ufffd×10	U+0031:1×1,U+0033:3×1,U+0044:D×3,U+004C:L×3,U+004E:N×2,U+004F:O×2,U+0054:T×2,U+25CB:\u25cb×1,U+AC00:\uac00×9,U+AC01:\uac01×4,U+AC15:\uac15×2,U+AC1C:\uac1c×1,U+AC74:\uac74×1,U+AC80:\uac80×1,U+AC8C:\uac8c×1,U+ACFC:\uacfc×1,U+AD00:\uad00×3,U+AD8C:\uad8c×1,U+ADDC:\uaddc×6,U+AE30:\uae30×30,U+B144:\ub144×2,U+B294:\ub294×4,U+B2CC:\ub2cc×1,U+B2F9:\ub2f9×1,U+B354:\ub354×1,U+B370:\ub370×1,U+B3C4:\ub3c4×2,U+B3C5:\ub3c5×5,U+B3D9:\ub3d9×3,U+B4DC:\ub4dc×1,U+B4DD:\ub4dd×1,U+B4E4:\ub4e4×4,U+B610:\ub610×3,U+B78C:\ub78c×1,U+B828:\ub828×4,U+B85D:\ub85d×4,U+B8CC:\ub8cc×1,U+B8E8:\ub8e8×1,U+B960:\ub960×1,U+B97C:\ub97c×7,U+B984:\ub984×1,U+B9AC:\ub9ac×7,U+B9BD:\ub9bd×5,U+BA74:\uba74×2,U+BA85:\uba85×1,U+BB34:\ubb34×1,U+BB38:\ubb38×3,U+BBF8:\ubbf8×4,U+BC18:\ubc18×1,U+BCF4:\ubcf4×1,U+BCF5:\ubcf5×1,U+BCFC:\ubcfc×1,U+BD80:\ubd80×4,U+C0DD:\uc0dd×16,U+C11C:\uc11c×1,U+C124:\uc124×3,U+C220:\uc220×2,U+C548:\uc548×1,U+C57C:\uc57c×10,U+C5BB:\uc5bb×1,U+C5C4:\uc5c4×1,U+C5D0:\uc5d0×3,U+C5EC:\uc5ec×6,U+C600:\uc600×1,U+C601:\uc601×5,U+C628:\uc628×1,U+C639:\uc639×4,U+C640:\uc640×1,U+C644:\uc644×1,U+C694:\uc694×3,U+C6B4:\uc6b4×1,U+C6B8:\uc6b8×1,U+C6C0:\uc6c0×1,U+C724:\uc724×3,U+C758:\uc758×7,U+C784:\uc784×1,U+C785:\uc785×1,U+C790:\uc790×29,U+C7A5:\uc7a5×13,U+C815:\uc815×14,U+C871:\uc871×9,U+C874:\uc874×16,U+C99D:\uc99d×19,U+C9C1:\uc9c1×1,U+CC99:\ucc99×1,U+CD5C:\ucd5c×1,U+CD9C:\ucd9c×4,U+CDA9:\ucda9×1,U+CDE8:\ucde8×1,U+CE5C:\uce5c×1,U+D130:\ud130×3,U+D2B9:\ud2b9×1,U+D300:\ud300×5,U+D3C9:\ud3c9×4,U+D558:\ud558×13,U+D568:\ud568×8,U+D574:\ud574×7,U+D5A5:\ud5a5×1,U+D638:\ud638×5,U+D65C:\ud65c×1,U+D6C8:\ud6c8×2,U+D788:\ud788×2	-
206	770	158	U+002B:+×1,U+002C:,×47,U+002D:-×7,U+002E:.×2,U+002F:/×1,U+0034:4×1,U+0037:7×2,U+003A::×11,U+0041:A×3,U+0042:B×7,U+0043:C×6,U+0044:D×3,U+0048:H×1,U+004E:N×1,U+004F:O×2,U+0056:V×2,U+0057:W×4,U+005F:_×1,U+0061:a×14,U+0064:d×3,U+0065:e×6,U+0067:g×2,U+0068:h×7,U+0069:i×12,U+006A:j×3,U+006B:k×4,U+006C:l×12,U+006E:n×10,U+006F:o×17,U+0070:p×7,U+0072:r×5,U+0073:s×19,U+0074:t×7,U+0075:u×7,U+0076:v×1,U+0077:w×2,U+0078:x×1,U+0079:y×7,U+03B1:\u03b1×1,U+2160:\u2160×1,U+AC00:\uac00×10,U+AC04:\uac04×37,U+AC74:\uac74×2,U+ACBD:\uacbd×15,U+ACE0:\uace0×6,U+AD00:\uad00×7,U+AD70:\uad70×3,U+AD8C:\uad8c×1,U+ADF8:\uadf8×1,U+ADF9:\uadf9×1,U+AE08:\uae08×2,U+AE09:\uae09×6,U+B0AD:\ub0ad×1,U+B0B4:\ub0b4×1,U+B1E8:\ub1e8×2,U+B2A5:\ub2a5×1,U+B2E4:\ub2e4×2,U+B2EC:\ub2ec×1,U+B2F4:\ub2f4×11,U+B2F5:\ub2f5×1,U+B2F9:\ub2f9×2,U+B300:\ub300×4,U+B3C4:\ub3c4×3,U+B41C:\ub41c×1,U+B4F1:\ub4f1×7,U+B798:\ub798×2,U+B7EC:\ub7ec×4,U+B828:\ub828×1,U+B85C:\ub85c×5,U+B8CC:\ub8cc×1,U+B974:\ub974×1,U+B978:\ub978×1,U+B97C:\ub97c×2,U+B9CC:\ub9cc×3,U+B9DD:\ub9dd×1,U+B9E5:\ub9e5×4,U+BA70:\uba70×1,U+BA74:\uba74×2,U+BA85:\uba85×3,U+BB38:\ubb38×1,U+BB3C:\ubb3c×1,U+BC14:\ubc14×4,U+BC16:\ubc16×1,U+BC1C:\ubc1c×3,U+BC29:\ubc29×1,U+BC31:\ubc31×1,U+BC95:\ubc95×1,U+BCD1:\ubcd1×6,U+BCF8:\ubcf8×3,U+BD80:\ubd80×1,U+BD88:\ubd88×2,U+BE44:\ube44×8,U+BE60:\ube60×2,U+C0AC:\uc0ac×5,U+C120:\uc120×2,U+C124:\uc124×1,U+C12C:\uc12c×1,U+C131:\uc131×56,U+C138:\uc138×1,U+C190:\uc190×1,U+C1C4:\uc1c4×4,U+C2A4:\uc2a4×6,U+C2B5:\uc2b5×1,U+C2E0:\uc2e0×1,U+C544:\uc544×1,U+C545:\uc545×2,U+C54C:\uc54c×1,U+C554:\uc554×1,U+C555:\uc555×1,U+C560:\uc560×3,U+C57D:\uc57d×4,U+C591:\uc591×3,U+C5C6:\uc5c6×1,U+C5D0:\uc5d0×4,U+C5EC:\uc5ec×1,U+C5ED:\uc5ed×5,U+C5F0:\uc5f0×1,U+C5FC:\uc5fc×5,U+C624:\uc624×2,U+C62C:\uc62c×2,U+C640:\uc640×1,U+C694:\uc694×2,U+C6B0:\uc6b0×1,U+C6D0:\uc6d0×7,U+C720:\uc720×5,U+C73C:\uc73c×1,U+C740:\uc740×1,U+C744:\uc744×1,U+C74C:\uc74c×5,U+C751:\uc751×2,U+C778:\uc778×1,U+C788:\uc788×3,U+C7A0:\uc7a0×1,U+C7A5:\uc7a5×2,U+C7AC:\uc7ac×1,U+C801:\uc801×4,U+C804:\uc804×4,U+C815:\uc815×3,U+C81C:\uc81c×6,U+C838:\uc838×1,U+C870:\uc870×2,U+C871:\uc871×3,U+C885:\uc885×7,U+C8FC:\uc8fc×2,U+C8FD:\uc8fd×1,U+C999:\uc999×6,U+C99D:\uc99d×7,U+C9C0:\uc9c0×2,U+C9C4:\uc9c4×6,U+C9C8:\uc9c8×15,U+CC28:\ucc28×1,U+CC9C:\ucc9c×2,U+CE58:\uce58×1,U+CE5C:\uce5c×1,U+CE74:\uce74×2,U+CF00:\ucf00×1,U+CF54:\ucf54×2,U+D0C0:\ud0c0×3,U+D3D0:\ud3d0×3,U+D3EC:\ud3ec×5,U+D45C:\ud45c×2,U+D53C:\ud53c×2,U+D544:\ud544×1,U+D55C:\ud55c×7,U+D56D:\ud56d×1,U+D589:\ud589×4,U+D615:\ud615×14,U+D639:\ud639×1,U+D63C:\ud63c×1,U+D654:\ud654×14,U+D658:\ud658×16,U+D669:\ud669×2,U+D6A8:\ud6a8×1,U+D6C4:\ud6c4×3,U+D76C:\ud76c×2,U+FFFD:\ufffd×15	U+0028:(×2,U+0030:0×6,U+0031:1×4,U+0033:3×4,U+0035:5×6,U+0039:9×2,U+0045:E×1,U+004C:L×5,U+004D:M×3,U+0053:S×1,U+0055:U×1,U+006D:m×8,U+007E:~×1,U+03BC:\u03bc×2,U+2022:\u2022×3,U+2460:\u2460×3,U+2461:\u2461×3,U+2462:\u2462×3,U+326E:\u326e×1,U+326F:\u326f×1,U+AC10:\uac10×2,U+AC1C:\uac1c×2,U+AC70:\uac70×1,U+AC80:\uac80×2,U+AC83:\uac83×1,U+ACA9:\uaca9×1,U+ACB0:\uacb0×4,U+ACE8:\uace8×1,U+ADE0:\uade0×1,U+ADFC:\uadfc×1,U+B09C:\ub09c×1,U+B1CC:\ub1cc×1,U+B2E8:\ub2e8×1,U+B3C5:\ub3c5×1,U+B418:\ub418×1,U+B450:\ub450×1,U+B4E4:\ub4e4×1,U+B54C:\ub54c×2,U+B610:\ub610×3,U+B824:\ub824×1,U+B8E8:\ub8e8×2,U+B984:\ub984×1,U+B9AC:\ub9ac×2,U+B9C9:\ub9c9×1,U+BAA8:\ubaa8×1,U+BBFC:\ubbfc×1,U+BC1B:\ubc1b×1,U+BC94:\ubc94×2,U+BCC0:\ubcc0×1,U+BCF5:\ubcf5×2,U+BE48:\ube48×2,U+BE4C:\ube4c×2,U+C060:\uc060×1,U+C0B6:\uc0b6×1,U+C0C1:\uc0c1×2,U+C0DD:\uc0dd×2,U+C11C:\uc11c×5,U+C1E0:\uc1e0×1,U+C218:\uc218×1,U+C220:\uc220×1,U+C2DD:\uc2dd×2,U+C5B4:\uc5b4×1,U+C6B8:\uc6b8×2,U+C758:\uc758×2,U+C774:\uc774×3,U+C77C:\uc77c×1,U+C808:\uc808×3,U+C810:\uc810×1,U+C874:\uc874×1,U+C900:\uc900×3,U+CC99:\ucc99×1,U+CCAD:\uccad×3,U+CCB4:\uccb4×2,U+CE21:\uce21×1,U+CE68:\uce68×1,U+D070:\ud070×1,U+D07C:\ud07c×1,U+D558:\ud558×3,U+D569:\ud569×2,U+FF1C:\uff1c×1,U+FF1E:\uff1e×2	-
207	421	418	U+002C:,×1,U+002D:-×3,U+002F:/×6,U+0041:A×7,U+0047:G×1,U+0048:H×1,U+0053:S×3,U+0054:T×2,U+0066:f×2,U+006A:j×1,U+006B:k×1,U+0074:t×2,U+0075:u×2,U+0076:v×1,U+0077:w×2,U+00B7:\xb7×5,U+2022:\u2022×3,U+AC00:\uac00×5,U+AC10:\uac10×1,U+AC15:\uac15×1,U+AC1C:\uac1c×1,U+AC74:\uac74×3,U+AC8C:\uac8c×1,U+ACA9:\uaca9×2,U+ACAC:\uacac×1,U+ACBD:\uacbd×6,U+ACE0:\uace0×2,U+ACFC:\uacfc×4,U+AD00:\uad00×1,U+AD6C:\uad6c×1,U+AD6D:\uad6d×3,U+ADF9:\uadf9×2,U+AE08:\uae08×3,U+AE09:\uae09×1,U+AE30:\uae30×5,U+AE38:\uae38×1,U+B098:\ub098×2,U+B0B4:\ub0b4×3,U+B108:\ub108×1,U+B1CC:\ub1cc×1,U+B294:\ub294×4,U+B2A5:\ub2a5×3,U+B2E8:\ub2e8×2,U+B2F9:\ub2f9×1,U+B300:\ub300×8,U+B3C5:\ub3c5×1,U+B418:\ub418×2,U+B41C:\ub41c×3,U+B428:\ub428×1,U+B51C:\ub51c×1,U+B530:\ub530×3,U+B54C:\ub54c×2,U+B77C:\ub77c×3,U+B824:\ub824×1,U+B828:\ub828×1,U+B839:\ub839×1,U+B8CC:\ub8cc×3,U+B958:\ub958×1,U+B97C:\ub97c×1,U+B984:\ub984×1,U+B9AC:\ub9ac×2,U+B9BD:\ub9bd×1,U+B9C8:\ub9c8×2,U+B9E5:\ub9e5×2,U+BA85:\uba85×3,U+BBF8:\ubbf8×2,U+BC0F:\ubc0f×2,U+BC16:\ubc16×1,U+BC1C:\ubc1c×1,U+BC31:\ubc31×1,U+BC95:\ubc95×1,U+BCD1:\ubcd1×2,U+BCF5:\ubcf5×3,U+BCF8:\ubcf8×1,U+BD84:\ubd84×2,U+BD88:\ubd88×2,U+BE44:\ube44×3,U+C0AC:\uc0ac×2,U+C0C1:\uc0c1×9,U+C11C:\uc11c×1,U+C120:\uc120×1,U+C190:\uc190×1,U+C218:\uc218×3,U+C220:\uc220×5,U+C288:\uc288×2,U+C2B5:\uc2b5×2,U+C2DC:\uc2dc×1,U+C2DD:\uc2dd×12,U+C2E0:\uc2e0×4,U+C2EC:\uc2ec×3,U+C545:\uc545×1,U+C548:\uc548×1,U+C54A:\uc54a×2,U+C5B4:\uc5b4×2,U+C5B5:\uc5b5×1,U+C5C6:\uc5c6×2,U+C5D0:\uc5d0×6,U+C5ED:\uc5ed×2,U+C5F0:\uc5f0×1,U+C5FC:\uc5fc×2,U+C640:\uc640×1,U+C644:\uc644×1,U+C6A9:\uc6a9×1,U+C6B0:\uc6b0×3,U+C6B4:\uc6b4×2,U+C6D0:\uc6d0×1,U+C704:\uc704×1,U+C740:\uc740×1,U+C744:\uc744×3,U+C74C:\uc74c×3,U+C758:\uc758×13,U+C774:\uc774×29,U+C778:\uc778×5,U+C784:\uc784×3,U+C788:\uc788×2,U+C790:\uc790×2,U+C7A1:\uc7a1×1,U+C7A5:\uc7a5×2,U+C7AC:\uc7ac×2,U+C801:\uc801×7,U+C804:\uc804×2,U+C808:\uc808×5,U+C815:\uc815×4,U+C81C:\uc81c×4,U+C870:\uc870×4,U+C871:\uc871×1,U+C874:\uc874×2,U+C911:\uc911×2,U+C9C1:\uc9c1×4,U+C9C4:\uc9c4×4,U+C9D1:\uc9d1×1,U+C9E7:\uc9e7×1,U+CC9C:\ucc9c×2,U+CDA9:\ucda9×1,U+CDE8:\ucde8×1,U+CE58:\uce58×1,U+D0B4:\ud0b4×1,U+D0DC:\ud0dc×1,U+D310:\ud310×2,U+D328:\ud328×1,U+D3B8:\ud3b8×1,U+D3C9:\ud3c9×2,U+D3D0:\ud3d0×1,U+D3EC:\ud3ec×1,U+D45C:\ud45c×1,U+D544:\ud544×1,U+D558:\ud558×8,U+D559:\ud559×1,U+D55C:\ud55c×10,U+D560:\ud560×1,U+D568:\ud568×2,U+D569:\ud569×1,U+D574:\ud574×1,U+D589:\ud589×3,U+D5C8:\ud5c8×1,U+D5D8:\ud5d8×2,U+D604:\ud604×1,U+D654:\ud654×4,U+D669:\ud669×1,U+D68C:\ud68c×1,U+D6C4:\ud6c4×2,U+FFFD:\ufffd×14	U+0027:'×1,U+0028:(×13,U+0029:)×11,U+002A:*×3,U+002B:+×6,U+002E:.×3,U+0030:0×12,U+0031:1×4,U+0032:2×1,U+0034:4×4,U+0035:5×1,U+0036:6×2,U+0037:7×6,U+0038:8×2,U+003A::×3,U+003C:<×1,U+003D:=×2,U+0042:B×2,U+0043:C×1,U+0045:E×1,U+0049:I×3,U+004C:L×9,U+004D:M×1,U+004E:N×3,U+0052:R×4,U+0057:W×1,U+005B:[×2,U+005D:]×2,U+0061:a×14,U+0062:b×8,U+0063:c×11,U+0064:d×9,U+0065:e×19,U+0067:g×12,U+0068:h×1,U+0069:i×24,U+006C:l×9,U+006D:m×7,U+006E:n×1,U+006F:o×13,U+0072:r×13,U+0073:s×9,U+0078:x×2,U+201C:\u201c×1,U+201D:\u201d×1,U+203B:\u203b×5,U+2179:\u2179×3,U+2460:\u2460×1,U+2461:\u2461×1,U+2462:\u2462×1,U+2463:\u2463×1,U+326E:\u326e×3,U+326F:\u326f×3,U+3270:\u3270×3,U+AC01:\uac01×1,U+AC04:\uac04×4,U+AC70:\uac70×1,U+AC80:\uac80×1,U+ACB0:\uacb0×1,U+ACF5:\uacf5×1,U+AD70:\uad70×2,U+ADF8:\uadf8×2,U+AE4C:\uae4c×1,U+B0AE:\ub0ae×1,U+B1E8:\ub1e8×1,U+B2CC:\ub2cc×2,U+B2E4:\ub2e4×1,U+B2F4:\ub2f4×2,U+B3D9:\ub3d9×1,U+B610:\ub610×1,U+B808:\ub808×2,U+B825:\ub825×1,U+B85C:\ub85c×3,U+B85D:\ub85d×3,U+B8E8:\ub8e8×1,U+B9CC:\ub9cc×4,U+BA70:\uba70×1,U+BAA8:\ubaa8×2,U+BB3C:\ubb3c×3,U+BC14:\ubc14×1,U+BC94:\ubc94×2,U+BCC0:\ubcc0×2,U+BCC4:\ubcc4×2,U+BD80:\ubd80×1,U+BE48:\ube48×1,U+BE4C:\ube4c×1,U+C0B0:\uc0b0×1,U+C11D:\uc11d×3,U+C131:\uc131×9,U+C138:\uc138×1,U+C18C:\uc18c×1,U+C1C4:\uc1c4×1,U+C22B:\uc22b×1,U+C2A4:\uc2a4×1,U+C2A8:\uc2a8×1,U+C544:\uc544×2,U+C554:\uc554×2,U+C561:\uc561×3,U+C591:\uc591×2,U+C5EC:\uc5ec×1,U+C6B8:\uc6b8×2,U+C70C:\uc70c×1,U+C720:\uc720×2,U+C73C:\uc73c×4,U+C77C:\uc77c×1,U+C785:\uc785×1,U+C810:\uc810×3,U+C885:\uc885×5,U+C8FC:\uc8fc×3,U+C999:\uc999×2,U+C9C8:\uc9c8×4,U+CC28:\ucc28×1,U+CCB4:\uccb4×4,U+CDCC:\ucdcc×1,U+D06C:\ud06c×3,U+D0C0:\ud0c0×1,U+D130:\ud130×1,U+D22C:\ud22c×3,U+D2B9:\ud2b9×1,U+D2F0:\ud2f0×2,U+D53C:\ud53c×2,U+D608:\ud608×3,U+D615:\ud615×2,U+D658:\ud658×5	-
208	289	868	U+0028:(×2,U+0029:)×1,U+0030:0×1,U+0033:3×2,U+0034:4×5,U+0035:5×3,U+0036:6×3,U+0038:8×2,U+0039:9×1,U+003A::×3,U+003B:;×3,U+003C:<×2,U+003E:>×1,U+0041:A×5,U+0047:G×1,U+0048:H×4,U+0049:I×8,U+004A:J×1,U+004B:K×1,U+004C:L×3,U+004E:N×2,U+004F:O×1,U+0050:P×4,U+0052:R×2,U+0053:S×3,U+0054:T×2,U+0061:a×14,U+0063:c×7,U+0065:e×19,U+0067:g×5,U+0069:i×13,U+006C:l×9,U+006D:m×8,U+006E:n×18,U+006F:o×13,U+0070:p×3,U+0072:r×5,U+0073:s×2,U+0074:t×13,U+0076:v×1,U+0079:y×2,U+00B7:\xb7×18,U+03BC:\u03bc×1,U+2019:\u2019×2,U+2265:\u2265×2,U+2460:\u2460×2,U+2461:\u2461×2,U+AC15:\uac15×1,U+B098:\ub098×1,U+B1CC:\ub1cc×2,U+B2A5:\ub2a5×1,U+B2CC:\ub2cc×2,U+B2F9:\ub2f9×1,U+B3C5:\ub3c5×2,U+B3D9:\ub3d9×3,U+B41C:\ub41c×3,U+B458:\ub458×1,U+B7FD:\ub7fd×1,U+B808:\ub808×1,U+B97C:\ub97c×2,U+B9C8:\ub9c8×2,U+B9E5:\ub9e5×1,U+BC18:\ubc18×2,U+BCF5:\ubcf5×1,U+C21C:\uc21c×1,U+C2B9:\uc2b9×1,U+C2EC:\uc2ec×1,U+C545:\uc545×1,U+C54A:\uc54a×1,U+C555:\uc555×1,U+C561:\uc561×1,U+C57D:\uc57d×2,U+C62C:\uc62c×1,U+C74C:\uc74c×1,U+C751:\uc751×3,U+C7AC:\uc7ac×1,U+C808:\uc808×4,U+C870:\uc870×2,U+C911:\uc911×2,U+CF54:\ucf54×1,U+D06C:\ud06c×1,U+D2B8:\ud2b8×1,U+D2F0:\ud2f0×1,U+D328:\ud328×2,U+D3D0:\ud3d0×1,U+D56D:\ud56d×1,U+D604:\ud604×1,U+D608:\ud608×3,U+FF1C:\uff1c×1,U+FF1E:\uff1e×1	U+002C:,×36,U+002D:-×7,U+002E:.×11,U+002F:/×2,U+0031:1×4,U+0032:2×3,U+0037:7×1,U+003D:=×1,U+0042:B×3,U+0044:D×1,U+0046:F×2,U+005F:_×3,U+0068:h×1,U+006A:j×2,U+006B:k×1,U+0075:u×1,U+0077:w×4,U+007E:~×1,U+203B:\u203b×3,U+AC00:\uac00×11,U+AC01:\uac01×1,U+AC04:\uac04×33,U+AC10:\uac10×1,U+AC1C:\uac1c×5,U+AC70:\uac70×1,U+AC80:\uac80×2,U+AC83:\uac83×1,U+ACA9:\uaca9×8,U+ACB0:\uacb0×1,U+ACBD:\uacbd×22,U+ACC4:\uacc4×2,U+ACE0:\uace0×2,U+ACFC:\uacfc×4,U+AD00:\uad00×3,U+AD6C:\uad6c×2,U+AD70:\uad70×2,U+ADF8:\uadf8×2,U+AE08:\uae08×1,U+AE30:\uae30×19,U+AE34:\uae34×1,U+AE4C:\uae4c×3,U+B0A0:\ub0a0×1,U+B0AD:\ub0ad×1,U+B0B4:\ub0b4×3,U+B144:\ub144×3,U+B192:\ub192×1,U+B294:\ub294×21,U+B2E4:\ub2e4×3,U+B2E8:\ub2e8×1,U+B2F4:\ub2f4×10,U+B300:\ub300×13,U+B3C4:\ub3c4×6,U+B418:\ub418×4,U+B428:\ub428×3,U+B4DC:\ub4dc×3,U+B4E0:\ub4e0×2,U+B4F1:\ub4f1×5,U+B530:\ub530×6,U+B610:\ub610×1,U+B77C:\ub77c×3,U+B78C:\ub78c×1,U+B798:\ub798×1,U+B7B5:\ub7b5×1,U+B7C9:\ub7c9×1,U+B7EC:\ub7ec×3,U+B824:\ub824×1,U+B839:\ub839×1,U+B840:\ub840×3,U+B85C:\ub85c×12,U+B85D:\ub85d×3,U+B8CC:\ub8cc×12,U+B974:\ub974×5,U+B978:\ub978×1,U+B984:\ub984×1,U+B9AC:\ub9ac×2,U+B9BD:\ub9bd×1,U+B9CC:\ub9cc×3,U+B9D0:\ub9d0×1,U+B9DD:\ub9dd×2,U+BA70:\uba70×5,U+BA74:\uba74×6,U+BA85:\uba85×3,U+BAA8:\ubaa8×2,U+BB38:\ubb38×1,U+BBC0:\ubbc0×1,U+BBF8:\ubbf8×2,U+BC14:\ubc14×3,U+BC1B:\ubc1b×1,U+BC1C:\ubc1c×7,U+BC29:\ubc29×2,U+BC31:\ubc31×1,U+BC88:\ubc88×1,U+BC95:\ubc95×6,U+BCC4:\ubcc4×3,U+BCD1:\ubcd1×4,U+BCF4:\ubcf4×1,U+BCF8:\ubcf8×3,U+BD80:\ubd80×2,U+BD84:\ubd84×2,U+BE44:\ube44×2,U+C0AC:\uc0ac×9,U+C0B0:\uc0b0×3,U+C0C1:\uc0c1×6,U+C0DD:\uc0dd×2,U+C11C:\uc11c×3,U+C120:\uc120×6,U+C124:\uc124×1,U+C131:\uc131×32,U+C138:\uc138×7,U+C18C:\uc18c×3,U+C1C4:\uc1c4×1,U+C218:\uc218×2,U+C2A4:\uc2a4×2,U+C2B5:\uc2b5×1,U+C2DC:\uc2dc×5,U+C2DD:\uc2dd×17,U+C2E0:\uc2e0×2,U+C2E4:\uc2e4×1,U+C544:\uc544×4,U+C548:\uc548×1,U+C554:\uc554×1,U+C57C:\uc57c×1,U+C5B4:\uc5b4×1,U+C5C6:\uc5c6×4,U+C5D0:\uc5d0×20,U+C5EC:\uc5ec×5,U+C5F0:\uc5f0×2,U+C5FC:\uc5fc×9,U+C608:\uc608×1,U+C640:\uc640×3,U+C678:\uc678×2,U+C694:\uc694×6,U+C6A9:\uc6a9×2,U+C6B0:\uc6b0×11,U+C6B8:\uc6b8×1,U+C6D0:\uc6d0×5,U+C6D4:\uc6d4×3,U+C704:\uc704×4,U+C724:\uc724×1,U+C73C:\uc73c×9,U+C740:\uc740×9,U+C744:\uc744×7,U+C758:\uc758×12,U+C774:\uc774×36,U+C778:\uc778×5,U+C77C:\uc77c×2,U+C784:\uc784×5,U+C788:\uc788×5,U+C7A5:\uc7a5×6,U+C801:\uc801×4,U+C804:\uc804×8,U+C810:\uc810×3,U+C815:\uc815×2,U+C81C:\uc81c×2,U+C838:\uc838×1,U+C871:\uc871×2,U+C874:\uc874×3,U+C885:\uc885×2,U+C8FC:\uc8fc×1,U+C900:\uc900×8,U+C999:\uc999×5,U+C99D:\uc99d×6,U+C9C0:\uc9c0×6,U+C9C1:\uc9c1×3,U+C9C4:\uc9c4×1,U+C9C8:\uc9c8×6,U+C9F8:\uc9f8×1,U+CC28:\ucc28×2,U+CC9C:\ucc9c×6,U+CCB4:\uccb4×3,U+CD94:\ucd94×1,U+CDA9:\ucda9×1,U+CE58:\uce58×9,U+CE68:\uce68×3,U+D0C0:\ud0c0×3,U+D0DC:\ud0dc×2,U+D1A0:\ud1a0×2,U+D3EC:\ud3ec×5,U+D45C:\ud45c×1,U+D544:\ud544×4,U+D558:\ud558×8,U+D559:\ud559×2,U+D55C:\ud55c×2,U+D560:\ud560×3,U+D568:\ud568×10,U+D569:\ud569×1,U+D575:\ud575×1,U+D5D8:\ud5d8×1,U+D615:\ud615×4,U+D639:\ud639×1,U+D654:\ud654×10,U+D658:\ud658×4,U+D68C:\ud68c×3,U+D6A8:\ud6a8×4,U+D6C4:\ud6c4×2,U+FF65:\uff65×3	-
209	215	912	U+0028:(×11,U+0029:)×1,U+002A:*×7,U+0033:3×1,U+003E:>×1,U+0044:D×9,U+0045:E×9,U+0048:H×1,U+004C:L×13,U+004D:M×6,U+004E:N×1,U+004F:O×2,U+0050:P×2,U+0052:R×1,U+0054:T×2,U+0061:a×3,U+0062:b×1,U+006E:n×2,U+006F:o×3,U+0074:t×1,U+0079:y×1,U+03BC:\u03bc×1,U+2022:\u2022×1,U+2265:\u2265×1,U+2266:\u2266×2,U+2267:\u2267×3,U+2460:\u2460×2,U+2461:\u2461×1,U+2462:\u2462×1,U+2463:\u2463×1,U+2464:\u2464×1,U+326E:\u326e×1,U+326F:\u326f×2,U+3270:\u3270×1,U+AC80:\uac80×1,U+ACA9:\uaca9×2,U+ACB0:\uacb0×4,U+AE09:\uae09×9,U+AE4C:\uae4c×2,U+B098:\ub098×3,U+B09C:\ub09c×1,U+B0B4:\ub0b4×2,U+B2A5:\ub2a5×1,U+B3C4:\ub3c4×4,U+B3D9:\ub3d9×1,U+B41C:\ub41c×1,U+B69C:\ub69c×2,U+B837:\ub837×2,U+B8E8:\ub8e8×1,U+B9D0:\ub9d0×1,U+B9DD:\ub9dd×1,U+B9E5:\ub9e5×2,U+BA85:\uba85×1,U+BABB:\ubabb×1,U+BB34:\ubb34×1,U+BB3C:\ubb3c×1,U+BC18:\ubc18×1,U+BC95:\ubc95×1,U+BCC4:\ubcc4×2,U+BD80:\ubd80×2,U+BE4C:\ube4c×1,U+C0B0:\uc0b0×1,U+C138:\uc138×1,U+C13C:\uc13c×1,U+C218:\uc218×1,U+C57D:\uc57d×1,U+C6B0:\uc6b0×3,U+C6D0:\uc6d0×2,U+C751:\uc751×7,U+C77C:\uc77c×2,U+C810:\uc810×11,U+C815:\uc815×2,U+C870:\uc870×4,U+C871:\uc871×1,U+C9C8:\uc9c8×2,U+CC38:\ucc38×1,U+CCAD:\uccad×1,U+D0C0:\ud0c0×1,U+D0DC:\ud0dc×2,U+D130:\ud130×4,U+D608:\ud608×2,U+D639:\ud639×8,U+D63C:\ud63c×1,U+D658:\ud658×4,U+D761:\ud761×1,U+D76C:\ud76c×1,U+FF1C:\uff1c×1,U+FF1E:\uff1e×2	U+0025:%×7,U+002B:+×1,U+002C:,×8,U+002D:-×5,U+002E:.×21,U+002F:/×9,U+0030:0×1,U+0031:1×3,U+0032:2×10,U+0034:4×2,U+0035:5×3,U+0036:6×17,U+0037:7×1,U+0039:9×3,U+0041:A×4,U+0042:B×3,U+0043:C×17,U+0046:F×1,U+0049:I×2,U+0056:V×5,U+005F:_×3,U+0063:c×1,U+0064:d×5,U+0065:e×7,U+0066:f×1,U+0067:g×11,U+0068:h×11,U+0069:i×3,U+006A:j×5,U+006C:l×3,U+006D:m×2,U+0070:p×4,U+0071:q×1,U+0072:r×3,U+0073:s×3,U+0075:u×1,U+0077:w×3,U+0078:x×1,U+2018:\u2018×1,U+2019:\u2019×1,U+2161:\u2161×1,U+304C:\u304c×1,U+3093:\u3093×1,U+30B9:\u30b9×1,U+30D7:\u30d7×1,U+30E9:\u30e9×1,U+AC00:\uac00×1,U+AC01:\uac01×6,U+AC04:\uac04×24,U+AC10:\uac10×4,U+AC15:\uac15×2,U+AC1C:\uac1c×2,U+AC74:\uac74×4,U+AC83:\uac83×3,U+AC8C:\uac8c×1,U+ACBD:\uacbd×4,U+ACE0:\uace0×12,U+ACE8:\uace8×1,U+ACF5:\uacf5×1,U+ACFC:\uacfc×1,U+AD00:\uad00×2,U+AD50:\uad50×1,U+AD6C:\uad6c×8,U+AD8C:\uad8c×2,U+ADDC:\uaddc×1,U+ADF8:\uadf8×4,U+ADF9:\uadf9×1,U+AE30:\uae30×6,U+AE34:\uae34×1,U+AF2D:\uaf2d×1,U+B144:\ub144×6,U+B178:\ub178×5,U+B192:\ub192×2,U+B290:\ub290×1,U+B294:\ub294×20,U+B2E8:\ub2e8×1,U+B2F4:\ub2f4×1,U+B300:\ub300×16,U+B370:\ub370×1,U+B3C5:\ub3c5×1,U+B418:\ub418×9,U+B428:\ub428×1,U+B450:\ub450×1,U+B4DC:\ub4dc×4,U+B4E4:\ub4e4×1,U+B4E6:\ub4e6×1,U+B4F1:\ub4f1×3,U+B530:\ub530×2,U+B54C:\ub54c×1,U+B610:\ub610×1,U+B77C:\ub77c×7,U+B7EC:\ub7ec×5,U+B807:\ub807×1,U+B840:\ub840×7,U+B85C:\ub85c×9,U+B85D:\ub85d×1,U+B8CC:\ub8cc×12,U+B958:\ub958×4,U+B974:\ub974×3,U+B97C:\ub97c×4,U+B9BC:\ub9bc×1,U+B9CC:\ub9cc×2,U+B9CE:\ub9ce×1,U+B9DE:\ub9de×1,U+BA70:\uba70×5,U+BA74:\uba74×1,U+BA87:\uba87×2,U+BAA9:\ubaa9×1,U+BB38:\ubb38×1,U+BBF8:\ubbf8×1,U+BC00:\ubc00×4,U+BC0F:\ubc0f×5,U+BC14:\ubc14×4,U+BC1C:\ubc1c×6,U+BC88:\ubc88×2,U+BCD1:\ubcd1×6,U+BCF4:\ubcf4×9,U+BCF5:\ubcf5×1,U+BCF8:\ubcf8×2,U+BD84:\ubd84×5,U+BE44:\ube44×6,U+BE60:\ube60×1,U+C0AC:\uc0ac×10,U+C0C1:\uc0c1×2,U+C0C9:\uc0c9×1,U+C0DD:\uc0dd×8,U+C11C:\uc11c×13,U+C124:\uc124×1,U+C131:\uc131×3,U+C18C:\uc18c×3,U+C1C4:\uc1c4×1,U+C1E0:\uc1e0×1,U+C220:\uc220×5,U+C2A4:\uc2a4×5,U+C2B5:\uc2b5×1,U+C2DC:\uc2dc×6,U+C2DD:\uc2dd×13,U+C2E4:\uc2e4×1,U+C544:\uc544×1,U+C548:\uc548×2,U+C54A:\uc54a×3,U+C554:\uc554×5,U+C560:\uc560×1,U+C591:\uc591×3,U+C5B4:\uc5b4×7,U+C5B5:\uc5b5×1,U+C5BB:\uc5bb×2,U+C5C5:\uc5c5×2,U+C5C8:\uc5c8×3,U+C5D0:\uc5d0×35,U+C5EC:\uc5ec×10,U+C5ED:\uc5ed×1,U+C5F0:\uc5f0×5,U+C5F4:\uc5f4×1,U+C5FC:\uc5fc×10,U+C600:\uc600×1,U+C62C:\uc62c×1,U+C654:\uc654×1,U+C678:\uc678×4,U+C694:\uc694×1,U+C6A9:\uc6a9×4,U+C704:\uc704×1,U+C720:\uc720×2,U+C728:\uc728×4,U+C73C:\uc73c×11,U+C740:\uc740×2,U+C744:\uc744×1,U+C74C:\uc74c×7,U+C758:\uc758×20,U+C774:\uc774×30,U+C778:\uc778×2,U+C784:\uc784×2,U+C788:\uc788×5,U+C790:\uc790×1,U+C7A5:\uc7a5×2,U+C7AC:\uc7ac×2,U+C801:\uc801×11,U+C804:\uc804×3,U+C808:\uc808×1,U+C81C:\uc81c×4,U+C838:\uc838×1,U+C874:\uc874×9,U+C885:\uc885×2,U+C8FC:\uc8fc×1,U+C900:\uc900×4,U+C911:\uc911×2,U+C989:\uc989×1,U+C99D:\uc99d×2,U+C9C0:\uc9c0×1,U+C9C1:\uc9c1×2,U+C9C4:\uc9c4×3,U+C9F8:\uc9f8×1,U+CC45:\ucc45×1,U+CCB4:\uccb4×2,U+CD94:\ucd94×1,U+CDCC:\ucdcc×1,U+CE58:\uce58×11,U+CE68:\uce68×1,U+D0A4:\ud0a4×2,U+D0C4:\ud0c4×1,U+D0E0:\ud0e0×1,U+D1A0:\ud1a0×1,U+D22C:\ud22c×1,U+D3B8:\ud3b8×1,U+D3D0:\ud3d0×1,U+D3EC:\ud3ec×4,U+D45C:\ud45c×1,U+D53C:\ud53c×2,U+D558:\ud558×15,U+D559:\ud559×1,U+D55C:\ud55c×7,U+D568:\ud568×7,U+D569:\ud569×3,U+D56D:\ud56d×4,U+D574:\ud574×3,U+D5A5:\ud5a5×3,U+D5D8:\ud5d8×5,U+D604:\ud604×2,U+D615:\ud615×8,U+D654:\ud654×6,U+D655:\ud655×3,U+D68C:\ud68c×2,U+D6A8:\ud6a8×1,U+D6C4:\ud6c4×2	-
210	271	828	U+0027:'×1,U+0028:(×4,U+002A:*×2,U+002B:+×2,U+0030:0×3,U+0031:1×11,U+0033:3×10,U+0034:4×4,U+0035:5×2,U+0037:7×1,U+0038:8×2,U+003A::×1,U+0044:D×13,U+0045:E×11,U+0047:G×5,U+0048:H×1,U+004C:L×11,U+004D:M×11,U+004E:N×1,U+004F:O×2,U+0053:S×2,U+0057:W×1,U+0065:e×2,U+0079:y×3,U+007E:~×2,U+203B:\u203b×3,U+2160:\u2160×1,U+2162:\u2162×1,U+2163:\u2163×1,U+2461:\u2461×1,U+2462:\u2462×1,U+2463:\u2463×1,U+2464:\u2464×1,U+2465:\u2465×1,U+25CB:\u25cb×4,U+326E:\u326e×1,U+326F:\u326f×1,U+3271:\u3271×1,U+339D:\u339d×2,U+AC01:\uac01×1,U+AC1C:\uac1c×1,U+AC8C:\uac8c×1,U+AE09:\uae09×14,U+AE4C:\uae4c×1,U+B2E4:\ub2e4×2,U+B2F9:\ub2f9×5,U+B3C4:\ub3c4×4,U+B4F1:\ub4f1×8,U+B780:\ub780×1,U+B7A8:\ub7a8×1,U+B85D:\ub85d×13,U+B97C:\ub97c×2,U+B9D0:\ub9d0×1,U+BB34:\ubb34×1,U+BBF8:\ubbf8×1,U+BC18:\ubc18×1,U+BD80:\ubd80×3,U+C190:\uc190×1,U+C218:\uc218×10,U+C2A8:\uc2a8×1,U+C2DC:\uc2dc×4,U+C57C:\uc57c×2,U+C601:\uc601×2,U+C70C:\uc70c×1,U+C751:\uc751×9,U+C785:\uc785×1,U+C790:\uc790×9,U+C7AC:\uc7ac×4,U+C810:\uc810×23,U+C871:\uc871×1,U+C9C1:\uc9c1×1,U+CCA8:\ucca8×1,U+CD94:\ucd94×3,U+CF5C:\ucf5c×1,U+D130:\ud130×2,U+D504:\ud504×1,U+D544:\ud544×1,U+D574:\ud574×1,U+D63C:\ud63c×2,U+D658:\ud658×1	U+002C:,×16,U+002D:-×9,U+002E:.×15,U+002F:/×7,U+0032:2×1,U+0036:6×7,U+0041:A×5,U+0042:B×1,U+0043:C×2,U+0046:F×4,U+0049:I×3,U+004B:K×1,U+0050:P×5,U+0055:U×1,U+0056:V×2,U+005F:_×3,U+0061:a×6,U+0062:b×1,U+0066:f×1,U+0067:g×10,U+0068:h×8,U+0069:i×11,U+006A:j×3,U+006B:k×3,U+006C:l×8,U+006D:m×1,U+006E:n×10,U+006F:o×3,U+0070:p×6,U+0072:r×1,U+0073:s×7,U+0074:t×16,U+0075:u×5,U+0076:v×4,U+0077:w×8,U+2022:\u2022×10,U+2161:\u2161×1,U+AC04:\uac04×20,U+AC10:\uac10×1,U+AC70:\uac70×3,U+AC83:\uac83×6,U+ACA9:\uaca9×2,U+ACAC:\uacac×1,U+ACB0:\uacb0×5,U+ACBD:\uacbd×6,U+ACE0:\uace0×11,U+ACF5:\uacf5×1,U+ACFC:\uacfc×7,U+AD00:\uad00×4,U+AD50:\uad50×2,U+AD6C:\uad6c×3,U+AD6D:\uad6d×2,U+AD70:\uad70×3,U+AD8C:\uad8c×1,U+ADC0:\uadc0×1,U+ADF8:\uadf8×1,U+ADFC:\uadfc×2,U+AE08:\uae08×1,U+AE30:\uae30×8,U+B098:\ub098×7,U+B0B4:\ub0b4×7,U+B118:\ub118×1,U+B178:\ub178×4,U+B204:\ub204×1,U+B290:\ub290×1,U+B294:\ub294×6,U+B298:\ub298×1,U+B2A5:\ub2a5×5,U+B2EC:\ub2ec×2,U+B2F4:\ub2f4×7,U+B300:\ub300×7,U+B418:\ub418×4,U+B41C:\ub41c×2,U+B420:\ub420×1,U+B428:\ub428×3,U+B450:\ub450×1,U+B530:\ub530×1,U+B54C:\ub54c×2,U+B77C:\ub77c×5,U+B798:\ub798×2,U+B7EC:\ub7ec×4,U+B824:\ub824×2,U+B840:\ub840×5,U+B85C:\ub85c×11,U+B860:\ub860×2,U+B8CC:\ub8cc×4,U+B974:\ub974×1,U+B978:\ub978×1,U+B9AC:\ub9ac×1,U+B9B4:\ub9b4×1,U+B9BC:\ub9bc×1,U+B9C8:\ub9c8×3,U+B9CC:\ub9cc×1,U+BA70:\uba70×5,U+BA85:\uba85×3,U+BAA8:\ubaa8×2,U+BB38:\ubb38×2,U+BBC0:\ubbc0×1,U+BC00:\ubc00×2,U+BC0F:\ubc0f×2,U+BC14:\ubc14×1,U+BC1B:\ubc1b×4,U+BC1C:\ubc1c×3,U+BC29:\ubc29×2,U+BC95:\ubc95×4,U+BCF4:\ubcf4×4,U+BCF8:\ubcf8×3,U+BD84:\ubd84×2,U+BD88:\ubd88×2,U+BE44:\ube44×2,U+BE60:\ube60×1,U+C0AC:\uc0ac×10,U+C0C1:\uc0c1×8,U+C0C8:\uc0c8×1,U+C0DD:\uc0dd×1,U+C11C:\uc11c×5,U+C120:\uc120×3,U+C124:\uc124×1,U+C131:\uc131×14,U+C138:\uc138×1,U+C18C:\uc18c×2,U+C1C4:\uc1c4×2,U+C2A4:\uc2a4×1,U+C2DD:\uc2dd×14,U+C2E0:\uc2e0×1,U+C2EC:\uc2ec×3,U+C529:\uc529×1,U+C544:\uc544×3,U+C545:\uc545×3,U+C54A:\uc54a×5,U+C554:\uc554×2,U+C558:\uc558×1,U+C591:\uc591×1,U+C5B4:\uc5b4×5,U+C5C6:\uc5c6×1,U+C5C8:\uc5c8×2,U+C5D0:\uc5d0×13,U+C5EC:\uc5ec×1,U+C5F0:\uc5f0×1,U+C5FC:\uc5fc×2,U+C608:\uc608×3,U+C624:\uc624×1,U+C62C:\uc62c×1,U+C640:\uc640×3,U+C654:\uc654×1,U+C678:\uc678×5,U+C6A9:\uc6a9×1,U+C6B0:\uc6b0×1,U+C6B4:\uc6b4×1,U+C6D0:\uc6d0×6,U+C704:\uc704×4,U+C73C:\uc73c×12,U+C740:\uc740×7,U+C744:\uc744×19,U+C74C:\uc74c×4,U+C758:\uc758×2,U+C774:\uc774×35,U+C778:\uc778×5,U+C77C:\uc77c×3,U+C788:\uc788×10,U+C801:\uc801×15,U+C804:\uc804×8,U+C808:\uc808×2,U+C815:\uc815×6,U+C81C:\uc81c×5,U+C838:\uc838×2,U+C870:\uc870×2,U+C874:\uc874×1,U+C885:\uc885×1,U+C8FC:\uc8fc×1,U+C900:\uc900×5,U+C904:\uc904×1,U+C911:\uc911×3,U+C999:\uc999×3,U+C99D:\uc99d×5,U+C9C0:\uc9c0×7,U+C9C4:\uc9c4×3,U+C9C8:\uc9c8×3,U+CC9C:\ucc9c×2,U+CD08:\ucd08×2,U+CDA9:\ucda9×2,U+CE21:\uce21×1,U+CE58:\uce58×9,U+CF00:\ucf00×1,U+CF54:\ucf54×1,U+CFC4:\ucfc4×1,U+D070:\ud070×1,U+D0C0:\ud0c0×1,U+D0DC:\ud0dc×5,U+D1A0:\ud1a0×2,U+D1B5:\ud1b5×1,U+D37C:\ud37c×1,U+D3B8:\ud3b8×1,U+D3D0:\ud3d0×2,U+D3EC:\ud3ec×2,U+D45C:\ud45c×1,U+D558:\ud558×4,U+D559:\ud559×1,U+D55C:\ud55c×9,U+D568:\ud568×2,U+D569:\ud569×1,U+D589:\ud589×3,U+D5A5:\ud5a5×1,U+D5D8:\ud5d8×1,U+D608:\ud608×2,U+D611:\ud611×1,U+D654:\ud654×7,U+D669:\ud669×2,U+D6A8:\ud6a8×1,U+D6C4:\ud6c4×3,U+D76C:\ud76c×1	-
211	359	745	U+0025:%×1,U+0028:(×1,U+002A:*×2,U+002B:+×3,U+002D:-×2,U+002E:.×1,U+0030:0×14,U+0031:1×18,U+0032:2×8,U+0033:3×18,U+0034:4×2,U+0035:5×5,U+0037:7×3,U+0038:8×2,U+0039:9×1,U+003D:=×2,U+0044:D×13,U+0045:E×19,U+0049:I×2,U+004B:K×1,U+004C:L×24,U+004D:M×17,U+004E:N×6,U+004F:O×2,U+0050:P×2,U+0052:R×2,U+0053:S×3,U+0054:T×2,U+0055:U×1,U+005B:[×2,U+005D:]×2,U+0062:b×2,U+0065:e×6,U+0066:f×1,U+006D:m×10,U+0071:q×1,U+0076:v×1,U+0078:x×1,U+2013:\u2013×1,U+203B:\u203b×2,U+2179:\u2179×5,U+2460:\u2460×1,U+2461:\u2461×1,U+326E:\u326e×2,U+326F:\u326f×2,U+3270:\u3270×2,U+3271:\u3271×1,U+AC1C:\uac1c×5,U+AC31:\uac31×1,U+ACC4:\uacc4×5,U+ACF5:\uacf5×1,U+ACFC:\uacfc×1,U+B0B4:\ub0b4×1,U+B124:\ub124×1,U+B2E4:\ub2e4×3,U+B3C4:\ub3c4×2,U+B3D9:\ub3d9×1,U+B41C:\ub41c×3,U+B428:\ub428×1,U+B450:\ub450×1,U+B4E0:\ub4e0×1,U+B530:\ub530×1,U+B54C:\ub54c×1,U+B77C:\ub77c×1,U+B77D:\ub77d×1,U+B85C:\ub85c×1,U+B960:\ub960×1,U+B97C:\ub97c×1,U+B9C8:\ub9c8×2,U+B9E4:\ub9e4×1,U+BAA8:\ubaa8×1,U+BBF8:\ubbf8×1,U+BC1B:\ubc1b×1,U+BC30:\ubc30×1,U+BC88:\ubc88×5,U+BCC0:\ubcc0×2,U+BCC4:\ubcc4×1,U+BCF4:\ubcf4×3,U+BD80:\ubd80×1,U+C0B0:\uc0b0×5,U+C11C:\uc11c×2,U+C12F:\uc12f×1,U+C218:\uc218×5,U+C54A:\uc54a×1,U+C558:\uc558×1,U+C5EC:\uc5ec×5,U+C5F0:\uc5f0×4,U+C608:\uc608×3,U+C678:\uc678×2,U+C6B0:\uc6b0×2,U+C6D4:\uc6d4×4,U+C704:\uc704×2,U+C73C:\uc73c×1,U+C740:\uc740×1,U+C744:\uc744×4,U+C77C:\uc77c×2,U+C7A5:\uc7a5×1,U+C810:\uc810×12,U+C900:\uc900×4,U+C9F8:\uc9f8×5,U+CCAB:\uccab×1,U+CD08:\ucd08×2,U+CD5C:\ucd5c×1,U+CD94:\ucd94×1,U+D074:\ud074×1,U+D0C8:\ud0c8×1,U+D0D5:\ud0d5×1,U+D1B5:\ud1b5×1,U+D310:\ud310×1,U+D558:\ud558×2,U+D560:\ud560×1,U+D568:\ud568×3,U+D574:\ud574×1,U+D5D8:\ud5d8×1,U+D655:\ud655×1	U+0029:)×1,U+002C:,×49,U+002F:/×1,U+0036:6×1,U+003A::×6,U+0042:B×7,U+0043:C×7,U+0048:H×1,U+0056:V×2,U+0057:W×4,U+005F:_×1,U+0061:a×8,U+0064:d×3,U+0067:g×1,U+0068:h×5,U+0069:i×6,U+006A:j×3,U+006B:k×4,U+006C:l×8,U+006E:n×3,U+006F:o×4,U+0070:p×2,U+0072:r×2,U+0073:s×15,U+0074:t×1,U+0075:u×3,U+0077:w×3,U+0079:y×3,U+03B1:\u03b1×1,U+2022:\u2022×14,U+2160:\u2160×1,U+AC00:\uac00×11,U+AC04:\uac04×50,U+AC74:\uac74×2,U+ACA9:\uaca9×1,U+ACBD:\uacbd×13,U+ACE0:\uace0×6,U+AD00:\uad00×8,U+AD70:\uad70×4,U+AD8C:\uad8c×1,U+ADF8:\uadf8×1,U+ADF9:\uadf9×1,U+AE08:\uae08×2,U+AE09:\uae09×1,U+AE30:\uae30×1,U+B098:\ub098×3,U+B144:\ub144×1,U+B1E8:\ub1e8×2,U+B294:\ub294×3,U+B2A5:\ub2a5×2,U+B2EC:\ub2ec×1,U+B2F4:\ub2f4×11,U+B2F5:\ub2f5×1,U+B2F9:\ub2f9×1,U+B300:\ub300×8,U+B3C5:\ub3c5×1,U+B418:\ub418×1,U+B4F1:\ub4f1×7,U+B7EC:\ub7ec×4,U+B828:\ub828×1,U+B8CC:\ub8cc×1,U+B958:\ub958×1,U+B974:\ub974×1,U+B978:\ub978×1,U+B9BC:\ub9bc×1,U+B9CC:\ub9cc×3,U+B9E5:\ub9e5×4,U+BA74:\uba74×3,U+BA85:\uba85×3,U+BB38:\ubb38×1,U+BB3C:\ubb3c×1,U+BC14:\ubc14×3,U+BC16:\ubc16×1,U+BC18:\ubc18×2,U+BC1C:\ubc1c×5,U+BC29:\ubc29×1,U+BC31:\ubc31×1,U+BC95:\ubc95×1,U+BCD1:\ubcd1×3,U+BCF5:\ubcf5×1,U+BCF8:\ubcf8×3,U+BD84:\ubd84×1,U+BD88:\ubd88×2,U+BE44:\ube44×8,U+BE60:\ube60×2,U+C0AC:\uc0ac×6,U+C0C1:\uc0c1×4,U+C120:\uc120×2,U+C124:\uc124×1,U+C131:\uc131×60,U+C138:\uc138×3,U+C18C:\uc18c×2,U+C190:\uc190×1,U+C1C4:\uc1c4×4,U+C2A4:\uc2a4×6,U+C2B5:\uc2b5×1,U+C2DD:\uc2dd×3,U+C545:\uc545×3,U+C54C:\uc54c×2,U+C554:\uc554×1,U+C555:\uc555×1,U+C560:\uc560×3,U+C57D:\uc57d×5,U+C591:\uc591×4,U+C5C6:\uc5c6×3,U+C5D0:\uc5d0×4,U+C5ED:\uc5ed×5,U+C5FC:\uc5fc×6,U+C624:\uc624×2,U+C62C:\uc62c×2,U+C640:\uc640×1,U+C694:\uc694×2,U+C6D0:\uc6d0×7,U+C720:\uc720×4,U+C74C:\uc74c×4,U+C758:\uc758×6,U+C774:\uc774×14,U+C778:\uc778×5,U+C788:\uc788×3,U+C790:\uc790×4,U+C7A0:\uc7a0×1,U+C801:\uc801×6,U+C804:\uc804×8,U+C808:\uc808×2,U+C81C:\uc81c×6,U+C838:\uc838×1,U+C870:\uc870×2,U+C871:\uc871×2,U+C885:\uc885×7,U+C8FC:\uc8fc×2,U+C8FD:\uc8fd×1,U+C999:\uc999×7,U+C99D:\uc99d×16,U+C9C0:\uc9c0×1,U+C9C4:\uc9c4×5,U+C9C8:\uc9c8×19,U+CC28:\ucc28×1,U+CC9C:\ucc9c×2,U+CD9C:\ucd9c×1,U+CE58:\uce58×2,U+CE5C:\uce5c×1,U+CE68:\uce68×1,U+CE74:\uce74×2,U+CF00:\ucf00×1,U+CF54:\ucf54×2,U+D0C0:\ud0c0×3,U+D3D0:\ud3d0×4,U+D3EC:\ud3ec×5,U+D504:\ud504×1,U+D53C:\ud53c×2,U+D544:\ud544×1,U+D55C:\ud55c×6,U+D56D:\ud56d×1,U+D589:\ud589×3,U+D608:\ud608×5,U+D615:\ud615×14,U+D639:\ud639×1,U+D63C:\ud63c×1,U+D654:\ud654×15,U+D658:\ud658×20,U+D669:\ud669×2,U+D6A8:\ud6a8×1,U+D6C4:\ud6c4×2,U+D76C:\ud76c×2	-
212	387	489	U+0025:%×1,U+002E:.×5,U+0031:1×2,U+0078:x×2,U+AC00:\uac00×1,U+AC04:\uac04×6,U+AC19:\uac19×3,U+AC1C:\uac1c×1,U+AC80:\uac80×2,U+ACB0:\uacb0×2,U+ACC4:\uacc4×1,U+ACE0:\uace0×2,U+ACE4:\uace4×1,U+ACF5:\uacf5×3,U+AD6C:\uad6c×6,U+AD6D:\uad6d×1,U+AD8C:\uad8c×1,U+ADF8:\uadf8×1,U+AE09:\uae09×10,U+AE30:\uae30×17,U+AE34:\uae34×1,U+B098:\ub098×3,U+B118:\ub118×1,U+B150:\ub150×3,U+B1CC:\ub1cc×3,U+B294:\ub294×11,U+B2EC:\ub2ec×3,U+B300:\ub300×4,U+B370:\ub370×1,U+B418:\ub418×3,U+B4DC:\ub4dc×1,U+B4F1:\ub4f1×2,U+B610:\ub610×1,U+B798:\ub798×1,U+B7C9:\ub7c9×1,U+B7EC:\ub7ec×2,U+B824:\ub824×3,U+B85C:\ub85c×13,U+B974:\ub974×1,U+B978:\ub978×1,U+B97C:\ub97c×3,U+B9AC:\ub9ac×1,U+B9C9:\ub9c9×1,U+B9CC:\ub9cc×3,U+B9CE:\ub9ce×1,U+B9E4:\ub9e4×2,U+BA70:\uba70×2,U+BB38:\ubb38×3,U+BB3C:\ubb3c×1,U+BBC0:\ubbc0×2,U+BC18:\ubc18×1,U+BC84:\ubc84×1,U+BC88:\ubc88×2,U+BCC4:\ubcc4×2,U+BD80:\ubd80×5,U+BE48:\ube48×2,U+C0AC:\uc0ac×5,U+C0B4:\uc0b4×1,U+C0C1:\uc0c1×6,U+C0DD:\uc0dd×7,U+C11C:\uc11c×10,U+C120:\uc120×2,U+C13C:\uc13c×1,U+C18D:\uc18d×1,U+C2DC:\uc2dc×4,U+C2DD:\uc2dd×15,U+C2E4:\uc2e4×1,U+C544:\uc544×8,U+C555:\uc555×1,U+C5B4:\uc5b4×1,U+C5BC:\uc5bc×1,U+C5D0:\uc5d0×7,U+C5F0:\uc5f0×2,U+C600:\uc600×1,U+C601:\uc601×1,U+C640:\uc640×5,U+C694:\uc694×2,U+C6A9:\uc6a9×5,U+C6B0:\uc6b0×4,U+C6C0:\uc6c0×1,U+C704:\uc704×3,U+C720:\uc720×1,U+C728:\uc728×1,U+C73C:\uc73c×6,U+C740:\uc740×10,U+C744:\uc744×5,U+C751:\uc751×5,U+C758:\uc758×8,U+C774:\uc774×8,U+C790:\uc790×11,U+C791:\uc791×1,U+C798:\uc798×1,U+C7A5:\uc7a5×2,U+C7AC:\uc7ac×2,U+C801:\uc801×8,U+C804:\uc804×1,U+C8FC:\uc8fc×3,U+C900:\uc900×5,U+C904:\uc904×1,U+C99D:\uc99d×3,U+C9C0:\uc9c0×4,U+CC28:\ucc28×2,U+CCB4:\uccb4×11,U+CD08:\ucd08×1,U+CD5C:\ucd5c×2,U+CF5C:\ucf5c×1,U+D0A4:\ud0a4×2,U+D0D5:\ud0d5×1,U+D130:\ud130×1,U+D1A0:\ud1a0×1,U+D2B9:\ud2b9×2,U+D48D:\ud48d×1,U+D504:\ud504×1,U+D55C:\ud55c×5,U+D568:\ud568×3,U+D56D:\ud56d×2,U+D574:\ud574×3,U+D5A5:\ud5a5×1,U+D5D8:\ud5d8×1,U+D611:\ud611×1,U+D61C:\ud61c×1,U+D655:\ud655×2,U+D788:\ud788×2	U+0028:(×9,U+0029:)×10,U+002C:,×9,U+002F:/×10,U+0030:0×1,U+0032:2×3,U+0033:3×1,U+0035:5×1,U+0036:6×3,U+0038:8×1,U+0039:9×1,U+003A::×1,U+0041:A×7,U+0043:C×1,U+0044:D×2,U+0045:E×1,U+0047:G×1,U+0048:H×1,U+004C:L×3,U+0050:P×1,U+0053:S×3,U+0054:T×2,U+0061:a×17,U+0062:b×1,U+0063:c×6,U+0064:d×4,U+0065:e×11,U+0066:f×4,U+0067:g×3,U+0068:h×10,U+0069:i×14,U+006A:j×1,U+006B:k×1,U+006C:l×12,U+006D:m×6,U+006E:n×13,U+006F:o×17,U+0070:p×1,U+0072:r×9,U+0073:s×16,U+0074:t×14,U+0075:u×8,U+0076:v×5,U+0077:w×3,U+0079:y×8,U+00B7:\xb7×5,U+2022:\u2022×14,U+AC10:\uac10×1,U+AC74:\uac74×3,U+AC8C:\uac8c×1,U+ACA9:\uaca9×3,U+ACAC:\uacac×1,U+ACBD:\uacbd×2,U+AD00:\uad00×4,U+ADF9:\uadf9×2,U+AE38:\uae38×1,U+B0AD:\ub0ad×1,U+B108:\ub108×1,U+B2A5:\ub2a5×2,U+B2E8:\ub2e8×2,U+B2F4:\ub2f4×4,U+B3C4:\ub3c4×2,U+B3C5:\ub3c5×1,U+B3D9:\ub3d9×1,U+B428:\ub428×1,U+B51C:\ub51c×1,U+B530:\ub530×1,U+B54C:\ub54c×2,U+B77C:\ub77c×3,U+B839:\ub839×1,U+B8CC:\ub8cc×3,U+B958:\ub958×1,U+B984:\ub984×1,U+B9BD:\ub9bd×1,U+B9C8:\ub9c8×1,U+B9E5:\ub9e5×1,U+BA74:\uba74×3,U+BA85:\uba85×3,U+BB34:\ubb34×1,U+BBF8:\ubbf8×2,U+BC16:\ubc16×1,U+BC1C:\ubc1c×4,U+BC31:\ubc31×1,U+BCD1:\ubcd1×3,U+BCF5:\ubcf5×3,U+BCF8:\ubcf8×1,U+BD84:\ubd84×1,U+BD88:\ubd88×1,U+BE44:\ube44×2,U+C131:\uc131×10,U+C138:\uc138×1,U+C190:\uc190×1,U+C1C4:\uc1c4×1,U+C218:\uc218×2,U+C220:\uc220×3,U+C288:\uc288×2,U+C2A4:\uc2a4×1,U+C2B5:\uc2b5×2,U+C2E0:\uc2e0×3,U+C2EC:\uc2ec×2,U+C545:\uc545×1,U+C548:\uc548×1,U+C54C:\uc54c×1,U+C57D:\uc57d×2,U+C591:\uc591×1,U+C5B5:\uc5b5×1,U+C5C6:\uc5c6×3,U+C5EC:\uc5ec×2,U+C5ED:\uc5ed×3,U+C5FC:\uc5fc×5,U+C62C:\uc62c×1,U+C644:\uc644×1,U+C678:\uc678×2,U+C6D0:\uc6d0×4,U+C778:\uc778×2,U+C77C:\uc77c×2,U+C788:\uc788×1,U+C7A1:\uc7a1×1,U+C808:\uc808×5,U+C815:\uc815×3,U+C81C:\uc81c×1,U+C870:\uc870×4,U+C874:\uc874×1,U+C911:\uc911×2,U+C999:\uc999×2,U+C9C1:\uc9c1×4,U+C9C4:\uc9c4×3,U+C9C8:\uc9c8×6,U+C9D1:\uc9d1×1,U+C9E7:\uc9e7×1,U+CC9C:\ucc9c×2,U+CDA9:\ucda9×1,U+CDE8:\ucde8×1,U+CE58:\uce58×3,U+CE68:\uce68×2,U+CF54:\ucf54×1,U+D0B4:\ud0b4×1,U+D310:\ud310×2,U+D328:\ud328×1,U+D3B8:\ud3b8×1,U+D3D0:\ud3d0×3,U+D3EC:\ud3ec×4,U+D45C:\ud45c×1,U+D544:\ud544×1,U+D558:\ud558×5,U+D559:\ud559×1,U+D589:\ud589×2,U+D5C8:\ud5c8×1,U+D608:\ud608×1,U+D654:\ud654×5,U+D658:\ud658×4,U+D669:\ud669×1	-
213	721	380	U+0025:%×4,U+0026:&×1,U+002C:,×4,U+002D:-×3,U+002E:.×10,U+0042:B×1,U+0046:F×1,U+0051:Q×1,U+0054:T×1,U+AC00:\uac00×9,U+AC01:\uac01×3,U+AC04:\uac04×3,U+AC08:\uac08×1,U+AC1C:\uac1c×5,U+AC70:\uac70×2,U+AC78:\uac78×2,U+AC80:\uac80×9,U+AC83:\uac83×6,U+AC8C:\uac8c×4,U+ACA8:\uaca8×1,U+ACBD:\uacbd×5,U+ACE0:\uace0×19,U+ACF5:\uacf5×1,U+ACFC:\uacfc×2,U+AD00:\uad00×11,U+AD6C:\uad6c×1,U+AD6D:\uad6d×9,U+AD8C:\uad8c×5,U+ADA4:\uada4×1,U+ADDC:\uaddc×1,U+ADF8:\uadf8×2,U+ADFC:\uadfc×1,U+AE08:\uae08×1,U+AE30:\uae30×24,U+AE38:\uae38×1,U+B098:\ub098×4,U+B124:\ub124×1,U+B144:\ub144×5,U+B192:\ub192×1,U+B294:\ub294×12,U+B298:\ub298×1,U+B2A5:\ub2a5×4,U+B2C8:\ub2c8×1,U+B2D8:\ub2d8×1,U+B2E4:\ub2e4×3,U+B2E8:\ub2e8×1,U+B2EC:\ub2ec×1,U+B300:\ub300×3,U+B370:\ub370×1,U+B3C4:\ub3c4×12,U+B3CC:\ub3cc×3,U+B420:\ub420×1,U+B428:\ub428×2,U+B4DC:\ub4dc×2,U+B4E0:\ub4e0×2,U+B4E6:\ub4e6×1,U+B514:\ub514×1,U+B77C:\ub77c×2,U+B780:\ub780×1,U+B78C:\ub78c×1,U+B798:\ub798×2,U+B7EC:\ub7ec×5,U+B7FC:\ub7fc×1,U+B808:\ub808×1,U+B85C:\ub85c×5,U+B85D:\ub85d×4,U+B8CC:\ub8cc×2,U+B8E8:\ub8e8×1,U+B960:\ub960×3,U+B974:\ub974×2,U+B97C:\ub97c×5,U+B9AC:\ub9ac×6,U+B9BD:\ub9bd×1,U+B9C1:\ub9c1×1,U+B9CC:\ub9cc×1,U+B9DD:\ub9dd×4,U+B9E4:\ub9e4×1,U+BA40:\uba40×1,U+BA70:\uba70×2,U+BA74:\uba74×4,U+BAA8:\ubaa8×3,U+BB38:\ubb38×2,U+BBF8:\ubbf8×3,U+BC14:\ubc14×1,U+BC1B:\ubc1b×4,U+BC1C:\ubc1c×2,U+BC29:\ubc29×3,U+BC84:\ubc84×1,U+BC95:\ubc95×1,U+BCA4:\ubca4×1,U+BCD1:\ubcd1×6,U+BCF4:\ubcf4×3,U+BCF5:\ubcf5×3,U+BCF8:\ubcf8×2,U+BD04:\ubd04×1,U+BD80:\ubd80×3,U+BD84:\ubd84×2,U+BE60:\ube60×1,U+C0AC:\uc0ac×16,U+C0C1:\uc0c1×1,U+C0C9:\uc0c9×2,U+C0DD:\uc0dd×15,U+C11C:\uc11c×12,U+C13C:\uc13c×2,U+C18C:\uc18c×2,U+C218:\uc218×10,U+C220:\uc220×5,U+C27D:\uc27d×1,U+C2A4:\uc2a4×2,U+C2DC:\uc2dc×3,U+C2DD:\uc2dd×7,U+C2E0:\uc2e0×1,U+C544:\uc544×7,U+C548:\uc548×1,U+C54A:\uc54a×1,U+C560:\uc560×5,U+C561:\uc561×3,U+C57C:\uc57c×2,U+C5B4:\uc5b4×4,U+C5C8:\uc5c8×1,U+C5D0:\uc5d0×18,U+C5EC:\uc5ec×1,U+C5ED:\uc5ed×1,U+C5FD:\uc5fd×2,U+C601:\uc601×3,U+C608:\uc608×1,U+C640:\uc640×5,U+C678:\uc678×2,U+C694:\uc694×5,U+C6B0:\uc6b0×5,U+C6D4:\uc6d4×6,U+C704:\uc704×1,U+C73C:\uc73c×1,U+C740:\uc740×8,U+C744:\uc744×9,U+C74C:\uc74c×3,U+C758:\uc758×10,U+C774:\uc774×22,U+C77C:\uc77c×2,U+C784:\uc784×2,U+C785:\uc785×1,U+C788:\uc788×9,U+C790:\uc790×10,U+C791:\uc791×1,U+C7A5:\uc7a5×2,U+C801:\uc801×9,U+C804:\uc804×3,U+C815:\uc815×4,U+C81C:\uc81c×5,U+C874:\uc874×6,U+C88C:\uc88c×1,U+C8FC:\uc8fc×7,U+C99D:\uc99d×16,U+C9C0:\uc9c0×2,U+C9C1:\uc9c1×2,U+C9D0:\uc9d0×1,U+C9D1:\uc9d1×1,U+C9D5:\uc9d5×3,U+CC28:\ucc28×1,U+CC30:\ucc30×10,U+CCAB:\uccab×1,U+CCB4:\uccb4×2,U+CD08:\ucd08×1,U+CD5C:\ucd5c×2,U+CD94:\ucd94×12,U+CD9C:\ucd9c×1,U+CE21:\uce21×1,U+CE58:\uce58×1,U+CE5C:\uce5c×2,U+CE90:\uce90×1,U+CF5C:\ucf5c×1,U+CFE0:\ucfe0×1,U+D0DC:\ud0dc×1,U+D130:\ud130×5,U+D1A0:\ud1a0×1,U+D1B5:\ud1b5×2,U+D2B8:\ud2b8×1,U+D2B9:\ud2b9×1,U+D300:\ud300×2,U+D30C:\ud30c×2,U+D504:\ud504×1,U+D50C:\ud50c×3,U+D544:\ud544×3,U+D558:\ud558×20,U+D560:\ud560×3,U+D568:\ud568×6,U+D569:\ud569×5,U+D56D:\ud56d×1,U+D574:\ud574×1,U+D587:\ud587×1,U+D5A5:\ud5a5×1,U+D5D8:\ud5d8×1,U+D65C:\ud65c×1,U+D669:\ud669×2,U+D6C4:\ud6c4×9,U+D788:\ud788×1,U+D799:\ud799×1	U+0028:(×4,U+0029:)×5,U+002F:/×3,U+0030:0×5,U+0031:1×2,U+0033:3×1,U+0034:4×6,U+0035:5×5,U+0036:6×2,U+0037:7×1,U+0038:8×1,U+0039:9×3,U+003A::×5,U+003B:;×3,U+003C:<×1,U+0041:A×5,U+0043:C×2,U+0044:D×1,U+0045:E×3,U+0047:G×3,U+0048:H×5,U+0049:I×7,U+004A:J×1,U+004B:K×1,U+004C:L×5,U+004D:M×2,U+004E:N×1,U+0050:P×5,U+0061:a×16,U+0062:b×1,U+0063:c×11,U+0064:d×6,U+0065:e×22,U+0066:f×2,U+0067:g×4,U+0068:h×4,U+0069:i×15,U+006C:l×11,U+006D:m×10,U+006E:n×15,U+006F:o×15,U+0070:p×7,U+0072:r×9,U+0073:s×8,U+0074:t×14,U+00B7:\xb7×18,U+03BC:\u03bc×1,U+2019:\u2019×2,U+2022:\u2022×1,U+2265:\u2265×2,U+2460:\u2460×2,U+2461:\u2461×2,U+ACA9:\uaca9×1,U+AE09:\uae09×5,U+B1CC:\ub1cc×2,U+B2CC:\ub2cc×2,U+B2F9:\ub2f9×1,U+B3C5:\ub3c5×2,U+B3D9:\ub3d9×4,U+B41C:\ub41c×1,U+B458:\ub458×1,U+B610:\ub610×1,U+B7FD:\ub7fd×1,U+B824:\ub824×1,U+B9C8:\ub9c8×2,U+B9E5:\ub9e5×2,U+BC18:\ubc18×3,U+BD88:\ubd88×1,U+C131:\uc131×5,U+C138:\uc138×1,U+C18D:\uc18d×1,U+C21C:\uc21c×1,U+C2B9:\uc2b9×1,U+C545:\uc545×1,U+C54C:\uc54c×2,U+C554:\uc554×2,U+C555:\uc555×1,U+C57D:\uc57d×2,U+C591:\uc591×1,U+C5C6:\uc5c6×1,U+C62C:\uc62c×2,U+C6D0:\uc6d0×1,U+C720:\uc720×1,U+C751:\uc751×4,U+C778:\uc778×1,U+C7AC:\uc7ac×1,U+C808:\uc808×1,U+C810:\uc810×1,U+C870:\uc870×1,U+C885:\uc885×2,U+C900:\uc900×1,U+C911:\uc911×2,U+C9C4:\uc9c4×2,U+C9C8:\uc9c8×2,U+CDA9:\ucda9×1,U+CF54:\ucf54×1,U+D06C:\ud06c×1,U+D2F0:\ud2f0×1,U+D328:\ud328×2,U+D3D0:\ud3d0×1,U+D559:\ud559×1,U+D55C:\ud55c×4,U+D589:\ud589×3,U+D604:\ud604×2,U+D658:\ud658×3,U+D68C:\ud68c×1,U+FF1C:\uff1c×1,U+FF1E:\uff1e×1	-
214	483	409	U+002C:,×1,U+0034:4×3,U+0036:6×1,U+003A::×10,U+003C:<×1,U+0042:B×1,U+0043:C×2,U+0047:G×4,U+0056:V×1,U+0062:b×1,U+0076:v×1,U+AC01:\uac01×1,U+AC08:\uac08×1,U+AC15:\uac15×1,U+AC1C:\uac1c×2,U+AC70:\uac70×2,U+AC80:\uac80×3,U+AC83:\uac83×3,U+ACE0:\uace0×8,U+ACFC:\uacfc×1,U+AD00:\uad00×3,U+AD6C:\uad6c×4,U+AD8C:\uad8c×4,U+ADA4:\uada4×1,U+ADE0:\uade0×2,U+AE30:\uae30×17,U+B09C:\ub09c×1,U+B0AE:\ub0ae×1,U+B124:\ub124×1,U+B144:\ub144×5,U+B294:\ub294×13,U+B2A5:\ub2a5×4,U+B2C8:\ub2c8×1,U+B2E4:\ub2e4×1,U+B2E8:\ub2e8×3,U+B2EC:\ub2ec×1,U+B358:\ub358×1,U+B3CC:\ub3cc×1,U+B418:\ub418×7,U+B428:\ub428×2,U+B4E0:\ub4e0×2,U+B4F1:\ub4f1×2,U+B514:\ub514×1,U+B610:\ub610×3,U+B798:\ub798×2,U+B808:\ub808×1,U+B825:\ub825×1,U+B835:\ub835×1,U+B85C:\ub85c×2,U+B85D:\ub85d×1,U+B8CC:\ub8cc×3,U+B958:\ub958×1,U+B97C:\ub97c×5,U+B9C1:\ub9c1×1,U+B9CC:\ub9cc×4,U+B9DD:\ub9dd×2,U+B9E4:\ub9e4×1,U+BA70:\uba70×2,U+BA85:\uba85×2,U+BAA8:\ubaa8×3,U+BB38:\ubb38×2,U+BBF8:\ubbf8×4,U+BC0F:\ubc0f×1,U+BC1B:\ubc1b×4,U+BC29:\ubc29×6,U+BC30:\ubc30×2,U+BCD1:\ubcd1×8,U+BCF4:\ubcf4×1,U+BCF5:\ubcf5×2,U+BD84:\ubd84×2,U+C0AC:\uc0ac×10,U+C0C9:\uc0c9×1,U+C0DD:\uc0dd×5,U+C11C:\uc11c×2,U+C11D:\uc11d×1,U+C120:\uc120×1,U+C124:\uc124×1,U+C18C:\uc18c×3,U+C18D:\uc18d×1,U+C218:\uc218×4,U+C220:\uc220×7,U+C2A4:\uc2a4×2,U+C2DC:\uc2dc×3,U+C2E4:\uc2e4×6,U+C2EC:\uc2ec×3,U+C544:\uc544×3,U+C54A:\uc54a×3,U+C560:\uc560×5,U+C561:\uc561×2,U+C57C:\uc57c×1,U+C57D:\uc57d×2,U+C591:\uc591×1,U+C5B4:\uc5b4×5,U+C5C8:\uc5c8×2,U+C5D0:\uc5d0×2,U+C5F0:\uc5f0×2,U+C601:\uc601×2,U+C608:\uc608×5,U+C640:\uc640×3,U+C644:\uc644×1,U+C678:\uc678×3,U+C694:\uc694×5,U+C6A9:\uc6a9×4,U+C6D0:\uc6d0×5,U+C6D4:\uc6d4×2,U+C704:\uc704×9,U+C720:\uc720×2,U+C73C:\uc73c×2,U+C744:\uc744×5,U+C758:\uc758×6,U+C774:\uc774×5,U+C778:\uc778×2,U+C785:\uc785×2,U+C788:\uc788×1,U+C790:\uc790×11,U+C7A5:\uc7a5×8,U+C7AC:\uc7ac×5,U+C801:\uc801×12,U+C81C:\uc81c×4,U+C874:\uc874×4,U+C8FD:\uc8fd×1,U+C911:\uc911×1,U+C99D:\uc99d×14,U+C9C0:\uc9c0×2,U+C9C1:\uc9c1×1,U+C9C4:\uc9c4×2,U+C9D5:\uc9d5×1,U+CC28:\ucc28×1,U+CC30:\ucc30×4,U+CCAB:\uccab×1,U+CD2C:\ucd2c×1,U+CD5C:\ucd5c×2,U+CD94:\ucd94×4,U+CD9C:\ucd9c×1,U+CE21:\uce21×1,U+CE58:\uce58×3,U+CF54:\ucf54×1,U+D070:\ud070×1,U+D15C:\ud15c×1,U+D1B5:\ud1b5×3,U+D1F4:\ud1f4×1,U+D22C:\ud22c×1,U+D2B8:\ud2b8×1,U+D3C9:\ud3c9×4,U+D3D0:\ud3d0×2,U+D45C:\ud45c×1,U+D50C:\ud50c×1,U+D544:\ud544×7,U+D558:\ud558×9,U+D560:\ud560×1,U+D569:\ud569×4,U+D574:\ud574×5,U+D589:\ud589×1,U+D5D8:\ud5d8×3,U+D608:\ud608×5,U+D611:\ud611×1,U+D65C:\ud65c×1,U+D68C:\ud68c×1,U+D6C4:\ud6c4×7,U+D788:\ud788×2	U+0028:(×16,U+0029:)×16,U+002A:*×7,U+002E:.×2,U+002F:/×4,U+0030:0×12,U+0031:1×2,U+0032:2×2,U+0033:3×5,U+0035:5×1,U+0037:7×8,U+0038:8×4,U+0041:A×2,U+0044:D×10,U+0045:E×10,U+0046:F×1,U+0048:H×3,U+0049:I×2,U+004B:K×1,U+004C:L×12,U+004D:M×6,U+004E:N×4,U+004F:O×2,U+0050:P×9,U+0052:R×3,U+0061:a×2,U+0063:c×4,U+0065:e×4,U+0066:f×3,U+0067:g×2,U+0068:h×2,U+0069:i×13,U+006C:l×8,U+006D:m×6,U+006E:n×7,U+006F:o×5,U+0070:p×2,U+0072:r×3,U+0073:s×5,U+0074:t×11,U+0075:u×4,U+0079:y×2,U+03BC:\u03bc×1,U+2022:\u2022×1,U+2265:\u2265×1,U+2266:\u2266×2,U+2267:\u2267×3,U+2460:\u2460×2,U+2461:\u2461×1,U+2462:\u2462×1,U+2463:\u2463×1,U+2464:\u2464×1,U+326E:\u326e×1,U+326F:\u326f×2,U+3270:\u3270×1,U+AC00:\uac00×2,U+AC04:\uac04×1,U+AC74:\uac74×4,U+ACA9:\uaca9×2,U+ACB0:\uacb0×4,U+ACBD:\uacbd×2,U+ACF5:\uacf5×1,U+AD6D:\uad6d×1,U+AE09:\uae09×8,U+AE4C:\uae4c×3,U+B098:\ub098×2,U+B0B4:\ub0b4×5,U+B2F9:\ub2f9×1,U+B3C4:\ub3c4×7,U+B3D9:\ub3d9×5,U+B69C:\ub69c×2,U+B837:\ub837×2,U+B8E8:\ub8e8×1,U+B9AC:\ub9ac×1,U+B9BD:\ub9bd×1,U+B9D0:\ub9d0×1,U+B9E5:\ub9e5×2,U+BA74:\uba74×2,U+BABB:\ubabb×1,U+BB34:\ubb34×1,U+BC14:\ubc14×1,U+BC18:\ubc18×3,U+BC95:\ubc95×2,U+BCC4:\ubcc4×1,U+BD80:\ubd80×2,U+BE44:\ube44×1,U+BE48:\ube48×1,U+BE4C:\ube4c×1,U+C0B0:\uc0b0×1,U+C0C1:\uc0c1×2,U+C131:\uc131×8,U+C138:\uc138×4,U+C2E0:\uc2e0×1,U+C5C6:\uc5c6×2,U+C5EC:\uc5ec×1,U+C5FC:\uc5fc×1,U+C6B0:\uc6b0×2,U+C740:\uc740×7,U+C751:\uc751×9,U+C77C:\uc77c×1,U+C810:\uc810×12,U+C815:\uc815×1,U+C870:\uc870×4,U+C871:\uc871×1,U+C900:\uc900×3,U+C9C8:\uc9c8×1,U+CC38:\ucc38×1,U+CCAD:\uccad×1,U+CCB4:\uccb4×1,U+D0C0:\ud0c0×1,U+D0DC:\ud0dc×2,U+D130:\ud130×1,U+D310:\ud310×1,U+D55C:\ud55c×4,U+D638:\ud638×1,U+D639:\ud639×9,U+D63C:\ud63c×1,U+D658:\ud658×1,U+D761:\ud761×1,U+D76C:\ud76c×1,U+FF1C:\uff1c×1,U+FF1E:\uff1e×2	-
215	914	280	U+0029:)×6,U+002C:,×15,U+002D:-×10,U+002E:.×34,U+002F:/×20,U+0030:0×13,U+0031:1×7,U+0032:2×23,U+0033:3×2,U+0034:4×1,U+0036:6×6,U+0037:7×10,U+0039:9×2,U+0041:A×1,U+004A:J×1,U+0050:P×1,U+005F:_×6,U+0061:a×8,U+0063:c×7,U+0065:e×1,U+0066:f×2,U+0067:g×2,U+0068:h×12,U+0069:i×14,U+006A:j×4,U+006B:k×5,U+006C:l×16,U+006D:m×5,U+006E:n×20,U+006F:o×3,U+0070:p×8,U+0071:q×1,U+0072:r×4,U+0073:s×2,U+0074:t×25,U+0075:u×10,U+0076:v×4,U+0077:w×8,U+0078:x×1,U+007E:~×6,U+2018:\u2018×1,U+2019:\u2019×1,U+304C:\u304c×1,U+3093:\u3093×1,U+30B9:\u30b9×1,U+30D7:\u30d7×1,U+30E9:\u30e9×1,U+AC08:\uac08×1,U+AC10:\uac10×1,U+AC15:\uac15×3,U+AC1C:\uac1c×5,U+AC70:\uac70×3,U+AC74:\uac74×3,U+AC78:\uac78×2,U+AC80:\uac80×2,U+AC83:\uac83×3,U+AC8C:\uac8c×2,U+ACB0:\uacb0×2,U+ACC4:\uacc4×1,U+ACE0:\uace0×5,U+ACF3:\uacf3×2,U+ACFC:\uacfc×3,U+AD00:\uad00×5,U+AD6C:\uad6c×3,U+ADC0:\uadc0×1,U+ADDC:\uaddc×1,U+ADFC:\uadfc×1,U+AE08:\uae08×1,U+AE30:\uae30×19,U+AE38:\uae38×1,U+B080:\ub080×1,U+B098:\ub098×2,U+B09C:\ub09c×1,U+B0A0:\ub0a0×2,U+B0A8:\ub0a8×1,U+B144:\ub144×7,U+B290:\ub290×1,U+B294:\ub294×8,U+B2A5:\ub2a5×1,U+B300:\ub300×2,U+B3CC:\ub3cc×1,U+B3D9:\ub3d9×4,U+B428:\ub428×1,U+B4A4:\ub4a4×3,U+B4E0:\ub4e0×1,U+B514:\ub514×1,U+B530:\ub530×2,U+B54C:\ub54c×2,U+B77C:\ub77c×2,U+B77D:\ub77d×2,U+B798:\ub798×9,U+B7C9:\ub7c9×1,U+B85C:\ub85c×11,U+B8CC:\ub8cc×11,U+B97C:\ub97c×3,U+B9AC:\ub9ac×4,U+B9C8:\ub9c8×4,U+B9C9:\ub9c9×3,U+BA39:\uba39×1,U+BA70:\uba70×11,U+BA74:\uba74×4,U+BAA8:\ubaa8×1,U+BAA9:\ubaa9×1,U+BABB:\ubabb×1,U+BB38:\ubb38×5,U+BB3C:\ubb3c×2,U+BBC0:\ubbc0×1,U+BC0F:\ubc0f×2,U+BC18:\ubc18×2,U+BC1B:\ubc1b×3,U+BC1C:\ubc1c×1,U+BC29:\ubc29×1,U+BCC0:\ubcc0×1,U+BCC4:\ubcc4×1,U+BCD1:\ubcd1×4,U+BCF4:\ubcf4×3,U+BCF5:\ubcf5×1,U+BCF8:\ubcf8×3,U+BD88:\ubd88×2,U+BE0C:\ube0c×2,U+C0AC:\uc0ac×6,U+C0C1:\uc0c1×4,U+C0DD:\uc0dd×1,U+C11C:\uc11c×1,U+C124:\uc124×4,U+C12D:\uc12d×1,U+C18C:\uc18c×1,U+C18D:\uc18d×2,U+C220:\uc220×12,U+C288:\uc288×1,U+C2DC:\uc2dc×2,U+C2DD:\uc2dd×5,U+C2E0:\uc2e0×3,U+C2E4:\uc2e4×1,U+C2ED:\uc2ed×1,U+C544:\uc544×3,U+C548:\uc548×2,U+C57C:\uc57c×3,U+C57D:\uc57d×2,U+C5B4:\uc5b4×1,U+C5B8:\uc5b8×1,U+C5C6:\uc5c6×3,U+C5D0:\uc5d0×10,U+C5EC:\uc5ec×2,U+C5F0:\uc5f0×4,U+C5F4:\uc5f4×1,U+C600:\uc600×2,U+C640:\uc640×4,U+C678:\uc678×11,U+C694:\uc694×3,U+C6A9:\uc6a9×2,U+C6D0:\uc6d0×9,U+C6D4:\uc6d4×11,U+C720:\uc720×1,U+C728:\uc728×1,U+C73C:\uc73c×13,U+C740:\uc740×1,U+C744:\uc744×14,U+C74C:\uc74c×7,U+C774:\uc774×7,U+C77C:\uc77c×10,U+C784:\uc784×3,U+C785:\uc785×3,U+C788:\uc788×9,U+C790:\uc790×8,U+C791:\uc791×1,U+C7A0:\uc7a0×1,U+C7A1:\uc7a1×2,U+C7A5:\uc7a5×1,U+C800:\uc800×2,U+C801:\uc801×8,U+C804:\uc804×3,U+C808:\uc808×2,U+C811:\uc811×1,U+C815:\uc815×7,U+C81C:\uc81c×8,U+C870:\uc870×3,U+C874:\uc874×1,U+C8FC:\uc8fc×9,U+C904:\uc904×1,U+C90C:\uc90c×1,U+C911:\uc911×1,U+C99D:\uc99d×17,U+C9C0:\uc9c0×3,U+C9C4:\uc9c4×7,U+CC30:\ucc30×1,U+CCA0:\ucca0×1,U+CCAB:\uccab×2,U+CCB4:\uccb4×1,U+CD1D:\ucd1d×1,U+CD5C:\ucd5c×1,U+CD9C:\ucd9c×1,U+CDE8:\ucde8×3,U+CE58:\uce58×5,U+CE59:\uce59×1,U+CE60:\uce60×1,U+D06C:\ud06c×2,U+D0A4:\ud0a4×1,U+D0B4:\ud0b4×1,U+D0DC:\ud0dc×4,U+D1A0:\ud1a0×1,U+D1F4:\ud1f4×6,U+D29C:\ud29c×2,U+D53C:\ud53c×1,U+D544:\ud544×1,U+D558:\ud558×11,U+D560:\ud560×2,U+D568:\ud568×10,U+D569:\ud569×2,U+D588:\ud588×1,U+D589:\ud589×2,U+D5D8:\ud5d8×2,U+D604:\ud604×1,U+D608:\ud608×1,U+D68C:\ud68c×2,U+D6C4:\ud6c4×20,U+D788:\ud788×1	U+0027:'×1,U+0028:(×6,U+002A:*×2,U+002B:+×2,U+0038:8×1,U+003A::×4,U+0042:B×1,U+0043:C×2,U+0044:D×13,U+0045:E×10,U+0047:G×5,U+0048:H×1,U+004B:K×1,U+004C:L×11,U+004D:M×10,U+004F:O×2,U+0053:S×3,U+0057:W×1,U+0064:d×1,U+203B:\u203b×3,U+2160:\u2160×1,U+2161:\u2161×1,U+2162:\u2162×1,U+2163:\u2163×1,U+2461:\u2461×1,U+2462:\u2462×1,U+2463:\u2463×1,U+2464:\u2464×1,U+2465:\u2465×1,U+25CB:\u25cb×4,U+326E:\u326e×1,U+326F:\u326f×1,U+3271:\u3271×1,U+339D:\u339d×2,U+AC00:\uac00×2,U+AC19:\uac19×1,U+ACBD:\uacbd×1,U+AE09:\uae09×16,U+AE4C:\uae4c×1,U+B2E4:\ub2e4×1,U+B2F9:\ub2f9×4,U+B3C4:\ub3c4×8,U+B41C:\ub41c×2,U+B4F1:\ub4f1×13,U+B780:\ub780×2,U+B7A8:\ub7a8×1,U+B828:\ub828×1,U+B85D:\ub85d×12,U+B9D0:\ub9d0×1,U+BB34:\ubb34×2,U+BBF8:\ubbf8×3,U+BC00:\ubc00×2,U+BD80:\ubd80×6,U+C131:\uc131×5,U+C138:\uc138×1,U+C190:\uc190×1,U+C218:\uc218×2,U+C2A8:\uc2a8×1,U+C54C:\uc54c×1,U+C554:\uc554×1,U+C591:\uc591×2,U+C5C5:\uc5c5×1,U+C5FC:\uc5fc×2,U+C601:\uc601×1,U+C6B0:\uc6b0×3,U+C70C:\uc70c×1,U+C751:\uc751×13,U+C758:\uc758×6,U+C778:\uc778×5,U+C7AC:\uc7ac×1,U+C810:\uc810×23,U+C871:\uc871×1,U+C885:\uc885×3,U+C900:\uc900×3,U+C9C1:\uc9c1×1,U+C9C8:\uc9c8×2,U+CC28:\ucc28×1,U+CCA8:\ucca8×1,U+CD94:\ucd94×2,U+CF5C:\ucf5c×1,U+D130:\ud130×2,U+D504:\ud504×1,U+D559:\ud559×1,U+D55C:\ud55c×1,U+D615:\ud615×2,U+D639:\ud639×1,U+D63C:\ud63c×2,U+D655:\ud655×2,U+D658:\ud658×6	-
